run,t,x,y,heading,speed,turn_rate,left_spin,right_spin,left_encoder,right_encoder,gyro,left_noise,right_noise,gyro_noise,gyro_bias
0,0.00,0.0000,0.0000,0.0000,1.1437,-0.5289,12.6271,10.2470,12.5786,10.4311,-0.5272,0.13051,0.12099,0.01016,0.000629
0,0.02,0.0229,-0.0001,-0.0106,1.1505,-0.5260,12.6889,10.3220,12.5786,10.4311,-0.5121,0.13076,0.12129,0.01016,0.000629
0,0.04,0.0459,-0.0005,-0.0211,1.1574,-0.5229,12.7502,10.3971,12.8854,10.4311,-0.5351,0.13100,0.12159,0.01016,0.000629
0,0.06,0.0690,-0.0011,-0.0316,1.1641,-0.5197,12.8108,10.4722,12.5786,10.4311,-0.5427,0.13124,0.12189,0.01016,0.000629
0,0.08,0.0923,-0.0020,-0.0419,1.1709,-0.5163,12.8708,10.5473,12.8854,10.4311,-0.5231,0.13148,0.12219,0.01015,0.000629
0,0.10,0.1157,-0.0031,-0.0523,1.1776,-0.5128,12.9301,10.6223,12.8854,10.4311,-0.5080,0.13172,0.12249,0.01015,0.000629
0,0.12,0.1392,-0.0044,-0.0625,1.1843,-0.5092,12.9887,10.6973,13.1922,10.7379,-0.4947,0.13195,0.12279,0.01015,0.000629
0,0.14,0.1628,-0.0060,-0.0727,1.1909,-0.5055,13.0467,10.7721,12.8854,10.7379,-0.4957,0.13219,0.12309,0.01015,0.000629
0,0.16,0.1866,-0.0079,-0.0828,1.1975,-0.5016,13.1039,10.8467,13.1922,10.7379,-0.5103,0.13242,0.12339,0.01015,0.000629
0,0.18,0.2104,-0.0100,-0.0929,1.2041,-0.4976,13.1603,10.9212,13.1922,11.0447,-0.5072,0.13264,0.12368,0.01015,0.000629
0,0.20,0.2344,-0.0123,-0.1028,1.2106,-0.4935,13.2160,10.9954,13.1922,11.0447,-0.4873,0.13286,0.12398,0.01015,0.000629
0,0.22,0.2585,-0.0149,-0.1127,1.2170,-0.4892,13.2709,11.0694,13.1922,11.0447,-0.4952,0.13308,0.12428,0.01015,0.000629
0,0.24,0.2826,-0.0178,-0.1225,1.2234,-0.4849,13.3250,11.1431,13.1922,11.3515,-0.4691,0.13330,0.12457,0.01015,0.000629
0,0.26,0.3069,-0.0209,-0.1322,1.2297,-0.4804,13.3783,11.2164,13.1922,11.3515,-0.4661,0.13351,0.12487,0.01014,0.000629
0,0.28,0.3313,-0.0242,-0.1418,1.2360,-0.4758,13.4307,11.2894,13.4990,11.3515,-0.4784,0.13372,0.12516,0.01014,0.000629
0,0.30,0.3557,-0.0278,-0.1513,1.2422,-0.4712,13.4823,11.3620,13.8058,11.6583,-0.4523,0.13393,0.12545,0.01014,0.000629
0,0.32,0.3803,-0.0317,-0.1607,1.2484,-0.4664,13.5330,11.4342,13.8058,11.3515,-0.4780,0.13413,0.12574,0.01014,0.000629
0,0.34,0.4049,-0.0358,-0.1700,1.2544,-0.4615,13.5827,11.5059,13.4990,11.6583,-0.4740,0.13433,0.12602,0.01014,0.000629
0,0.36,0.4296,-0.0402,-0.1793,1.2604,-0.4566,13.6316,11.5770,13.8058,11.6583,-0.4489,0.13453,0.12631,0.01014,0.000629
0,0.38,0.4544,-0.0448,-0.1884,1.2664,-0.4515,13.6795,11.6477,13.4990,11.6583,-0.4553,0.13472,0.12659,0.01014,0.000629
0,0.40,0.4792,-0.0496,-0.1974,1.2722,-0.4464,13.7265,11.7178,13.4990,11.9651,-0.4508,0.13491,0.12687,0.01013,0.000629
0,0.42,0.5042,-0.0547,-0.2064,1.2780,-0.4412,13.7725,11.7873,13.8058,11.6583,-0.4245,0.13509,0.12715,0.01013,0.000629
0,0.44,0.5292,-0.0601,-0.2152,1.2837,-0.4359,13.8176,11.8562,14.1126,11.9651,-0.4576,0.13527,0.12742,0.01013,0.000629
0,0.46,0.5542,-0.0657,-0.2239,1.2893,-0.4305,13.8616,11.9244,13.8058,11.9651,-0.4197,0.13545,0.12770,0.01013,0.000629
0,0.48,0.5793,-0.0715,-0.2325,1.2948,-0.4251,13.9046,11.9919,13.8058,12.2718,-0.4378,0.13562,0.12797,0.01013,0.000629
0,0.50,0.6045,-0.0776,-0.2410,1.3003,-0.4196,13.9466,12.0586,13.8058,12.2718,-0.4184,0.13579,0.12823,0.01013,0.000629
0,0.52,0.6297,-0.0839,-0.2494,1.3056,-0.4140,13.9876,12.1247,14.1126,12.2718,-0.4198,0.13595,0.12850,0.01012,0.000629
0,0.54,0.6550,-0.0904,-0.2577,1.3109,-0.4084,14.0275,12.1899,14.1126,11.9651,-0.4207,0.13611,0.12876,0.01012,0.000629
0,0.56,0.6803,-0.0972,-0.2658,1.3160,-0.4027,14.0663,12.2543,14.1126,12.2718,-0.3889,0.13627,0.12902,0.01012,0.000629
0,0.58,0.7057,-0.1042,-0.2739,1.3211,-0.3969,14.1041,12.3179,14.1126,12.5786,-0.3992,0.13642,0.12927,0.01012,0.000629
0,0.60,0.7311,-0.1115,-0.2818,1.3261,-0.3912,14.1408,12.3805,14.4194,12.2718,-0.3980,0.13656,0.12952,0.01012,0.000629
0,0.62,0.7566,-0.1190,-0.2897,1.3309,-0.3853,14.1764,12.4423,14.1126,12.5786,-0.3831,0.13671,0.12977,0.01012,0.000629
0,0.64,0.7820,-0.1267,-0.2974,1.3357,-0.3795,14.2108,12.5031,14.1126,12.2718,-0.3930,0.13684,0.13001,0.01011,0.000629
0,0.66,0.8076,-0.1346,-0.3050,1.3404,-0.3736,14.2442,12.5630,14.4194,12.5786,-0.3746,0.13698,0.13025,0.01011,0.000629
0,0.68,0.8331,-0.1427,-0.3124,1.3449,-0.3677,14.2764,12.6219,14.1126,12.8854,-0.3800,0.13711,0.13049,0.01011,0.000629
0,0.70,0.8587,-0.1511,-0.3198,1.3494,-0.3617,14.3074,12.6797,14.1126,12.8854,-0.3838,0.13723,0.13072,0.01011,0.000629
0,0.72,0.8843,-0.1597,-0.3270,1.3537,-0.3557,14.3373,12.7365,14.4194,12.5786,-0.3540,0.13735,0.13095,0.01011,0.000629
0,0.74,0.9099,-0.1685,-0.3341,1.3579,-0.3498,14.3661,12.7922,14.4194,12.8854,-0.3421,0.13746,0.13117,0.01010,0.000629
0,0.76,0.9355,-0.1775,-0.3411,1.3620,-0.3438,14.3937,12.8468,14.4194,12.8854,-0.3358,0.13757,0.13139,0.01010,0.000629
0,0.78,0.9611,-0.1867,-0.3480,1.3660,-0.3377,14.4201,12.9002,14.4194,13.1922,-0.3292,0.13768,0.13160,0.01010,0.000629
0,0.80,0.9868,-0.1961,-0.3548,1.3699,-0.3317,14.4453,12.9525,14.4194,12.8854,-0.3455,0.13778,0.13181,0.01010,0.000629
0,0.82,1.0124,-0.2057,-0.3614,1.3737,-0.3257,14.4693,13.0037,14.4194,12.8854,-0.3394,0.13788,0.13201,0.01010,0.000629
0,0.84,1.0381,-0.2155,-0.3679,1.3773,-0.3197,14.4922,13.0536,14.4194,12.8854,-0.3295,0.13797,0.13221,0.01010,0.000629
0,0.86,1.0638,-0.2255,-0.3743,1.3808,-0.3137,14.5138,13.1023,14.4194,13.1922,-0.3094,0.13806,0.13241,0.01009,0.000629
0,0.88,1.0894,-0.2356,-0.3806,1.3842,-0.3077,14.5342,13.1497,14.7262,13.1922,-0.2965,0.13814,0.13260,0.01009,0.000629
0,0.90,1.1151,-0.2460,-0.3867,1.3875,-0.3017,14.5535,13.1959,14.7262,13.4990,-0.3249,0.13821,0.13278,0.01009,0.000629
0,0.92,1.1408,-0.2565,-0.3928,1.3906,-0.2957,14.5715,13.2407,14.7262,13.1922,-0.2908,0.13829,0.13296,0.01009,0.000629
0,0.94,1.1664,-0.2673,-0.3987,1.3936,-0.2898,14.5883,13.2843,14.7262,13.1922,-0.2859,0.13835,0.13314,0.01009,0.000629
0,0.96,1.1921,-0.2782,-0.4045,1.3965,-0.2839,14.6038,13.3265,14.4194,13.1922,-0.2843,0.13842,0.13331,0.01009,0.000629
0,0.98,1.2177,-0.2892,-0.4101,1.3993,-0.2780,14.6182,13.3673,14.4194,13.4990,-0.2803,0.13847,0.13347,0.01008,0.000629
0,1.00,1.2434,-0.3005,-0.4157,1.4019,-0.2721,14.6313,13.4068,14.7262,13.1922,-0.2766,0.13853,0.13363,0.01008,0.000629
0,1.02,1.2690,-0.3118,-0.4211,1.4044,-0.2663,14.6432,13.4449,14.7262,13.1922,-0.2626,0.13857,0.13378,0.01008,0.000629
0,1.04,1.2946,-0.3234,-0.4265,1.4068,-0.2605,14.6539,13.4815,14.7262,13.1922,-0.2841,0.13862,0.13393,0.01008,0.000629
0,1.06,1.3202,-0.3351,-0.4317,1.4090,-0.2548,14.6634,13.5167,14.7262,13.4990,-0.2595,0.13865,0.13407,0.01008,0.000629
0,1.08,1.3458,-0.3470,-0.4368,1.4111,-0.2491,14.6716,13.5505,14.7262,13.8058,-0.2490,0.13869,0.13420,0.01007,0.000629
0,1.10,1.3713,-0.3590,-0.4418,1.4131,-0.2435,14.6786,13.5828,14.7262,13.4990,-0.2263,0.13871,0.13433,0.01007,0.000629
0,1.12,1.3968,-0.3711,-0.4466,1.4149,-0.2379,14.6844,13.6136,14.7262,13.8058,-0.2368,0.13874,0.13445,0.01007,0.000629
0,1.14,1.4223,-0.3834,-0.4514,1.4166,-0.2324,14.6889,13.6430,14.7262,13.8058,-0.2256,0.13876,0.13457,0.01007,0.000629
0,1.16,1.4478,-0.3958,-0.4560,1.4182,-0.2270,14.6923,13.6708,14.7262,13.4990,-0.2160,0.13877,0.13468,0.01007,0.000629
0,1.18,1.4732,-0.4084,-0.4606,1.4196,-0.2216,14.6944,13.6971,14.4194,13.8058,-0.2230,0.13878,0.13479,0.01007,0.000629
0,1.20,1.4986,-0.4210,-0.4650,1.4209,-0.2163,14.6953,13.7219,14.4194,13.8058,-0.2177,0.13878,0.13489,0.01006,0.000629
0,1.22,1.5240,-0.4338,-0.4693,1.4220,-0.2111,14.6950,13.7451,14.7262,13.8058,-0.2153,0.13878,0.13498,0.01006,0.000629
0,1.24,1.5493,-0.4467,-0.4736,1.4230,-0.2059,14.6935,13.7667,15.0330,13.8058,-0.2101,0.13877,0.13507,0.01006,0.000629
0,1.26,1.5746,-0.4598,-0.4777,1.4239,-0.2009,14.6908,13.7868,14.4194,13.4990,-0.1893,0.13876,0.13515,0.01006,0.000629
0,1.28,1.5999,-0.4729,-0.4817,1.4246,-0.1959,14.6869,13.8054,14.7262,13.8058,-0.1787,0.13875,0.13522,0.01006,0.000629
0,1.30,1.6251,-0.4862,-0.4856,1.4252,-0.1910,14.6818,13.8223,14.4194,13.8058,-0.1951,0.13873,0.13529,0.01006,0.000629
0,1.32,1.6503,-0.4995,-0.4894,1.4257,-0.1862,14.6755,13.8376,14.7262,13.8058,-0.1917,0.13870,0.13535,0.01006,0.000629
0,1.34,1.6754,-0.5130,-0.4932,1.4260,-0.1815,14.6681,13.8514,14.4194,13.8058,-0.1728,0.13867,0.13541,0.01005,0.000629
0,1.36,1.7005,-0.5265,-0.4968,1.4261,-0.1769,14.6595,13.8635,14.7262,13.8058,-0.1892,0.13864,0.13545,0.01005,0.000629
0,1.38,1.7256,-0.5402,-0.5003,1.4262,-0.1724,14.6497,13.8741,14.7262,14.1126,-0.1704,0.13860,0.13550,0.01005,0.000629
0,1.40,1.7506,-0.5539,-0.5038,1.4261,-0.1680,14.6388,13.8830,15.0330,13.8058,-0.1615,0.13856,0.13553,0.01005,0.000629
0,1.42,1.7755,-0.5677,-0.5071,1.4258,-0.1637,14.6267,13.8903,14.7262,14.1126,-0.1631,0.13851,0.13556,0.01005,0.000629
0,1.44,1.8004,-0.5816,-0.5104,1.4255,-0.1595,14.6135,13.8959,14.4194,13.8058,-0.1280,0.13845,0.13558,0.01005,0.000629
0,1.46,1.8253,-0.5956,-0.5136,1.4250,-0.1554,14.5992,13.9000,14.7262,13.4990,-0.1613,0.13840,0.13560,0.01005,0.000629
0,1.48,1.8501,-0.6096,-0.5167,1.4243,-0.1514,14.5838,13.9024,14.7262,13.8058,-0.1371,0.13834,0.13561,0.01005,0.000629
0,1.50,1.8748,-0.6237,-0.5197,1.4235,-0.1476,14.5672,13.9032,14.7262,13.8058,-0.1517,0.13827,0.13561,0.01004,0.000629
0,1.52,1.8995,-0.6379,-0.5227,1.4226,-0.1438,14.5496,13.9024,14.4194,13.8058,-0.1580,0.13820,0.13561,0.01004,0.000629
0,1.54,1.9242,-0.6521,-0.5256,1.4215,-0.1402,14.5309,13.9000,14.7262,14.1126,-0.1522,0.13812,0.13560,0.01004,0.000629
0,1.56,1.9487,-0.6664,-0.5284,1.4204,-0.1367,14.5111,13.8959,14.4194,13.8058,-0.1458,0.13804,0.13558,0.01004,0.000629
0,1.58,1.9733,-0.6808,-0.5311,1.4190,-0.1333,14.4903,13.8902,14.1126,13.8058,-0.1197,0.13796,0.13556,0.01004,0.000629
0,1.60,1.9977,-0.6952,-0.5338,1.4176,-0.1301,14.4684,13.8830,14.4194,14.1126,-0.1344,0.13787,0.13553,0.01004,0.000629
0,1.62,2.0221,-0.7096,-0.5364,1.4160,-0.1270,14.4455,13.8741,14.7262,13.8058,-0.1302,0.13778,0.13550,0.01004,0.000629
0,1.64,2.0464,-0.7241,-0.5389,1.4143,-0.1240,14.4216,13.8636,14.7262,13.8058,-0.1356,0.13769,0.13545,0.01004,0.000629
0,1.66,2.0707,-0.7387,-0.5414,1.4124,-0.1212,14.3966,13.8514,14.4194,13.8058,-0.1098,0.13759,0.13541,0.01004,0.000629
0,1.68,2.0949,-0.7533,-0.5438,1.4104,-0.1184,14.3707,13.8378,14.1126,13.8058,-0.1093,0.13748,0.13535,0.01004,0.000629
0,1.70,2.1190,-0.7679,-0.5462,1.4083,-0.1159,14.3438,13.8225,14.1126,13.8058,-0.1236,0.13738,0.13529,0.01003,0.000629
0,1.72,2.1430,-0.7826,-0.5485,1.4061,-0.1134,14.3160,13.8056,14.7262,13.8058,-0.1173,0.13726,0.13522,0.01003,0.000629
0,1.74,2.1670,-0.7972,-0.5508,1.4037,-0.1111,14.2872,13.7872,14.1126,13.8058,-0.1105,0.13715,0.13515,0.01003,0.000629
0,1.76,2.1909,-0.8120,-0.5530,1.4012,-0.1089,14.2575,13.7672,14.4194,13.8058,-0.1102,0.13703,0.13507,0.01003,0.000629
0,1.78,2.2148,-0.8267,-0.5552,1.3986,-0.1069,14.2268,13.7457,14.1126,13.4990,-0.0786,0.13691,0.13498,0.01003,0.000629
0,1.80,2.2385,-0.8415,-0.5573,1.3959,-0.1050,14.1953,13.7227,14.4194,13.4990,-0.1178,0.13678,0.13489,0.01003,0.000629
0,1.82,2.2622,-0.8563,-0.5594,1.3930,-0.1033,14.1629,13.6981,14.1126,13.8058,-0.1023,0.13665,0.13479,0.01003,0.000629
0,1.84,2.2858,-0.8711,-0.5615,1.3901,-0.1017,14.1296,13.6720,14.1126,13.4990,-0.0868,0.13652,0.13469,0.01003,0.000629
0,1.86,2.3093,-0.8859,-0.5635,1.3870,-0.1002,14.0955,13.6444,14.1126,13.4990,-0.1018,0.13638,0.13458,0.01003,0.000629
0,1.88,2.3328,-0.9007,-0.5655,1.3838,-0.0989,14.0606,13.6154,14.1126,13.1922,-0.0972,0.13624,0.13446,0.01003,0.000629
0,1.90,2.3561,-0.9156,-0.5675,1.3805,-0.0978,14.0249,13.5849,13.8058,13.4990,-0.1036,0.13610,0.13434,0.01003,0.000629
0,1.92,2.3794,-0.9305,-0.5694,1.3771,-0.0968,13.9883,13.5529,14.1126,13.4990,-0.1105,0.13595,0.13421,0.01003,0.000629
0,1.94,2.4026,-0.9453,-0.5714,1.3735,-0.0959,13.9510,13.5195,14.1126,13.4990,-0.1049,0.13580,0.13408,0.01003,0.000629
0,1.96,2.4256,-0.9602,-0.5733,1.3699,-0.0952,13.9130,13.4847,14.1126,13.4990,-0.0915,0.13565,0.13394,0.01003,0.000629
0,1.98,2.4486,-0.9751,-0.5752,1.3661,-0.0946,13.8742,13.4485,13.8058,13.4990,-0.0819,0.13550,0.13379,0.01003,0.000629
0,2.00,2.4716,-0.9900,-0.5771,1.3623,-0.0942,13.8347,13.4109,13.8058,13.4990,-0.1314,0.13534,0.13364,0.01003,0.000629
0,2.02,2.4944,-1.0049,-0.5790,1.3583,-0.0939,13.7945,13.3720,13.8058,13.4990,-0.0947,0.13518,0.13349,0.01003,0.000629
0,2.04,2.5171,-1.0197,-0.5809,1.3543,-0.0938,13.7536,13.3317,13.8058,13.1922,-0.0890,0.13501,0.13333,0.01003,0.000629
0,2.06,2.5397,-1.0346,-0.5827,1.3501,-0.0938,13.7121,13.2901,13.8058,13.1922,-0.0808,0.13485,0.13316,0.01003,0.000629
0,2.08,2.5623,-1.0495,-0.5846,1.3459,-0.0939,13.6699,13.2473,13.4990,13.4990,-0.0915,0.13468,0.13299,0.01003,0.000629
0,2.10,2.5847,-1.0644,-0.5865,1.3415,-0.0942,13.6271,13.2031,13.4990,13.1922,-0.1028,0.13451,0.13281,0.01003,0.000629
0,2.12,2.6070,-1.0793,-0.5884,1.3371,-0.0947,13.5838,13.1577,13.8058,13.1922,-0.0996,0.13434,0.13263,0.01003,0.000629
0,2.14,2.6293,-1.0941,-0.5903,1.3325,-0.0953,13.5398,13.1111,13.4990,13.1922,-0.0850,0.13416,0.13244,0.01003,0.000629
0,2.16,2.6514,-1.1090,-0.5922,1.3279,-0.0960,13.4953,13.0633,13.4990,13.1922,-0.0991,0.13398,0.13225,0.01003,0.000629
0,2.18,2.6734,-1.1238,-0.5941,1.3232,-0.0969,13.4503,13.0143,13.4990,12.8854,-0.0933,0.13380,0.13206,0.01003,0.000629
0,2.20,2.6953,-1.1387,-0.5960,1.3184,-0.0979,13.4048,12.9642,13.1922,13.1922,-0.0996,0.13362,0.13186,0.01003,0.000629
0,2.22,2.7171,-1.1535,-0.5980,1.3136,-0.0991,13.3587,12.9130,13.4990,12.8854,-0.0952,0.13343,0.13165,0.01003,0.000629
0,2.24,2.7388,-1.1683,-0.6000,1.3086,-0.1004,13.3123,12.8606,13.1922,12.8854,-0.1168,0.13325,0.13144,0.01003,0.000629
0,2.26,2.7604,-1.1831,-0.6020,1.3036,-0.1018,13.2653,12.8072,13.1922,12.8854,-0.0865,0.13306,0.13123,0.01003,0.000629
0,2.28,2.7819,-1.1979,-0.6040,1.2985,-0.1034,13.2180,12.7528,13.1922,12.5786,-0.1170,0.13287,0.13101,0.01003,0.000629
0,2.30,2.8033,-1.2126,-0.6061,1.2934,-0.1051,13.1702,12.6973,13.1922,12.5786,-0.0875,0.13268,0.13079,0.01003,0.000629
0,2.32,2.8245,-1.2274,-0.6082,1.2881,-0.1069,13.1221,12.6409,13.1922,12.5786,-0.0860,0.13249,0.13056,0.01003,0.000629
0,2.34,2.8456,-1.2421,-0.6103,1.2829,-0.1089,13.0736,12.5835,12.8854,12.5786,-0.0935,0.13229,0.13033,0.01003,0.000629
0,2.36,2.8666,-1.2569,-0.6125,1.2775,-0.1110,13.0248,12.5252,12.8854,12.5786,-0.1082,0.13210,0.13010,0.01003,0.000629
0,2.38,2.8875,-1.2716,-0.6147,1.2721,-0.1133,12.9756,12.4660,13.1922,12.5786,-0.1264,0.13190,0.12986,0.01003,0.000629
0,2.40,2.9083,-1.2863,-0.6170,1.2666,-0.1156,12.9262,12.4059,13.1922,12.5786,-0.1188,0.13170,0.12962,0.01003,0.000629
0,2.42,2.9289,-1.3010,-0.6193,1.2611,-0.1181,12.8765,12.3450,12.8854,12.2718,-0.1162,0.13151,0.12938,0.01004,0.000629
0,2.44,2.9495,-1.3156,-0.6217,1.2555,-0.1207,12.8265,12.2833,12.8854,12.2718,-0.1119,0.13131,0.12913,0.01004,0.000629
0,2.46,2.9699,-1.3303,-0.6241,1.2499,-0.1234,12.7764,12.2208,12.8854,12.2718,-0.1155,0.13111,0.12888,0.01004,0.000629
0,2.48,2.9901,-1.3449,-0.6265,1.2442,-0.1263,12.7260,12.1576,12.8854,11.9651,-0.1317,0.13090,0.12863,0.01004,0.000629
0,2.50,3.0103,-1.3595,-0.6291,1.2385,-0.1293,12.6754,12.0938,12.8854,12.2718,-0.1264,0.13070,0.12838,0.01004,0.000629
0,2.52,3.0303,-1.3741,-0.6316,1.2327,-0.1323,12.6247,12.0292,12.8854,11.9651,-0.1466,0.13050,0.12812,0.01004,0.000629
0,2.54,3.0501,-1.3887,-0.6343,1.2269,-0.1355,12.5739,11.9640,12.5786,11.9651,-0.1429,0.13030,0.12786,0.01004,0.000629
0,2.56,3.0699,-1.4033,-0.6370,1.2211,-0.1388,12.5229,11.8982,12.5786,11.6583,-0.1444,0.13009,0.12759,0.01004,0.000629
0,2.58,3.0895,-1.4178,-0.6398,1.2152,-0.1422,12.4719,11.8318,12.2718,11.9651,-0.1336,0.12989,0.12733,0.01004,0.000629
0,2.60,3.1090,-1.4324,-0.6426,1.2093,-0.1457,12.4208,11.7649,12.2718,11.6583,-0.1509,0.12968,0.12706,0.01004,0.000629
0,2.62,3.1283,-1.4469,-0.6455,1.2034,-0.1493,12.3696,11.6976,12.5786,11.6583,-0.1327,0.12948,0.12679,0.01004,0.000629
0,2.64,3.1475,-1.4614,-0.6485,1.1974,-0.1530,12.3184,11.6297,12.2718,11.6583,-0.1480,0.12927,0.12652,0.01005,0.000629
0,2.66,3.1666,-1.4759,-0.6516,1.1914,-0.1568,12.2672,11.5614,12.2718,11.6583,-0.1707,0.12907,0.12625,0.01005,0.000629
0,2.68,3.1855,-1.4904,-0.6547,1.1854,-0.1607,12.2161,11.4928,12.5786,11.3515,-0.1509,0.12886,0.12597,0.01005,0.000629
0,2.70,3.2043,-1.5048,-0.6579,1.1794,-0.1647,12.1649,11.4237,11.9651,11.6583,-0.1679,0.12866,0.12569,0.01005,0.000629
0,2.72,3.2229,-1.5193,-0.6612,1.1734,-0.1688,12.1139,11.3544,12.2718,11.3515,-0.1571,0.12846,0.12542,0.01005,0.000629
0,2.74,3.2414,-1.5337,-0.6646,1.1674,-0.1729,12.0629,11.2848,11.9651,11.0447,-0.1799,0.12825,0.12514,0.01005,0.000629
0,2.76,3.2598,-1.5482,-0.6681,1.1613,-0.1771,12.0120,11.2149,11.9651,11.0447,-0.1688,0.12805,0.12486,0.01005,0.000629
0,2.78,3.2780,-1.5626,-0.6716,1.1553,-0.1814,11.9612,11.1448,11.9651,11.0447,-0.1958,0.12784,0.12458,0.01005,0.000629
0,2.80,3.2961,-1.5770,-0.6752,1.1493,-0.1858,11.9106,11.0746,11.9651,11.3515,-0.1882,0.12764,0.12430,0.01006,0.000629
0,2.82,3.3140,-1.5914,-0.6790,1.1432,-0.1902,11.8602,11.0042,12.2718,11.0447,-0.2010,0.12744,0.12402,0.01006,0.000629
0,2.84,3.3317,-1.6058,-0.6828,1.1372,-0.1947,11.8099,10.9337,11.6583,11.0447,-0.2035,0.12724,0.12373,0.01006,0.000629
0,2.86,3.3494,-1.6202,-0.6867,1.1312,-0.1993,11.7599,10.8631,11.9651,10.7379,-0.1891,0.12704,0.12345,0.01006,0.000629
0,2.88,3.3668,-1.6346,-0.6906,1.1251,-0.2039,11.7101,10.7925,11.6583,10.7379,-0.1924,0.12684,0.12317,0.01006,0.000629
0,2.90,3.3841,-1.6489,-0.6947,1.1191,-0.2086,11.6605,10.7219,11.3515,10.7379,-0.2086,0.12664,0.12289,0.01006,0.000629
0,2.92,3.4013,-1.6633,-0.6989,1.1131,-0.2133,11.6112,10.6514,11.6583,10.7379,-0.2020,0.12644,0.12261,0.01006,0.000629
0,2.94,3.4183,-1.6776,-0.7032,1.1072,-0.2181,11.5622,10.5809,11.6583,10.7379,-0.2066,0.12625,0.12232,0.01007,0.000629
0,2.96,3.4352,-1.6920,-0.7075,1.1012,-0.2229,11.5135,10.5106,11.6583,10.4311,-0.2212,0.12605,0.12204,0.01007,0.000629
0,2.98,3.4519,-1.7064,-0.7120,1.0953,-0.2277,11.4651,10.4404,11.6583,10.4311,-0.2240,0.12586,0.12176,0.01007,0.000629
0,3.00,3.4684,-1.7207,-0.7165,1.0894,-0.2326,11.4171,10.3704,11.3515,10.4311,-0.2330,0.12567,0.12148,0.01007,0.000629
0,3.02,3.4848,-1.7351,-0.7212,1.0835,-0.2375,11.3694,10.3007,11.3515,10.1243,-0.2459,0.12548,0.12120,0.01007,0.000629
0,3.04,3.5011,-1.7494,-0.7259,1.0777,-0.2424,11.3222,10.2312,11.3515,10.1243,-0.2339,0.12529,0.12092,0.01007,0.000629
0,3.06,3.5172,-1.7637,-0.7308,1.0719,-0.2474,11.2753,10.1620,11.0447,9.8175,-0.2573,0.12510,0.12065,0.01007,0.000629
0,3.08,3.5331,-1.7781,-0.7357,1.0661,-0.2524,11.2288,10.0931,11.3515,10.1243,-0.2484,0.12492,0.12037,0.01008,0.000629
0,3.10,3.5489,-1.7924,-0.7408,1.0604,-0.2574,11.1828,10.0246,11.0447,10.1243,-0.2598,0.12473,0.12010,0.01008,0.000629
0,3.12,3.5645,-1.8068,-0.7459,1.0547,-0.2624,11.1372,9.9565,11.0447,9.5107,-0.2704,0.12455,0.11983,0.01008,0.000629
0,3.14,3.5799,-1.8211,-0.7512,1.0490,-0.2674,11.0921,9.8888,11.0447,10.1243,-0.2651,0.12437,0.11956,0.01008,0.000629
0,3.16,3.5952,-1.8355,-0.7565,1.0435,-0.2724,11.0475,9.8217,11.3515,9.8175,-0.2743,0.12419,0.11929,0.01008,0.000629
0,3.18,3.6104,-1.8499,-0.7620,1.0379,-0.2774,11.0034,9.7550,10.4311,9.8175,-0.2713,0.12401,0.11902,0.01008,0.000629
0,3.20,3.6253,-1.8642,-0.7675,1.0324,-0.2824,10.9598,9.6889,11.0447,9.5107,-0.2809,0.12384,0.11876,0.01008,0.000629
0,3.22,3.6402,-1.8786,-0.7732,1.0270,-0.2874,10.9168,9.6233,10.7379,9.5107,-0.2940,0.12367,0.11849,0.01009,0.000629
0,3.24,3.6548,-1.8930,-0.7789,1.0216,-0.2924,10.8743,9.5584,10.7379,9.8175,-0.2918,0.12350,0.11823,0.01009,0.000629
0,3.26,3.6693,-1.9074,-0.7848,1.0163,-0.2974,10.8323,9.4941,10.7379,9.5107,-0.2946,0.12333,0.11798,0.01009,0.000629
0,3.28,3.6836,-1.9218,-0.7907,1.0111,-0.3023,10.7910,9.4305,10.7379,9.5107,-0.3207,0.12316,0.11772,0.01009,0.000629
0,3.30,3.6978,-1.9362,-0.7968,1.0059,-0.3072,10.7502,9.3676,10.7379,9.5107,-0.3201,0.12300,0.11747,0.01009,0.000629
0,3.32,3.7118,-1.9507,-0.8029,1.0008,-0.3121,10.7101,9.3055,10.7379,9.5107,-0.3069,0.12284,0.11722,0.01009,0.000629
0,3.34,3.7257,-1.9651,-0.8091,0.9957,-0.3170,10.6705,9.2441,10.4311,9.2039,-0.3039,0.12268,0.11698,0.01010,0.000629
0,3.36,3.7394,-1.9796,-0.8155,0.9908,-0.3218,10.6317,9.1836,10.7379,9.2039,-0.3167,0.12253,0.11673,0.01010,0.000629
0,3.38,3.7529,-1.9940,-0.8219,0.9859,-0.3266,10.5934,9.1239,10.7379,8.8971,-0.3289,0.12237,0.11650,0.01010,0.000629
0,3.40,3.7663,-2.0085,-0.8284,0.9810,-0.3313,10.5558,9.0650,10.4311,8.8971,-0.3320,0.12222,0.11626,0.01010,0.000629
0,3.42,3.7795,-2.0230,-0.8351,0.9763,-0.3360,10.5189,9.0071,10.7379,8.8971,-0.3159,0.12208,0.11603,0.01010,0.000629
0,3.44,3.7926,-2.0375,-0.8418,0.9716,-0.3406,10.4827,8.9501,10.7379,8.8971,-0.3414,0.12193,0.11580,0.01010,0.000629
0,3.46,3.8055,-2.0521,-0.8486,0.9671,-0.3452,10.4472,8.8940,10.4311,8.8971,-0.3520,0.12179,0.11558,0.01010,0.000629
0,3.48,3.8182,-2.0666,-0.8555,0.9626,-0.3497,10.4124,8.8389,10.4311,8.8971,-0.3542,0.12165,0.11536,0.01010,0.000629
0,3.50,3.8308,-2.0812,-0.8625,0.9582,-0.3541,10.3783,8.7849,10.7379,8.8971,-0.3545,0.12151,0.11514,0.01011,0.000629
0,3.52,3.8432,-2.0958,-0.8696,0.9538,-0.3585,10.3450,8.7319,10.4311,8.8971,-0.3541,0.12138,0.11493,0.01011,0.000629
0,3.54,3.8555,-2.1104,-0.8768,0.9496,-0.3627,10.3123,8.6800,10.1243,8.8971,-0.3539,0.12125,0.11472,0.01011,0.000629
0,3.56,3.8676,-2.1251,-0.8840,0.9455,-0.3670,10.2805,8.6291,10.1243,8.5903,-0.3626,0.12112,0.11452,0.01011,0.000629
0,3.58,3.8795,-2.1397,-0.8913,0.9414,-0.3711,10.2494,8.5794,10.1243,8.2835,-0.3733,0.12100,0.11432,0.01011,0.000629
0,3.60,3.8913,-2.1544,-0.8988,0.9375,-0.3751,10.2190,8.5309,10.1243,8.5903,-0.3717,0.12088,0.11412,0.01011,0.000629
0,3.62,3.9029,-2.1691,-0.9063,0.9336,-0.3791,10.1894,8.4835,10.4311,8.2835,-0.3787,0.12076,0.11393,0.01011,0.000629
0,3.64,3.9143,-2.1839,-0.9139,0.9299,-0.3830,10.1607,8.4373,10.1243,8.5903,-0.3812,0.12064,0.11375,0.01011,0.000629
0,3.66,3.9257,-2.1987,-0.9215,0.9263,-0.3867,10.1327,8.3923,10.1243,8.2835,-0.3825,0.12053,0.11357,0.01012,0.000629
0,3.68,3.9368,-2.2135,-0.9292,0.9227,-0.3904,10.1055,8.3486,10.1243,8.2835,-0.3880,0.12042,0.11339,0.01012,0.000629
0,3.70,3.9478,-2.2283,-0.9371,0.9193,-0.3940,10.0791,8.3062,10.1243,7.9767,-0.3837,0.12032,0.11322,0.01012,0.000629
0,3.72,3.9586,-2.2431,-0.9449,0.9159,-0.3974,10.0535,8.2650,10.1243,8.2835,-0.4006,0.12021,0.11306,0.01012,0.000629
0,3.74,3.9693,-2.2580,-0.9529,0.9127,-0.4008,10.0287,8.2252,10.1243,8.2835,-0.4018,0.12011,0.11290,0.01012,0.000629
0,3.76,3.9798,-2.2730,-0.9609,0.9096,-0.4040,10.0048,8.1867,10.1243,8.2835,-0.3980,0.12002,0.11275,0.01012,0.000629
0,3.78,3.9902,-2.2879,-0.9690,0.9066,-0.4071,9.9817,8.1495,10.1243,7.9767,-0.3987,0.11993,0.11260,0.01012,0.000629
0,3.80,4.0004,-2.3029,-0.9771,0.9037,-0.4102,9.9594,8.1137,9.8175,8.2835,-0.4197,0.11984,0.11245,0.01012,0.000629
0,3.82,4.0104,-2.3179,-0.9853,0.9009,-0.4130,9.9379,8.0793,9.8175,8.2835,-0.4144,0.11975,0.11232,0.01012,0.000629
0,3.84,4.0203,-2.3330,-0.9936,0.8982,-0.4158,9.9173,8.0463,9.8175,7.9767,-0.4221,0.11967,0.11219,0.01012,0.000629
0,3.86,4.0300,-2.3481,-1.0019,0.8956,-0.4184,9.8975,8.0147,10.1243,7.9767,-0.4193,0.11959,0.11206,0.01013,0.000629
0,3.88,4.0396,-2.3632,-1.0103,0.8932,-0.4209,9.8786,7.9845,9.8175,7.9767,-0.4284,0.11951,0.11194,0.01013,0.000629
0,3.90,4.0491,-2.3784,-1.0187,0.8908,-0.4233,9.8605,7.9558,9.8175,7.9767,-0.4331,0.11944,0.11182,0.01013,0.000629
0,3.92,4.0583,-2.3936,-1.0272,0.8886,-0.4255,9.8432,7.9286,9.8175,7.6699,-0.4305,0.11937,0.11171,0.01013,0.000629
0,3.94,4.0675,-2.4088,-1.0357,0.8865,-0.4276,9.8269,7.9028,9.8175,7.6699,-0.4203,0.11931,0.11161,0.01013,0.000629
0,3.96,4.0764,-2.4241,-1.0442,0.8845,-0.4295,9.8113,7.8785,9.8175,7.6699,-0.4443,0.11925,0.11151,0.01013,0.000629
0,3.98,4.0853,-2.4394,-1.0528,0.8826,-0.4313,9.7966,7.8558,9.5107,7.9767,-0.4424,0.11919,0.11142,0.01013,0.000629
0,4.00,4.0939,-2.4548,-1.0614,0.8809,-0.4329,9.7828,7.8345,9.5107,7.6699,-0.4092,0.11913,0.11134,0.01013,0.000629
0,4.02,4.1025,-2.4702,-1.0701,0.8792,-0.4344,9.7698,7.8148,9.8175,7.9767,-0.4317,0.11908,0.11126,0.01013,0.000629
0,4.04,4.1108,-2.4857,-1.0788,0.8777,-0.4358,9.7576,7.7966,9.8175,7.6699,-0.4395,0.11903,0.11119,0.01013,0.000629
0,4.06,4.1191,-2.5012,-1.0875,0.8763,-0.4370,9.7463,7.7799,9.8175,7.6699,-0.4383,0.11899,0.11112,0.01013,0.000629
0,4.08,4.1271,-2.5168,-1.0962,0.8750,-0.4380,9.7359,7.7648,9.5107,7.6699,-0.4452,0.11894,0.11106,0.01013,0.000629
0,4.10,4.1351,-2.5324,-1.1050,0.8739,-0.4389,9.7263,7.7513,9.5107,7.6699,-0.4334,0.11891,0.11101,0.01013,0.000629
0,4.12,4.1429,-2.5480,-1.1138,0.8728,-0.4396,9.7175,7.7393,9.8175,7.9767,-0.4380,0.11887,0.11096,0.01013,0.000629
0,4.14,4.1505,-2.5637,-1.1226,0.8719,-0.4402,9.7096,7.7289,9.8175,7.9767,-0.4465,0.11884,0.11092,0.01013,0.000629
0,4.16,4.1580,-2.5795,-1.1314,0.8711,-0.4405,9.7025,7.7201,9.5107,7.6699,-0.4578,0.11881,0.11088,0.01013,0.000629
0,4.18,4.1653,-2.5953,-1.1402,0.8705,-0.4408,9.6963,7.7128,9.5107,7.6699,-0.4545,0.11879,0.11085,0.01013,0.000629
0,4.20,4.1725,-2.6111,-1.1490,0.8699,-0.4408,9.6908,7.7071,9.8175,7.9767,-0.4365,0.11876,0.11083,0.01013,0.000629
0,4.22,4.1796,-2.6270,-1.1578,0.8695,-0.4407,9.6862,7.7030,9.8175,7.6699,-0.4225,0.11874,0.11081,0.01013,0.000629
0,4.24,4.1865,-2.6430,-1.1666,0.8691,-0.4404,9.6825,7.7005,9.8175,7.9767,-0.4405,0.11873,0.11080,0.01013,0.000629
0,4.26,4.1932,-2.6590,-1.1754,0.8690,-0.4400,9.6795,7.6996,9.5107,7.6699,-0.4455,0.11872,0.11080,0.01013,0.000629
0,4.28,4.1999,-2.6751,-1.1842,0.8689,-0.4394,9.6773,7.7002,9.5107,7.6699,-0.4620,0.11871,0.11080,0.01013,0.000629
0,4.30,4.2063,-2.6912,-1.1930,0.8689,-0.4386,9.6760,7.7025,9.8175,7.6699,-0.4390,0.11870,0.11081,0.01013,0.000629
0,4.32,4.2127,-2.7074,-1.2018,0.8691,-0.4376,9.6754,7.7063,9.8175,7.6699,-0.4424,0.11870,0.11083,0.01013,0.000629
0,4.34,4.2189,-2.7236,-1.2105,0.8694,-0.4364,9.6756,7.7117,9.8175,7.6699,-0.4259,0.11870,0.11085,0.01013,0.000629
0,4.36,4.2249,-2.7399,-1.2193,0.8698,-0.4351,9.6766,7.7186,9.5107,7.6699,-0.4414,0.11871,0.11087,0.01013,0.000629
0,4.38,4.2309,-2.7563,-1.2280,0.8703,-0.4336,9.6784,7.7271,9.5107,7.6699,-0.4390,0.11871,0.11091,0.01013,0.000629
0,4.40,4.2366,-2.7727,-1.2366,0.8709,-0.4319,9.6809,7.7372,9.8175,7.9767,-0.4484,0.11872,0.11095,0.01013,0.000629
0,4.42,4.2423,-2.7892,-1.2453,0.8717,-0.4301,9.6842,7.7489,9.5107,7.9767,-0.4309,0.11874,0.11100,0.01013,0.000629
0,4.44,4.2478,-2.8057,-1.2539,0.8725,-0.4280,9.6883,7.7621,9.8175,7.6699,-0.4241,0.11875,0.11105,0.01013,0.000629
0,4.46,4.2532,-2.8223,-1.2624,0.8735,-0.4258,9.6930,7.7768,9.8175,7.6699,-0.4219,0.11877,0.11111,0.01013,0.000629
0,4.48,4.2584,-2.8390,-1.2710,0.8746,-0.4234,9.6985,7.7931,9.5107,7.6699,-0.4086,0.11879,0.11117,0.01013,0.000629
0,4.50,4.2635,-2.8557,-1.2794,0.8758,-0.4209,9.7048,7.8108,9.8175,7.6699,-0.4207,0.11882,0.11124,0.01013,0.000629
0,4.52,4.2684,-2.8725,-1.2878,0.8771,-0.4181,9.7117,7.8301,9.8175,7.6699,-0.4276,0.11885,0.11132,0.01013,0.000629
0,4.54,4.2733,-2.8894,-1.2962,0.8785,-0.4152,9.7193,7.8509,9.8175,7.9767,-0.4060,0.11888,0.11140,0.01012,0.000629
0,4.56,4.2780,-2.9063,-1.3045,0.8800,-0.4121,9.7277,7.8732,9.5107,7.9767,-0.4080,0.11891,0.11149,0.01012,0.000629
0,4.58,4.2825,-2.9233,-1.3128,0.8817,-0.4088,9.7367,7.8969,9.8175,7.9767,-0.4163,0.11895,0.11159,0.01012,0.000629
0,4.60,4.2870,-2.9404,-1.3209,0.8834,-0.4054,9.7463,7.9222,9.5107,7.6699,-0.3882,0.11899,0.11169,0.01012,0.000629
0,4.62,4.2913,-2.9575,-1.3290,0.8853,-0.4017,9.7567,7.9488,9.8175,7.9767,-0.4042,0.11903,0.11180,0.01012,0.000629
0,4.64,4.2954,-2.9747,-1.3371,0.8872,-0.3979,9.7676,7.9769,9.8175,7.9767,-0.4105,0.11907,0.11191,0.01012,0.000629
0,4.66,4.2995,-2.9920,-1.3450,0.8893,-0.3940,9.7792,8.0064,9.8175,7.9767,-0.4188,0.11912,0.11203,0.01012,0.000629
0,4.68,4.3034,-3.0093,-1.3529,0.8914,-0.3898,9.7914,8.0373,9.8175,7.9767,-0.3843,0.11917,0.11215,0.01012,0.000629
0,4.70,4.3072,-3.0268,-1.3607,0.8937,-0.3855,9.8042,8.0696,9.8175,7.9767,-0.3860,0.11922,0.11228,0.01012,0.000629
0,4.72,4.3108,-3.0442,-1.3684,0.8960,-0.3810,9.8176,8.1032,9.8175,7.9767,-0.3841,0.11927,0.11241,0.01011,0.000629
0,4.74,4.3144,-3.0618,-1.3760,0.8985,-0.3763,9.8316,8.1382,10.1243,7.9767,-0.3792,0.11933,0.11255,0.01011,0.000629
0,4.76,4.3178,-3.0795,-1.3836,0.9010,-0.3715,9.8461,8.1745,9.5107,8.2835,-0.3625,0.11938,0.11270,0.01011,0.000629
0,4.78,4.3211,-3.0972,-1.3910,0.9037,-0.3665,9.8612,8.2121,9.8175,8.2835,-0.3614,0.11944,0.11285,0.01011,0.000629
0,4.80,4.3242,-3.1150,-1.3983,0.9064,-0.3613,9.8768,8.2510,9.8175,8.2835,-0.3634,0.11951,0.11300,0.01011,0.000629
0,4.82,4.3273,-3.1328,-1.4055,0.9092,-0.3560,9.8929,8.2912,10.1243,8.2835,-0.3701,0.11957,0.11316,0.01011,0.000629
0,4.84,4.3302,-3.1508,-1.4127,0.9121,-0.3505,9.9096,8.3326,10.1243,8.5903,-0.3595,0.11964,0.11333,0.01011,0.000629
0,4.86,4.3330,-3.1688,-1.4197,0.9151,-0.3448,9.9267,8.3752,9.8175,8.2835,-0.3480,0.11971,0.11350,0.01010,0.000629
0,4.88,4.3357,-3.1869,-1.4266,0.9182,-0.3390,9.9443,8.4190,9.8175,8.2835,-0.3411,0.11978,0.11368,0.01010,0.000629
0,4.90,4.3383,-3.2051,-1.4334,0.9213,-0.3330,9.9624,8.4639,9.8175,8.2835,-0.3443,0.11985,0.11386,0.01010,0.000629
0,4.92,4.3407,-3.2234,-1.4400,0.9245,-0.3269,9.9809,8.5100,9.8175,8.2835,-0.3139,0.11992,0.11404,0.01010,0.000629
0,4.94,4.3431,-3.2417,-1.4466,0.9279,-0.3206,9.9998,8.5572,10.1243,8.2835,-0.3260,0.12000,0.11423,0.01010,0.000629
0,4.96,4.3453,-3.2601,-1.4530,0.9312,-0.3141,10.0192,8.6055,9.8175,8.5903,-0.3281,0.12008,0.11442,0.01009,0.000629
0,4.98,4.3475,-3.2786,-1.4592,0.9347,-0.3076,10.0389,8.6549,10.1243,8.5903,-0.3022,0.12016,0.11462,0.01009,0.000629
0,5.00,4.3495,-3.2972,-1.4654,0.9382,-0.3008,10.0590,8.7053,10.1243,8.8971,-0.3185,0.12024,0.11482,0.01009,0.000629
0,5.02,4.3514,-3.3159,-1.4714,0.9418,-0.2940,10.0795,8.7567,10.4311,8.8971,-0.2876,0.12032,0.11503,0.01009,0.000629
0,5.04,4.3532,-3.3346,-1.4773,0.9455,-0.2870,10.1004,8.8091,10.4311,8.8971,-0.2780,0.12040,0.11524,0.01009,0.000629
0,5.06,4.3549,-3.3535,-1.4830,0.9492,-0.2798,10.1215,8.8624,10.1243,8.8971,-0.2775,0.12049,0.11545,0.01008,0.000629
0,5.08,4.3565,-3.3724,-1.4886,0.9530,-0.2725,10.1430,8.9167,10.1243,9.2039,-0.2750,0.12057,0.11567,0.01008,0.000629
0,5.10,4.3581,-3.3914,-1.4941,0.9568,-0.2651,10.1648,8.9718,10.1243,8.8971,-0.2721,0.12066,0.11589,0.01008,0.000629
0,5.12,4.3595,-3.4105,-1.4994,0.9607,-0.2576,10.1868,9.0278,10.1243,9.2039,-0.2534,0.12075,0.11611,0.01008,0.000629
0,5.14,4.3608,-3.4296,-1.5045,0.9647,-0.2499,10.2091,9.0846,9.8175,9.2039,-0.2528,0.12084,0.11634,0.01007,0.000629
0,5.16,4.3620,-3.4489,-1.5095,0.9687,-0.2421,10.2316,9.1423,10.1243,9.2039,-0.2358,0.12093,0.11657,0.01007,0.000629
0,5.18,4.3632,-3.4682,-1.5144,0.9728,-0.2342,10.2544,9.2006,10.1243,9.5107,-0.2457,0.12102,0.11680,0.01007,0.000629
0,5.20,4.3642,-3.4876,-1.5191,0.9769,-0.2261,10.2774,9.2598,10.1243,9.2039,-0.2112,0.12111,0.11704,0.01007,0.000629
0,5.22,4.3652,-3.5072,-1.5236,0.9810,-0.2180,10.3006,9.3196,10.4311,9.2039,-0.2180,0.12120,0.11728,0.01007,0.000629
0,5.24,4.3661,-3.5268,-1.5279,0.9852,-0.2097,10.3239,9.3801,10.1243,9.2039,-0.2156,0.12130,0.11752,0.01006,0.000629
0,5.26,4.3669,-3.5464,-1.5321,0.9894,-0.2014,10.3474,9.4412,10.4311,9.5107,-0.2114,0.12139,0.11776,0.01006,0.000629
0,5.28,4.3676,-3.5662,-1.5362,0.9937,-0.1929,10.3710,9.5029,10.4311,9.5107,-0.2032,0.12148,0.11801,0.01006,0.000629
0,5.30,4.3682,-3.5861,-1.5400,0.9980,-0.1844,10.3948,9.5652,10.4311,9.5107,-0.1967,0.12158,0.11826,0.01006,0.000629
0,5.32,4.3688,-3.6060,-1.5437,1.0023,-0.1757,10.4186,9.6280,10.4311,9.5107,-0.1687,0.12167,0.11851,0.01005,0.000629
0,5.34,4.3693,-3.6261,-1.5472,1.0067,-0.1669,10.4425,9.6913,10.4311,9.8175,-0.1692,0.12177,0.11877,0.01005,0.000629
0,5.36,4.3698,-3.6462,-1.5506,1.0111,-0.1581,10.4665,9.7551,10.4311,9.8175,-0.1575,0.12187,0.11902,0.01005,0.000629
0,5.38,4.3701,-3.6664,-1.5537,1.0155,-0.1492,10.4906,9.8193,10.4311,9.8175,-0.1410,0.12196,0.11928,0.01004,0.000629
0,5.40,4.3705,-3.6867,-1.5567,1.0199,-0.1402,10.5146,9.8839,10.4311,10.1243,-0.1459,0.12206,0.11954,0.01004,0.000629
0,5.42,4.3707,-3.7071,-1.5595,1.0244,-0.1311,10.5387,9.9488,10.7379,9.8175,-0.1281,0.12215,0.11980,0.01004,0.000629
0,5.44,4.3709,-3.7276,-1.5621,1.0288,-0.1219,10.5628,10.0141,10.4311,10.1243,-0.1195,0.12225,0.12006,0.01004,0.000629
0,5.46,4.3711,-3.7482,-1.5646,1.0333,-0.1127,10.5868,10.0796,10.7379,9.8175,-0.1170,0.12235,0.12032,0.01003,0.000629
0,5.48,4.3712,-3.7689,-1.5668,1.0378,-0.1034,10.6108,10.1454,10.4311,10.1243,-0.1097,0.12244,0.12058,0.01003,0.000629
0,5.50,4.3712,-3.7896,-1.5689,1.0423,-0.0941,10.6347,10.2114,10.7379,10.1243,-0.0939,0.12254,0.12085,0.01003,0.000629
0,5.52,4.3713,-3.8105,-1.5708,1.0468,-0.0847,10.6586,10.2776,10.7379,10.4311,-0.0753,0.12263,0.12111,0.01003,0.000629
0,5.54,4.3712,-3.8314,-1.5725,1.0513,-0.0752,10.6823,10.3439,10.4311,10.4311,-0.0753,0.12273,0.12138,0.01002,0.000629
0,5.56,4.3712,-3.8524,-1.5740,1.0558,-0.0657,10.7060,10.4103,10.7379,10.4311,-0.0652,0.12282,0.12164,0.01002,0.000629
0,5.58,4.3711,-3.8735,-1.5753,1.0603,-0.0561,10.7295,10.4768,10.7379,10.4311,-0.0647,0.12292,0.12191,0.01002,0.000629
0,5.60,4.3710,-3.8947,-1.5764,1.0648,-0.0466,10.7528,10.5433,10.7379,10.4311,-0.0455,0.12301,0.12217,0.01001,0.000629
0,5.62,4.3709,-3.9160,-1.5773,1.0693,-0.0369,10.7760,10.6098,10.7379,10.7379,-0.0294,0.12310,0.12244,0.01001,0.000629
0,5.64,4.3707,-3.9374,-1.5781,1.0738,-0.0273,10.7990,10.6763,11.0447,11.0447,-0.0272,0.12320,0.12271,0.01001,0.000629
0,5.66,4.3706,-3.9589,-1.5786,1.0782,-0.0176,10.8218,10.7427,11.0447,10.7379,-0.0130,0.12329,0.12297,0.01001,0.000629
0,5.68,4.3704,-3.9805,-1.5790,1.0827,-0.0079,10.8444,10.8089,10.7379,10.7379,-0.0007,0.12338,0.12324,0.01000,0.000629
0,5.70,4.3702,-4.0021,-1.5791,1.0871,0.0019,10.8667,10.8751,10.7379,10.7379,0.0078,0.12347,0.12350,0.01000,0.000629
0,5.72,4.3700,-4.0239,-1.5791,1.0915,0.0116,10.8888,10.9410,11.0447,10.7379,-0.0058,0.12356,0.12376,0.01000,0.000629
0,5.74,4.3699,-4.0457,-1.5789,1.0959,0.0214,10.9106,11.0067,10.7379,11.0447,0.0237,0.12364,0.12403,0.01001,0.000629
0,5.76,4.3697,-4.0676,-1.5784,1.1002,0.0311,10.9321,11.0721,11.0447,11.3515,0.0415,0.12373,0.12429,0.01001,0.000629
0,5.78,4.3695,-4.0896,-1.5778,1.1045,0.0409,10.9533,11.1372,11.0447,11.0447,0.0380,0.12381,0.12455,0.01001,0.000629
0,5.80,4.3694,-4.1117,-1.5770,1.1088,0.0506,10.9742,11.2020,11.0447,11.0447,0.0355,0.12390,0.12481,0.01002,0.000629
0,5.82,4.3693,-4.1339,-1.5760,1.1131,0.0604,10.9947,11.2664,11.0447,11.3515,0.0591,0.12398,0.12507,0.01002,0.000629
0,5.84,4.3692,-4.1561,-1.5748,1.1173,0.0701,11.0149,11.3304,11.0447,11.3515,0.0654,0.12406,0.12532,0.01002,0.000629
0,5.86,4.3691,-4.1785,-1.5734,1.1214,0.0798,11.0347,11.3940,11.0447,11.3515,0.0781,0.12414,0.12558,0.01002,0.000629
0,5.88,4.3690,-4.2009,-1.5718,1.1256,0.0895,11.0542,11.4571,11.0447,11.6583,0.0944,0.12422,0.12583,0.01003,0.000629
0,5.90,4.3690,-4.2234,-1.5700,1.1296,0.0992,11.0732,11.5197,11.0447,11.3515,0.1067,0.12429,0.12608,0.01003,0.000629
0,5.92,4.3691,-4.2460,-1.5680,1.1337,0.1089,11.0918,11.5817,11.0447,11.6583,0.1080,0.12437,0.12633,0.01003,0.000629
0,5.94,4.3692,-4.2687,-1.5658,1.1377,0.1185,11.1100,11.6432,11.0447,11.6583,0.1002,0.12444,0.12657,0.01004,0.000629
0,5.96,4.3693,-4.2914,-1.5634,1.1416,0.1281,11.1277,11.7040,11.0447,11.9651,0.1231,0.12451,0.12682,0.01004,0.000629
0,5.98,4.3695,-4.3143,-1.5609,1.1455,0.1376,11.1450,11.7642,11.3515,11.6583,0.1312,0.12458,0.12706,0.01004,0.000629
0,6.00,4.3698,-4.3372,-1.5581,1.1493,0.1471,11.1618,11.8237,11.3515,11.9651,0.1301,0.12465,0.12729,0.01004,0.000629
0,6.02,4.3701,-4.3602,-1.5552,1.1530,0.1565,11.1781,11.8825,11.3515,11.6583,0.1554,0.12471,0.12753,0.01005,0.000629
0,6.04,4.3705,-4.3832,-1.5521,1.1567,0.1659,11.1939,11.9406,11.3515,11.9651,0.1778,0.12478,0.12776,0.01005,0.000629
0,6.06,4.3710,-4.4063,-1.5487,1.1604,0.1753,11.2092,11.9979,11.3515,11.6583,0.1711,0.12484,0.12799,0.01005,0.000629
0,6.08,4.3715,-4.4295,-1.5452,1.1639,0.1845,11.2240,12.0543,11.3515,11.9651,0.1830,0.12490,0.12822,0.01006,0.000629
0,6.10,4.3721,-4.4528,-1.5415,1.1674,0.1937,11.2382,12.1099,11.3515,12.2718,0.1851,0.12495,0.12844,0.01006,0.000629
0,6.12,4.3729,-4.4761,-1.5377,1.1708,0.2029,11.2518,12.1647,11.3515,11.9651,0.1913,0.12501,0.12866,0.01006,0.000629
0,6.14,4.3737,-4.4996,-1.5336,1.1742,0.2119,11.2649,12.2185,11.0447,12.2718,0.2123,0.12506,0.12887,0.01006,0.000629
0,6.16,4.3746,-4.5230,-1.5294,1.1774,0.2209,11.2774,12.2715,11.3515,12.2718,0.2197,0.12511,0.12909,0.01007,0.000629
0,6.18,4.3756,-4.5465,-1.5250,1.1806,0.2298,11.2893,12.3234,11.0447,12.2718,0.2288,0.12516,0.12929,0.01007,0.000629
0,6.20,4.3768,-4.5701,-1.5204,1.1838,0.2386,11.3006,12.3744,11.0447,12.5786,0.2643,0.12520,0.12950,0.01007,0.000629
0,6.22,4.3780,-4.5938,-1.5156,1.1868,0.2473,11.3113,12.4243,11.3515,12.2718,0.2452,0.12525,0.12970,0.01007,0.000629
0,6.24,4.3794,-4.6175,-1.5106,1.1897,0.2560,11.3214,12.4732,11.0447,12.2718,0.2617,0.12529,0.12989,0.01008,0.000629
0,6.26,4.3809,-4.6412,-1.5055,1.1926,0.2645,11.3308,12.5210,11.3515,12.2718,0.2681,0.12532,0.13008,0.01008,0.000629
0,6.28,4.3825,-4.6650,-1.5002,1.1954,0.2729,11.3396,12.5677,11.3515,12.8854,0.2665,0.12536,0.13027,0.01008,0.000629
0,6.30,4.3843,-4.6889,-1.4948,1.1981,0.2813,11.3477,12.6133,11.3515,12.5786,0.2524,0.12539,0.13045,0.01008,0.000629
0,6.32,4.3861,-4.7127,-1.4892,1.2006,0.2895,11.3551,12.6578,11.3515,12.5786,0.2855,0.12542,0.13063,0.01009,0.000629
0,6.34,4.3882,-4.7367,-1.4834,1.2031,0.2976,11.3619,12.7010,11.0447,12.5786,0.2904,0.12545,0.13080,0.01009,0.000629
0,6.36,4.3903,-4.7606,-1.4774,1.2056,0.3056,11.3680,12.7431,11.3515,12.5786,0.3034,0.12547,0.13097,0.01009,0.000629
0,6.38,4.3927,-4.7846,-1.4713,1.2079,0.3135,11.3734,12.7839,11.3515,12.8854,0.2884,0.12549,0.13114,0.01009,0.000629
0,6.40,4.3951,-4.8087,-1.4650,1.2101,0.3212,11.3780,12.8235,11.3515,12.8854,0.3182,0.12551,0.13129,0.01010,0.000629
0,6.42,4.3978,-4.8327,-1.4586,1.2122,0.3289,11.3820,12.8618,11.0447,12.8854,0.3329,0.12553,0.13145,0.01010,0.000629
0,6.44,4.4006,-4.8568,-1.4520,1.2142,0.3364,11.3852,12.8989,11.3515,12.8854,0.3295,0.12554,0.13160,0.01010,0.000629
0,6.46,4.4035,-4.8809,-1.4453,1.2161,0.3437,11.3877,12.9346,11.3515,12.8854,0.3250,0.12555,0.13174,0.01010,0.000629
0,6.48,4.4067,-4.9050,-1.4384,1.2179,0.3510,11.3895,12.9690,11.3515,12.8854,0.3465,0.12556,0.13188,0.01011,0.000629
0,6.50,4.4100,-4.9292,-1.4314,1.2196,0.3581,11.3905,13.0020,11.3515,12.8854,0.3678,0.12556,0.13201,0.01011,0.000629
0,6.52,4.4134,-4.9533,-1.4242,1.2212,0.3651,11.3908,13.0337,11.6583,13.1922,0.3515,0.12556,0.13213,0.01011,0.000629
0,6.54,4.4171,-4.9775,-1.4169,1.2227,0.3719,11.3903,13.0639,11.0447,13.1922,0.3733,0.12556,0.13226,0.01011,0.000629
0,6.56,4.4209,-5.0016,-1.4095,1.2241,0.3786,11.3891,13.0928,11.3515,13.1922,0.3715,0.12556,0.13237,0.01011,0.000629
0,6.58,4.4249,-5.0258,-1.4019,1.2254,0.3852,11.3871,13.1203,11.3515,13.1922,0.3898,0.12555,0.13248,0.01012,0.000629
0,6.60,4.4292,-5.0499,-1.3942,1.2265,0.3915,11.3843,13.1463,11.0447,13.1922,0.3907,0.12554,0.13259,0.01012,0.000629
0,6.62,4.4336,-5.0740,-1.3864,1.2276,0.3978,11.3807,13.1708,11.3515,13.4990,0.3930,0.12552,0.13268,0.01012,0.000629
0,6.64,4.4382,-5.0981,-1.3784,1.2285,0.4039,11.3764,13.1939,11.6583,13.1922,0.4022,0.12551,0.13278,0.01012,0.000629
0,6.66,4.4430,-5.1222,-1.3704,1.2293,0.4098,11.3713,13.2155,11.6583,13.1922,0.4124,0.12549,0.13286,0.01012,0.000629
0,6.68,4.4479,-5.1463,-1.3622,1.2301,0.4156,11.3654,13.2356,11.3515,13.1922,0.4123,0.12546,0.13294,0.01012,0.000629
0,6.70,4.4531,-5.1704,-1.3539,1.2306,0.4212,11.3587,13.2543,11.3515,13.1922,0.4164,0.12543,0.13302,0.01013,0.000629
0,6.72,4.4585,-5.1944,-1.3454,1.2311,0.4267,11.3512,13.2714,11.3515,13.1922,0.4270,0.12540,0.13309,0.01013,0.000629
0,6.74,4.4641,-5.2184,-1.3369,1.2315,0.4320,11.3429,13.2869,11.3515,13.1922,0.4220,0.12537,0.13315,0.01013,0.000629
0,6.76,4.4700,-5.2423,-1.3283,1.2317,0.4371,11.3338,13.3010,11.3515,13.4990,0.4416,0.12534,0.13320,0.01013,0.000629
0,6.78,4.4760,-5.2662,-1.3195,1.2319,0.4421,11.3240,13.3135,11.3515,13.4990,0.4308,0.12530,0.13325,0.01013,0.000629
0,6.80,4.4822,-5.2900,-1.3107,1.2319,0.4469,11.3133,13.3244,11.3515,13.1922,0.4442,0.12525,0.13330,0.01013,0.000629
0,6.82,4.4887,-5.3138,-1.3017,1.2318,0.4516,11.3018,13.3338,11.3515,13.4990,0.4443,0.12521,0.13334,0.01014,0.000629
0,6.84,4.4953,-5.3375,-1.2927,1.2316,0.4560,11.2895,13.3416,11.3515,13.4990,0.4416,0.12516,0.13337,0.01014,0.000629
0,6.86,4.5022,-5.3612,-1.2836,1.2312,0.4603,11.2764,13.3479,11.3515,13.1922,0.4520,0.12511,0.13339,0.01014,0.000629
0,6.88,4.5093,-5.3847,-1.2744,1.2308,0.4645,11.2626,13.3526,11.3515,13.4990,0.4558,0.12505,0.13341,0.01014,0.000629
0,6.90,4.5166,-5.4083,-1.2651,1.2302,0.4684,11.2479,13.3557,11.3515,13.4990,0.4564,0.12499,0.13342,0.01014,0.000629
0,6.92,4.5241,-5.4317,-1.2557,1.2295,0.4722,11.2324,13.3572,11.3515,13.4990,0.4641,0.12493,0.13343,0.01014,0.000629
0,6.94,4.5318,-5.4550,-1.2463,1.2287,0.4758,11.2161,13.3572,11.0447,13.4990,0.4714,0.12486,0.13343,0.01014,0.000629
0,6.96,4.5398,-5.4783,-1.2368,1.2277,0.4792,11.1990,13.3556,11.0447,13.4990,0.4799,0.12480,0.13342,0.01014,0.000629
0,6.98,4.5479,-5.5014,-1.2272,1.2267,0.4825,11.1812,13.3523,11.3515,13.4990,0.4850,0.12472,0.13341,0.01014,0.000629
0,7.00,4.5563,-5.5245,-1.2175,1.2255,0.4856,11.1625,13.3476,11.6583,13.1922,0.4765,0.12465,0.13339,0.01015,0.000629
0,7.02,4.5649,-5.5475,-1.2078,1.2242,0.4885,11.1431,13.3412,11.0447,13.4990,0.4773,0.12457,0.13336,0.01015,0.000629
0,7.04,4.5737,-5.5703,-1.1980,1.2228,0.4912,11.1229,13.3332,11.0447,13.4990,0.4594,0.12449,0.13333,0.01015,0.000629
0,7.06,4.5827,-5.5930,-1.1882,1.2213,0.4938,11.1019,13.3237,11.0447,13.4990,0.4884,0.12441,0.13329,0.01015,0.000629
0,7.08,4.5919,-5.6156,-1.1783,1.2196,0.4961,11.0801,13.3126,10.7379,13.4990,0.4824,0.12432,0.13325,0.01015,0.000629
0,7.10,4.6014,-5.6381,-1.1684,1.2179,0.4983,11.0575,13.3000,11.0447,13.1922,0.4998,0.12423,0.13320,0.01015,0.000629
0,7.12,4.6110,-5.6605,-1.1585,1.2160,0.5004,11.0342,13.2858,11.0447,13.1922,0.5016,0.12414,0.13314,0.01015,0.000629
0,7.14,4.6209,-5.6827,-1.1484,1.2140,0.5022,11.0101,13.2700,11.0447,13.1922,0.4787,0.12404,0.13308,0.01015,0.000629
0,7.16,4.6309,-5.7048,-1.1384,1.2119,0.5039,10.9853,13.2527,11.0447,13.1922,0.4825,0.12394,0.13301,0.01015,0.000629
0,7.18,4.6412,-5.7268,-1.1283,1.2097,0.5054,10.9597,13.2339,11.0447,13.1922,0.5078,0.12384,0.13294,0.01015,0.000629
0,7.20,4.6517,-5.7486,-1.1182,1.2073,0.5067,10.9334,13.2136,10.7379,13.1922,0.5122,0.12373,0.13285,0.01015,0.000629
0,7.22,4.6624,-5.7703,-1.1081,1.2049,0.5078,10.9064,13.1917,10.7379,13.1922,0.5123,0.12363,0.13277,0.01015,0.000629
0,7.24,4.6732,-5.7918,-1.0979,1.2023,0.5088,10.8786,13.1683,11.0447,13.1922,0.5201,0.12351,0.13267,0.01015,0.000629
0,7.26,4.6843,-5.8131,-1.0878,1.1997,0.5096,10.8501,13.1435,11.0447,13.4990,0.5162,0.12340,0.13257,0.01015,0.000629
0,7.28,4.6955,-5.8343,-1.0776,1.1969,0.5103,10.8209,13.1171,10.7379,13.4990,0.5336,0.12328,0.13247,0.01015,0.000629
0,7.30,4.7070,-5.8553,-1.0674,1.1940,0.5107,10.7910,13.0893,10.7379,13.1922,0.5175,0.12316,0.13236,0.01015,0.000629
0,7.32,4.7186,-5.8762,-1.0571,1.1910,0.5110,10.7604,13.0600,10.7379,13.1922,0.5166,0.12304,0.13224,0.01015,0.000629
0,7.34,4.7304,-5.8969,-1.0469,1.1879,0.5112,10.7291,13.0293,10.7379,13.1922,0.5152,0.12292,0.13212,0.01015,0.000629
0,7.36,4.7424,-5.9174,-1.0367,1.1847,0.5111,10.6971,12.9972,10.7379,13.1922,0.5173,0.12279,0.13199,0.01015,0.000629
0,7.38,4.7546,-5.9377,-1.0265,1.1814,0.5109,10.6645,12.9637,10.7379,13.1922,0.5240,0.12266,0.13185,0.01015,0.000629
0,7.40,4.7669,-5.9579,-1.0163,1.1780,0.5106,10.6312,12.9288,10.7379,12.8854,0.4988,0.12252,0.13172,0.01015,0.000629
0,7.42,4.7794,-5.9778,-1.0060,1.1745,0.5101,10.5973,12.8925,10.7379,12.8854,0.5003,0.12239,0.13157,0.01015,0.000629
0,7.44,4.7921,-5.9976,-0.9958,1.1709,0.5094,10.5627,12.8549,10.7379,12.8854,0.5148,0.12225,0.13142,0.01015,0.000629
0,7.46,4.8049,-6.0172,-0.9857,1.1672,0.5085,10.5275,12.8159,10.4311,12.8854,0.5106,0.12211,0.13126,0.01015,0.000629
0,7.48,4.8179,-6.0366,-0.9755,1.1634,0.5075,10.4917,12.7756,10.7379,12.8854,0.5099,0.12197,0.13110,0.01015,0.000629
0,7.50,4.8311,-6.0558,-0.9653,1.1595,0.5064,10.4553,12.7341,10.4311,12.8854,0.5154,0.12182,0.13094,0.01015,0.000629
0,7.52,4.8444,-6.0748,-0.9552,1.1555,0.5051,10.4183,12.6912,10.4311,12.5786,0.5161,0.12167,0.13076,0.01015,0.000629
0,7.54,4.8578,-6.0936,-0.9451,1.1514,0.5037,10.3807,12.6472,10.4311,12.8854,0.4972,0.12152,0.13059,0.01015,0.000629
0,7.56,4.8714,-6.1122,-0.9350,1.1472,0.5021,10.3426,12.6019,10.4311,12.5786,0.5040,0.12137,0.13041,0.01015,0.000629
0,7.58,4.8851,-6.1306,-0.9250,1.1430,0.5003,10.3039,12.5553,10.1243,12.5786,0.4952,0.12122,0.13022,0.01015,0.000629
0,7.60,4.8989,-6.1488,-0.9150,1.1386,0.4985,10.2646,12.5077,10.1243,12.2718,0.5080,0.12106,0.13003,0.01015,0.000629
0,7.62,4.9129,-6.1668,-0.9050,1.1342,0.4964,10.2249,12.4588,10.4311,12.2718,0.4831,0.12090,0.12984,0.01015,0.000629
0,7.64,4.9270,-6.1845,-0.8951,1.1297,0.4943,10.1846,12.4089,10.1243,12.5786,0.5013,0.12074,0.12964,0.01015,0.000629
0,7.66,4.9412,-6.2021,-0.8852,1.1251,0.4920,10.1438,12.3578,10.1243,12.5786,0.4821,0.12058,0.12943,0.01015,0.000629
0,7.68,4.9556,-6.2194,-0.8754,1.1204,0.4896,10.1026,12.3057,10.1243,12.2718,0.4892,0.12041,0.12922,0.01015,0.000629
0,7.70,4.9700,-6.2366,-0.8656,1.1157,0.4870,10.0609,12.2525,10.1243,11.9651,0.4945,0.12024,0.12901,0.01015,0.000629
0,7.72,4.9846,-6.2535,-0.8558,1.1109,0.4844,10.0187,12.1984,10.1243,11.9651,0.4911,0.12007,0.12879,0.01015,0.000629
0,7.74,4.9992,-6.2702,-0.8461,1.1060,0.4816,9.9761,12.1432,10.1243,12.2718,0.4918,0.11990,0.12857,0.01014,0.000629
0,7.76,5.0139,-6.2867,-0.8365,1.1010,0.4787,9.9331,12.0871,9.8175,12.2718,0.4862,0.11973,0.12835,0.01014,0.000629
0,7.78,5.0288,-6.3030,-0.8269,1.0960,0.4756,9.8896,12.0300,10.1243,12.2718,0.4830,0.11956,0.12812,0.01014,0.000629
0,7.80,5.0437,-6.3190,-0.8174,1.0909,0.4725,9.8458,11.9720,9.8175,12.2718,0.4619,0.11938,0.12789,0.01014,0.000629
0,7.82,5.0587,-6.3349,-0.8080,1.0857,0.4693,9.8016,11.9132,9.8175,11.6583,0.4688,0.11921,0.12765,0.01014,0.000629
0,7.84,5.0738,-6.3505,-0.7986,1.0805,0.4659,9.7570,11.8535,9.8175,11.9651,0.4712,0.11903,0.12741,0.01014,0.000629
0,7.86,5.0889,-6.3659,-0.7893,1.0753,0.4624,9.7121,11.7931,9.5107,11.6583,0.4570,0.11885,0.12717,0.01014,0.000629
0,7.88,5.1041,-6.3811,-0.7800,1.0699,0.4589,9.6668,11.7318,9.8175,11.6583,0.4683,0.11867,0.12693,0.01014,0.000629
0,7.90,5.1194,-6.3961,-0.7708,1.0646,0.4552,9.6212,11.6698,9.5107,11.6583,0.4712,0.11848,0.12668,0.01014,0.000629
0,7.92,5.1348,-6.4108,-0.7617,1.0591,0.4515,9.5754,11.6071,9.5107,11.9651,0.4378,0.11830,0.12643,0.01014,0.000629
0,7.94,5.1502,-6.4254,-0.7527,1.0536,0.4477,9.5292,11.5438,9.5107,11.3515,0.4407,0.11812,0.12618,0.01013,0.000629
0,7.96,5.1656,-6.4397,-0.7438,1.0481,0.4438,9.4828,11.4797,9.5107,11.6583,0.4475,0.11793,0.12592,0.01013,0.000629
0,7.98,5.1811,-6.4538,-0.7349,1.0426,0.4398,9.4362,11.4151,9.5107,11.3515,0.4269,0.11774,0.12566,0.01013,0.000629
0,8.00,5.1966,-6.4678,-0.7261,1.0370,0.4357,9.3893,11.3499,9.5107,11.6583,0.4326,0.11756,0.12540,0.01013,0.000629
0,8.02,5.2122,-6.4815,-0.7174,1.0313,0.4315,9.3422,11.2842,9.2039,11.0447,0.4253,0.11737,0.12514,0.01013,0.000629
0,8.04,5.2278,-6.4949,-0.7087,1.0256,0.4273,9.2950,11.2179,9.5107,11.0447,0.4174,0.11718,0.12487,0.01013,0.000629
0,8.06,5.2434,-6.5082,-0.7002,1.0199,0.4230,9.2475,11.1512,9.2039,11.0447,0.4264,0.11699,0.12460,0.01013,0.000629
0,8.08,5.2591,-6.5213,-0.6917,1.0142,0.4187,9.1999,11.0840,9.2039,11.0447,0.4174,0.11680,0.12434,0.01013,0.000629
0,8.10,5.2747,-6.5342,-0.6834,1.0084,0.4143,9.1522,11.0165,9.2039,11.0447,0.4205,0.11661,0.12407,0.01012,0.000629
0,8.12,5.2904,-6.5469,-0.6751,1.0026,0.4098,9.1043,10.9486,9.2039,10.7379,0.4024,0.11642,0.12379,0.01012,0.000629
0,8.14,5.3061,-6.5593,-0.6669,0.9968,0.4053,9.0564,10.8803,9.2039,10.7379,0.4085,0.11623,0.12352,0.01012,0.000629
0,8.16,5.3219,-6.5716,-0.6588,0.9910,0.4008,9.0083,10.8118,8.8971,10.7379,0.4127,0.11603,0.12325,0.01012,0.000629
0,8.18,5.3376,-6.5837,-0.6508,0.9852,0.3962,8.9602,10.7430,8.8971,11.0447,0.3873,0.11584,0.12297,0.01012,0.000629
0,8.20,5.3533,-6.5955,-0.6428,0.9793,0.3915,8.9121,10.6740,8.8971,10.7379,0.3619,0.11565,0.12270,0.01012,0.000629
0,8.22,5.3690,-6.6072,-0.6350,0.9734,0.3869,8.8639,10.6048,8.8971,10.7379,0.3954,0.11546,0.12242,0.01012,0.000629
0,8.24,5.3847,-6.6187,-0.6273,0.9676,0.3822,8.8157,10.5355,8.8971,10.4311,0.3696,0.11526,0.12214,0.01011,0.000629
0,8.26,5.4005,-6.6300,-0.6196,0.9617,0.3774,8.7676,10.4660,8.8971,10.1243,0.3678,0.11507,0.12186,0.01011,0.000629
0,8.28,5.4162,-6.6411,-0.6121,0.9558,0.3727,8.7194,10.3965,8.8971,10.4311,0.3696,0.11488,0.12159,0.01011,0.000629
0,8.30,5.4318,-6.6520,-0.6046,0.9499,0.3679,8.6713,10.3270,8.5903,10.7379,0.3790,0.11469,0.12131,0.01011,0.000629
0,8.32,5.4475,-6.6628,-0.5973,0.9440,0.3631,8.6233,10.2574,8.5903,10.4311,0.3629,0.11449,0.12103,0.01011,0.000629
0,8.34,5.4632,-6.6733,-0.5900,0.9382,0.3583,8.5754,10.1879,8.5903,10.1243,0.3495,0.11430,0.12075,0.01011,0.000629
0,8.36,5.4788,-6.6837,-0.5828,0.9323,0.3536,8.5275,10.1185,8.5903,10.1243,0.3463,0.11411,0.12047,0.01011,0.000629
0,8.38,5.4944,-6.6939,-0.5758,0.9264,0.3488,8.4798,10.0492,8.5903,9.8175,0.3350,0.11392,0.12020,0.01010,0.000629
0,8.40,5.5100,-6.7040,-0.5688,0.9206,0.3440,8.4322,9.9800,8.5903,9.8175,0.3370,0.11373,0.11992,0.01010,0.000629
0,8.42,5.5255,-6.7138,-0.5619,0.9148,0.3392,8.3848,9.9110,8.2835,9.8175,0.3285,0.11354,0.11964,0.01010,0.000629
0,8.44,5.5410,-6.7235,-0.5551,0.9090,0.3344,8.3376,9.8423,8.2835,9.8175,0.3255,0.11335,0.11937,0.01010,0.000629
0,8.46,5.5565,-6.7331,-0.5484,0.9032,0.3296,8.2906,9.7738,8.2835,9.8175,0.3173,0.11316,0.11910,0.01010,0.000629
0,8.48,5.5720,-6.7424,-0.5418,0.8975,0.3249,8.2437,9.7056,8.2835,9.8175,0.3317,0.11297,0.11882,0.01010,0.000629
0,8.50,5.5874,-6.7516,-0.5353,0.8917,0.3201,8.1972,9.6378,8.2835,9.5107,0.3127,0.11279,0.11855,0.01010,0.000629
0,8.52,5.6027,-6.7607,-0.5289,0.8861,0.3154,8.1508,9.5703,8.2835,9.5107,0.3155,0.11260,0.11828,0.01009,0.000629
0,8.54,5.6181,-6.7696,-0.5226,0.8804,0.3108,8.1048,9.5032,7.9767,9.2039,0.3130,0.11242,0.11801,0.01009,0.000629
0,8.56,5.6334,-6.7783,-0.5164,0.8748,0.3061,8.0590,9.4366,7.9767,9.5107,0.3135,0.11224,0.11775,0.01009,0.000629
0,8.58,5.6486,-6.7869,-0.5103,0.8692,0.3015,8.0136,9.3704,7.9767,9.5107,0.3249,0.11205,0.11748,0.01009,0.000629
0,8.60,5.6638,-6.7953,-0.5043,0.8637,0.2970,7.9685,9.3047,7.9767,9.2039,0.2893,0.11187,0.11722,0.01009,0.000629
0,8.62,5.6789,-6.8036,-0.4983,0.8582,0.2924,7.9237,9.2396,8.2835,9.2039,0.2926,0.11169,0.11696,0.01009,0.000629
0,8.64,5.6940,-6.8118,-0.4925,0.8527,0.2880,7.8793,9.1751,7.9767,9.5107,0.2880,0.11152,0.11670,0.01009,0.000629
0,8.66,5.7091,-6.8198,-0.4867,0.8473,0.2836,7.8352,9.1112,7.9767,8.8971,0.2750,0.11134,0.11644,0.01009,0.000629
0,8.68,5.7241,-6.8277,-0.4810,0.8420,0.2792,7.7916,9.0480,7.6699,8.8971,0.2766,0.11117,0.11619,0.01008,0.000629
0,8.70,5.7390,-6.8355,-0.4755,0.8367,0.2749,7.7484,8.9854,7.6699,9.2039,0.2802,0.11099,0.11594,0.01008,0.000629
0,8.72,5.7539,-6.8431,-0.4700,0.8315,0.2707,7.7056,8.9236,7.6699,8.8971,0.2695,0.11082,0.11569,0.01008,0.000629
0,8.74,5.7688,-6.8506,-0.4645,0.8263,0.2665,7.6633,8.8625,7.6699,8.8971,0.2658,0.11065,0.11545,0.01008,0.000629
0,8.76,5.7836,-6.8579,-0.4592,0.8212,0.2624,7.6215,8.8022,7.3631,8.8971,0.2642,0.11049,0.11521,0.01008,0.000629
0,8.78,5.7983,-6.8652,-0.4540,0.8161,0.2584,7.5801,8.7427,7.6699,8.8971,0.2657,0.11032,0.11497,0.01008,0.000629
0,8.80,5.8130,-6.8723,-0.4488,0.8112,0.2544,7.5393,8.6841,7.6699,8.8971,0.2582,0.11016,0.11474,0.01008,0.000629
0,8.82,5.8276,-6.8793,-0.4437,0.8063,0.2505,7.4989,8.6263,7.6699,8.2835,0.2544,0.11000,0.11451,0.01008,0.000629
0,8.84,5.8422,-6.8862,-0.4387,0.8014,0.2467,7.4591,8.5695,7.3631,8.2835,0.2430,0.10984,0.11428,0.01007,0.000629
0,8.86,5.8568,-6.8930,-0.4338,0.7967,0.2430,7.4199,8.5135,7.6699,8.2835,0.2567,0.10968,0.11405,0.01007,0.000629
0,8.88,5.8712,-6.8996,-0.4289,0.7920,0.2394,7.3812,8.4586,7.3631,8.2835,0.2386,0.10952,0.11383,0.01007,0.000629
0,8.90,5.8856,-6.9062,-0.4241,0.7874,0.2359,7.3431,8.4047,7.3631,8.2835,0.2571,0.10937,0.11362,0.01007,0.000629
0,8.92,5.9000,-6.9126,-0.4194,0.7829,0.2325,7.3056,8.3518,7.3631,8.2835,0.2454,0.10922,0.11341,0.01007,0.000629
0,8.94,5.9143,-6.9190,-0.4148,0.7784,0.2291,7.2688,8.2999,7.3631,8.5903,0.2403,0.10908,0.11320,0.01007,0.000629
0,8.96,5.9286,-6.9252,-0.4102,0.7741,0.2259,7.2325,8.2492,7.3631,7.9767,0.2218,0.10893,0.11300,0.01007,0.000629
0,8.98,5.9428,-6.9313,-0.4057,0.7698,0.2228,7.1970,8.1995,7.3631,8.2835,0.2028,0.10879,0.11280,0.01007,0.000629
0,9.00,5.9570,-6.9374,-0.4012,0.7657,0.2198,7.1620,8.1511,7.3631,8.2835,0.2351,0.10865,0.11260,0.01007,0.000629
0,9.02,5.9711,-6.9433,-0.3968,0.7616,0.2169,7.1278,8.1037,7.0563,8.2835,0.1961,0.10851,0.11241,0.01007,0.000629
0,9.04,5.9851,-6.9492,-0.3925,0.7576,0.2141,7.0943,8.0576,7.3631,7.9767,0.2188,0.10838,0.11223,0.01006,0.000629
0,9.06,5.9991,-6.9550,-0.3882,0.7537,0.2114,7.0614,8.0127,7.0563,8.2835,0.2155,0.10825,0.11205,0.01006,0.000629
0,9.08,6.0131,-6.9606,-0.3840,0.7499,0.2088,7.0293,7.9690,6.7495,7.9767,0.2067,0.10812,0.11188,0.01006,0.000629
0,9.10,6.0270,-6.9662,-0.3798,0.7462,0.2064,6.9979,7.9266,7.0563,7.9767,0.2137,0.10799,0.11171,0.01006,0.000629
0,9.12,6.0409,-6.9717,-0.3757,0.7426,0.2040,6.9673,7.8854,7.0563,7.9767,0.2008,0.10787,0.11154,0.01006,0.000629
0,9.14,6.0547,-6.9771,-0.3716,0.7392,0.2018,6.9374,7.8456,7.0563,7.6699,0.2053,0.10775,0.11138,0.01006,0.000629
0,9.16,6.0685,-6.9825,-0.3675,0.7358,0.1997,6.9083,7.8071,7.0563,7.6699,0.2032,0.10763,0.11123,0.01006,0.000629
0,9.18,6.0823,-6.9877,-0.3635,0.7325,0.1978,6.8800,7.7700,7.0563,7.6699,0.1970,0.10752,0.11108,0.01006,0.000629
0,9.20,6.0960,-6.9929,-0.3596,0.7293,0.1960,6.8524,7.7342,6.7495,7.6699,0.2117,0.10741,0.11094,0.01006,0.000629
0,9.22,6.1096,-6.9980,-0.3557,0.7263,0.1943,6.8257,7.6999,6.7495,7.6699,0.1888,0.10730,0.11080,0.01006,0.000629
0,9.24,6.1233,-7.0031,-0.3518,0.7233,0.1927,6.7998,7.6669,7.0563,7.6699,0.2018,0.10720,0.11067,0.01006,0.000629
0,9.26,6.1368,-7.0080,-0.3479,0.7205,0.1913,6.7748,7.6354,6.7495,7.9767,0.2051,0.10710,0.11054,0.01006,0.000629
0,9.28,6.1504,-7.0129,-0.3441,0.7178,0.1899,6.7506,7.6053,6.7495,7.3631,0.2050,0.10700,0.11042,0.01006,0.000629
0,9.30,6.1639,-7.0177,-0.3403,0.7152,0.1888,6.7272,7.5767,6.7495,7.3631,0.1969,0.10691,0.11031,0.01006,0.000629
0,9.32,6.1774,-7.0225,-0.3365,0.7127,0.1878,6.7047,7.5496,6.7495,7.3631,0.1722,0.10682,0.11020,0.01006,0.000629
0,9.34,6.1909,-7.0272,-0.3328,0.7103,0.1869,6.6831,7.5239,6.7495,7.6699,0.1925,0.10673,0.11010,0.01006,0.000629
0,9.36,6.2043,-7.0318,-0.3290,0.7081,0.1861,6.6623,7.4998,6.7495,7.6699,0.1926,0.10665,0.11000,0.01006,0.000629
0,9.38,6.2177,-7.0363,-0.3253,0.7060,0.1855,6.6425,7.4772,6.7495,7.3631,0.1858,0.10657,0.10991,0.01006,0.000629
0,9.40,6.2311,-7.0408,-0.3216,0.7040,0.1850,6.6235,7.4561,6.4427,7.3631,0.1847,0.10649,0.10982,0.01006,0.000629
0,9.42,6.2445,-7.0452,-0.3179,0.7021,0.1847,6.6055,7.4365,6.7495,7.6699,0.1744,0.10642,0.10975,0.01006,0.000629
0,9.44,6.2578,-7.0496,-0.3142,0.7003,0.1845,6.5883,7.4185,6.7495,7.3631,0.1904,0.10635,0.10967,0.01006,0.000629
0,9.46,6.2712,-7.0539,-0.3105,0.6987,0.1844,6.5721,7.4021,6.7495,7.3631,0.1753,0.10629,0.10961,0.01006,0.000629
0,9.48,6.2845,-7.0582,-0.3068,0.6972,0.1845,6.5569,7.3873,6.7495,7.3631,0.1800,0.10623,0.10955,0.01006,0.000629
0,9.50,6.2978,-7.0623,-0.3031,0.6958,0.1848,6.5425,7.3740,6.7495,7.3631,0.1790,0.10617,0.10950,0.01006,0.000629
0,9.52,6.3111,-7.0665,-0.2994,0.6946,0.1852,6.5292,7.3624,6.4427,7.3631,0.1720,0.10612,0.10945,0.01006,0.000629
0,9.54,6.3243,-7.0705,-0.2957,0.6935,0.1857,6.5167,7.3523,6.4427,7.6699,0.2064,0.10607,0.10941,0.01006,0.000629
0,9.56,6.3376,-7.0746,-0.2920,0.6925,0.1863,6.5053,7.3438,6.4427,7.3631,0.1883,0.10602,0.10938,0.01006,0.000629
0,9.58,6.3509,-7.0785,-0.2883,0.6916,0.1872,6.4947,7.3369,6.4427,7.3631,0.1964,0.10598,0.10935,0.01006,0.000629
0,9.60,6.3642,-7.0824,-0.2846,0.6908,0.1881,6.4852,7.3317,6.4427,7.3631,0.1774,0.10594,0.10933,0.01006,0.000629
0,9.62,6.3774,-7.0863,-0.2808,0.6902,0.1892,6.4766,7.3281,6.4427,7.3631,0.1949,0.10591,0.10931,0.01006,0.000629
0,9.64,6.3907,-7.0901,-0.2770,0.6898,0.1904,6.4690,7.3260,6.4427,7.3631,0.1669,0.10588,0.10930,0.01006,0.000629
0,9.66,6.4040,-7.0938,-0.2732,0.6894,0.1918,6.4624,7.3256,6.4427,7.3631,0.2037,0.10585,0.10930,0.01006,0.000629
0,9.68,6.4172,-7.0975,-0.2694,0.6892,0.1933,6.4568,7.3269,6.4427,7.3631,0.1885,0.10583,0.10931,0.01006,0.000629
0,9.70,6.4305,-7.1012,-0.2655,0.6891,0.1950,6.4522,7.3297,6.4427,7.0563,0.2067,0.10581,0.10932,0.01006,0.000629
0,9.72,6.4438,-7.1048,-0.2616,0.6891,0.1968,6.4485,7.3342,6.4427,7.0563,0.2081,0.10579,0.10934,0.01006,0.000629
0,9.74,6.4572,-7.1083,-0.2577,0.6893,0.1988,6.4459,7.3402,6.7495,7.3631,0.2116,0.10578,0.10936,0.01006,0.000629
0,9.76,6.4705,-7.1118,-0.2537,0.6896,0.2008,6.4442,7.3479,6.4427,7.0563,0.1979,0.10578,0.10939,0.01006,0.000629
0,9.78,6.4839,-7.1152,-0.2497,0.6900,0.2030,6.4435,7.3572,6.4427,7.3631,0.2047,0.10577,0.10943,0.01006,0.000629
0,9.80,6.4972,-7.1186,-0.2456,0.6906,0.2054,6.4439,7.3682,6.4427,7.3631,0.2039,0.10578,0.10947,0.01006,0.000629
0,9.82,6.5107,-7.1219,-0.2415,0.6913,0.2079,6.4452,7.3807,6.4427,7.3631,0.2050,0.10578,0.10952,0.01006,0.000629
0,9.84,6.5241,-7.1252,-0.2373,0.6921,0.2105,6.4475,7.3948,6.4427,7.3631,0.2057,0.10579,0.10958,0.01006,0.000629
0,9.86,6.5375,-7.1284,-0.2331,0.6931,0.2132,6.4508,7.4105,6.4427,7.3631,0.2132,0.10580,0.10964,0.01006,0.000629
0,9.88,6.5510,-7.1316,-0.2289,0.6941,0.2161,6.4552,7.4277,6.4427,7.3631,0.2250,0.10582,0.10971,0.01006,0.000629
0,9.90,6.5646,-7.1347,-0.2245,0.6954,0.2191,6.4605,7.4466,6.4427,7.3631,0.2152,0.10584,0.10979,0.01007,0.000629
0,9.92,6.5781,-7.1378,-0.2202,0.6967,0.2223,6.4668,7.4670,6.4427,7.6699,0.2297,0.10587,0.10987,0.01007,0.000629
0,9.94,6.5917,-7.1408,-0.2157,0.6982,0.2255,6.4741,7.4890,6.4427,7.3631,0.2385,0.10590,0.10996,0.01007,0.000629
0,9.96,6.6054,-7.1438,-0.2112,0.6997,0.2289,6.4824,7.5125,6.4427,7.6699,0.2294,0.10593,0.11005,0.01007,0.000629
0,9.98,6.6191,-7.1467,-0.2066,0.7015,0.2324,6.4917,7.5375,6.4427,7.3631,0.2452,0.10597,0.11015,0.01007,0.000629
0,10.00,6.6328,-7.1495,-0.2020,0.7033,0.2360,6.5019,7.5640,6.4427,7.3631,0.2337,0.10601,0.11026,0.01007,0.000629
0,10.02,6.6466,-7.1523,-0.1973,0.7053,0.2398,6.5132,7.5921,6.4427,7.3631,0.2448,0.10605,0.11037,0.01007,0.000629
0,10.04,6.6604,-7.1550,-0.1925,0.7074,0.2436,6.5254,7.6216,6.7495,7.6699,0.2495,0.10610,0.11049,0.01007,0.000629
0,10.06,6.6743,-7.1577,-0.1876,0.7096,0.2476,6.5386,7.6526,6.4427,7.6699,0.2494,0.10615,0.11061,0.01007,0.000629
0,10.08,6.6883,-7.1603,-0.1826,0.7119,0.2516,6.5528,7.6851,6.7495,7.6699,0.2422,0.10621,0.11074,0.01008,0.000629
0,10.10,6.7023,-7.1629,-0.1776,0.7143,0.2558,6.5679,7.7190,6.7495,7.6699,0.2517,0.10627,0.11088,0.01008,0.000629
0,10.12,6.7163,-7.1654,-0.1725,0.7169,0.2601,6.5840,7.7543,6.4427,7.6699,0.2601,0.10634,0.11102,0.01008,0.000629
0,10.14,6.7305,-7.1678,-0.1673,0.7196,0.2645,6.6010,7.7911,6.4427,7.6699,0.2479,0.10640,0.11116,0.01008,0.000629
0,10.16,6.7447,-7.1701,-0.1620,0.7224,0.2689,6.6190,7.8292,6.7495,7.9767,0.2916,0.10648,0.11132,0.01008,0.000629
0,10.18,6.7589,-7.1724,-0.1566,0.7253,0.2735,6.6379,7.8687,6.7495,7.9767,0.2862,0.10655,0.11147,0.01008,0.000629
0,10.20,6.7733,-7.1747,-0.1512,0.7284,0.2782,6.6578,7.9095,6.7495,7.9767,0.2745,0.10663,0.11164,0.01008,0.000629
0,10.22,6.7877,-7.1768,-0.1456,0.7315,0.2829,6.6786,7.9517,6.7495,7.6699,0.2831,0.10671,0.11181,0.01008,0.000629
0,10.24,6.8022,-7.1789,-0.1399,0.7348,0.2878,6.7002,7.9951,6.7495,7.9767,0.2826,0.10680,0.11198,0.01009,0.000629
0,10.26,6.8167,-7.1809,-0.1342,0.7381,0.2927,6.7228,8.0399,6.7495,7.9767,0.2990,0.10689,0.11216,0.01009,0.000629
0,10.28,6.8314,-7.1828,-0.1283,0.7416,0.2977,6.7463,8.0859,6.7495,8.2835,0.3078,0.10699,0.11234,0.01009,0.000629
0,10.30,6.8461,-7.1847,-0.1224,0.7452,0.3028,6.7707,8.1331,6.7495,7.9767,0.3122,0.10708,0.11253,0.01009,0.000629
0,10.32,6.8609,-7.1865,-0.1163,0.7489,0.3079,6.7960,8.1815,6.7495,8.2835,0.3153,0.10718,0.11273,0.01009,0.000629
0,10.34,6.8758,-7.1882,-0.1102,0.7527,0.3131,6.8221,8.2312,7.0563,8.2835,0.3014,0.10729,0.11292,0.01009,0.000629
0,10.36,6.8907,-7.1898,-0.1039,0.7566,0.3184,6.8491,8.2820,6.7495,8.5903,0.3084,0.10740,0.11313,0.01010,0.000629
0,10.38,6.9058,-7.1913,-0.0975,0.7605,0.3238,6.8770,8.3339,6.7495,8.2835,0.3348,0.10751,0.11334,0.01010,0.000629
0,10.40,6.9209,-7.1927,-0.0911,0.7646,0.3292,6.9056,8.3869,6.7495,8.2835,0.3421,0.10762,0.11355,0.01010,0.000629
0,10.42,6.9362,-7.1941,-0.0845,0.7688,0.3346,6.9352,8.4410,7.0563,8.5903,0.3326,0.10774,0.11376,0.01010,0.000629
0,10.44,6.9515,-7.1953,-0.0778,0.7731,0.3401,6.9655,8.4961,7.0563,8.2835,0.3507,0.10786,0.11398,0.01010,0.000629
0,10.46,6.9669,-7.1965,-0.0710,0.7774,0.3457,6.9966,8.5523,7.0563,8.5903,0.3490,0.10799,0.11421,0.01010,0.000629
0,10.48,6.9824,-7.1975,-0.0641,0.7819,0.3513,7.0285,8.6094,7.0563,8.5903,0.3403,0.10811,0.11444,0.01011,0.000629
0,10.50,6.9980,-7.1985,-0.0570,0.7864,0.3570,7.0612,8.6675,7.0563,8.5903,0.3581,0.10824,0.11467,0.01011,0.000629
0,10.52,7.0137,-7.1993,-0.0499,0.7911,0.3626,7.0947,8.7266,7.0563,8.8971,0.3574,0.10838,0.11491,0.01011,0.000629
0,10.54,7.0295,-7.2000,-0.0426,0.7958,0.3684,7.1289,8.7865,7.3631,8.8971,0.3929,0.10852,0.11515,0.01011,0.000629
0,10.56,7.0454,-7.2006,-0.0353,0.8006,0.3741,7.1639,8.8473,7.0563,8.8971,0.3701,0.10866,0.11539,0.01011,0.000629
0,10.58,7.0614,-7.2011,-0.0278,0.8054,0.3799,7.1996,8.9090,7.3631,8.8971,0.3973,0.10880,0.11564,0.01011,0.000629
0,10.60,7.0775,-7.2015,-0.0202,0.8104,0.3857,7.2360,8.9714,7.3631,9.2039,0.3907,0.10894,0.11589,0.01012,0.000629
0,10.62,7.0937,-7.2018,-0.0125,0.8154,0.3915,7.2730,9.0347,7.0563,9.2039,0.3776,0.10909,0.11614,0.01012,0.000629
0,10.64,7.1101,-7.2019,-0.0047,0.8205,0.3973,7.3108,9.0986,7.3631,9.2039,0.3948,0.10924,0.11639,0.01012,0.000629
0,10.66,7.1265,-7.2020,0.0033,0.8256,0.4031,7.3493,9.1633,7.3631,9.2039,0.3881,0.10940,0.11665,0.01012,0.000629
0,10.68,7.1430,-7.2018,0.0114,0.8308,0.4090,7.3883,9.2286,7.3631,9.2039,0.4064,0.10955,0.11691,0.01012,0.000629
0,10.70,7.1596,-7.2016,0.0195,0.8361,0.4148,7.4281,9.2946,7.6699,9.2039,0.4189,0.10971,0.11718,0.01012,0.000629
0,10.72,7.1763,-7.2012,0.0278,0.8415,0.4206,7.4684,9.3612,7.3631,9.5107,0.4210,0.10987,0.11744,0.01013,0.000629
0,10.74,7.1931,-7.2006,0.0362,0.8469,0.4264,7.5093,9.4283,7.6699,9.2039,0.4213,0.11004,0.11771,0.01013,0.000629
0,10.76,7.2101,-7.2000,0.0448,0.8523,0.4323,7.5509,9.4960,7.9767,9.5107,0.4371,0.11020,0.11798,0.01013,0.000629
0,10.78,7.2271,-7.1991,0.0534,0.8579,0.4380,7.5930,9.5642,7.6699,9.5107,0.4606,0.11037,0.11826,0.01013,0.000629
0,10.80,7.2442,-7.1981,0.0622,0.8634,0.4438,7.6356,9.6328,7.6699,9.8175,0.4556,0.11054,0.11853,0.01013,0.000629
0,10.82,7.2614,-7.1970,0.0711,0.8690,0.4496,7.6788,9.7019,7.6699,9.5107,0.4322,0.11072,0.11881,0.01013,0.000629
0,10.84,7.2788,-7.1957,0.0800,0.8747,0.4553,7.7225,9.7713,7.6699,9.8175,0.4593,0.11089,0.11909,0.01014,0.000629
0,10.86,7.2962,-7.1942,0.0892,0.8804,0.4610,7.7667,9.8412,7.6699,9.8175,0.4715,0.11107,0.11936,0.01014,0.000629
0,10.88,7.3137,-7.1925,0.0984,0.8861,0.4666,7.8114,9.9113,7.9767,9.8175,0.4610,0.11125,0.11965,0.01014,0.000629
0,10.90,7.3314,-7.1907,0.1077,0.8919,0.4723,7.8565,9.9817,7.9767,10.1243,0.4653,0.11143,0.11993,0.01014,0.000629
0,10.92,7.3491,-7.1887,0.1171,0.8977,0.4778,7.9021,10.0523,7.9767,10.1243,0.4972,0.11161,0.12021,0.01014,0.000629
0,10.94,7.3669,-7.1865,0.1267,0.9036,0.4834,7.9481,10.1232,7.9767,9.8175,0.4899,0.11179,0.12049,0.01015,0.000629
0,10.96,7.3848,-7.1842,0.1364,0.9094,0.4888,7.9945,10.1942,7.9767,10.4311,0.4856,0.11198,0.12078,0.01015,0.000629
0,10.98,7.4028,-7.1816,0.1462,0.9153,0.4942,8.0413,10.2654,8.2835,10.4311,0.5040,0.11217,0.12106,0.01015,0.000629
0,11.00,7.4209,-7.1788,0.1560,0.9213,0.4996,8.0885,10.3366,7.9767,10.1243,0.5016,0.11235,0.12135,0.01015,0.000629
0,11.02,7.4391,-7.1759,0.1660,0.9272,0.5049,8.1360,10.4080,8.2835,10.4311,0.4999,0.11254,0.12163,0.01015,0.000629
0,11.04,7.4574,-7.1727,0.1761,0.9332,0.5101,8.1839,10.4793,7.9767,10.4311,0.5163,0.11274,0.12192,0.01015,0.000629
0,11.06,7.4757,-7.1694,0.1863,0.9391,0.5152,8.2321,10.5506,8.2835,10.4311,0.5105,0.11293,0.12220,0.01015,0.000629
0,11.08,7.4942,-7.1658,0.1966,0.9451,0.5203,8.2805,10.6219,8.2835,10.4311,0.5230,0.11312,0.12249,0.01016,0.000629
0,11.10,7.5127,-7.1620,0.2070,0.9511,0.5253,8.3293,10.6930,8.2835,10.7379,0.5115,0.11332,0.12277,0.01016,0.000629
0,11.12,7.5313,-7.1580,0.2175,0.9571,0.5302,8.3782,10.7641,8.2835,11.0447,0.5525,0.11351,0.12306,0.01016,0.000629
0,11.14,7.5500,-7.1538,0.2281,0.9631,0.5350,8.4274,10.8350,8.5903,10.7379,0.5155,0.11371,0.12334,0.01016,0.000629
0,11.16,7.5687,-7.1493,0.2388,0.9691,0.5397,8.4769,10.9056,8.2835,11.0447,0.5426,0.11391,0.12362,0.01016,0.000629
0,11.18,7.5875,-7.1446,0.2496,0.9751,0.5444,8.5265,10.9761,8.5903,11.0447,0.5293,0.11411,0.12390,0.01016,0.000629
0,11.20,7.6064,-7.1397,0.2605,0.9811,0.5489,8.5763,11.0462,8.2835,11.0447,0.5411,0.11431,0.12418,0.01016,0.000629
0,11.22,7.6253,-7.1345,0.2715,0.9871,0.5533,8.6262,11.1161,8.8971,11.0447,0.5711,0.11450,0.12446,0.01017,0.000629
0,11.24,7.6443,-7.1291,0.2826,0.9931,0.5576,8.6763,11.1855,8.5903,11.3515,0.5605,0.11471,0.12474,0.01017,0.000629
0,11.26,7.6633,-7.1235,0.2937,0.9991,0.5618,8.7264,11.2546,8.5903,11.0447,0.5576,0.11491,0.12502,0.01017,0.000629
0,11.28,7.6824,-7.1176,0.3050,1.0050,0.5659,8.7767,11.3233,8.8971,11.0447,0.5478,0.11511,0.12529,0.01017,0.000629
0,11.30,7.7016,-7.1115,0.3163,1.0109,0.5699,8.8270,11.3915,8.8971,11.3515,0.5574,0.11531,0.12557,0.01017,0.000629
0,11.32,7.7208,-7.1051,0.3277,1.0168,0.5738,8.8774,11.4593,8.8971,11.3515,0.5702,0.11551,0.12584,0.01017,0.000629
0,11.34,7.7400,-7.0984,0.3392,1.0227,0.5775,8.9278,11.5265,8.8971,11.6583,0.5821,0.11571,0.12611,0.01017,0.000629
0,11.36,7.7592,-7.0915,0.3507,1.0286,0.5811,8.9782,11.5931,8.8971,11.6583,0.5929,0.11591,0.12637,0.01017,0.000629
0,11.38,7.7785,-7.0843,0.3623,1.0344,0.5846,9.0285,11.6591,8.5903,11.6583,0.5692,0.11611,0.12664,0.01018,0.000629
0,11.40,7.7978,-7.0769,0.3740,1.0402,0.5879,9.0789,11.7245,8.8971,11.9651,0.5865,0.11632,0.12690,0.01018,0.000629
0,11.42,7.8171,-7.0692,0.3858,1.0459,0.5911,9.1292,11.7892,9.2039,11.9651,0.5764,0.11652,0.12716,0.01018,0.000629
0,11.44,7.8365,-7.0612,0.3976,1.0516,0.5942,9.1794,11.8532,9.2039,11.9651,0.5951,0.11672,0.12741,0.01018,0.000629
0,11.46,7.8558,-7.0529,0.4095,1.0573,0.5971,9.2295,11.9165,9.2039,11.9651,0.6060,0.11692,0.12767,0.01018,0.000629
0,11.48,7.8751,-7.0444,0.4214,1.0629,0.5999,9.2795,11.9790,9.2039,11.9651,0.6037,0.11712,0.12792,0.01018,0.000629
0,11.50,7.8945,-7.0356,0.4334,1.0685,0.6025,9.3293,12.0407,9.2039,11.9651,0.6000,0.11732,0.12816,0.01018,0.000629
0,11.52,7.9138,-7.0265,0.4455,1.0740,0.6050,9.3790,12.1016,9.5107,11.6583,0.6133,0.11752,0.12841,0.01018,0.000629
0,11.54,7.9332,-7.0171,0.4576,1.0795,0.6073,9.4285,12.1616,9.5107,11.9651,0.6004,0.11771,0.12865,0.01018,0.000629
0,11.56,7.9525,-7.0074,0.4697,1.0849,0.6095,9.4778,12.2207,9.5107,12.2718,0.6063,0.11791,0.12888,0.01018,0.000629
0,11.58,7.9718,-6.9975,0.4819,1.0903,0.6115,9.5269,12.2788,9.8175,12.2718,0.6042,0.11811,0.12912,0.01018,0.000629
0,11.60,7.9910,-6.9873,0.4941,1.0956,0.6134,9.5758,12.3360,9.5107,12.2718,0.6214,0.11830,0.12934,0.01018,0.000629
0,11.62,8.0102,-6.9768,0.5064,1.1008,0.6151,9.6243,12.3922,9.8175,12.2718,0.6172,0.11850,0.12957,0.01018,0.000629
0,11.64,8.0294,-6.9660,0.5187,1.1060,0.6166,9.6726,12.4474,9.8175,12.5786,0.6072,0.11869,0.12979,0.01018,0.000629
0,11.66,8.0486,-6.9549,0.5310,1.1111,0.6180,9.7206,12.5016,9.8175,12.2718,0.6232,0.11888,0.13001,0.01019,0.000629
0,11.68,8.0677,-6.9435,0.5434,1.1161,0.6192,9.7683,12.5546,9.8175,12.5786,0.5981,0.11907,0.13022,0.01019,0.000629
0,11.70,8.0867,-6.9319,0.5558,1.1211,0.6202,9.8156,12.6066,10.1243,12.5786,0.6211,0.11926,0.13043,0.01019,0.000629
0,11.72,8.1057,-6.9199,0.5682,1.1260,0.6211,9.8626,12.6574,9.8175,12.5786,0.6269,0.11945,0.13063,0.01019,0.000629
0,11.74,8.1246,-6.9077,0.5806,1.1308,0.6217,9.9092,12.7070,10.1243,12.5786,0.6498,0.11964,0.13083,0.01019,0.000629
0,11.76,8.1434,-6.8951,0.5930,1.1355,0.6223,9.9554,12.7555,9.8175,12.8854,0.6145,0.11982,0.13102,0.01019,0.000629
0,11.78,8.1622,-6.8823,0.6055,1.1402,0.6226,10.0011,12.8028,10.1243,12.5786,0.6165,0.12000,0.13121,0.01019,0.000629
0,11.80,8.1808,-6.8692,0.6179,1.1448,0.6227,10.0465,12.8488,10.1243,12.8854,0.6209,0.12019,0.13140,0.01019,0.000629
0,11.82,8.1994,-6.8559,0.6304,1.1492,0.6227,10.0913,12.8935,10.1243,12.5786,0.6112,0.12037,0.13157,0.01019,0.000629
0,11.84,8.2179,-6.8422,0.6428,1.1536,0.6225,10.1357,12.9370,10.1243,12.8854,0.6129,0.12054,0.13175,0.01019,0.000629
0,11.86,8.2363,-6.8283,0.6553,1.1579,0.6221,10.1796,12.9792,10.1243,12.8854,0.6262,0.12072,0.13192,0.01019,0.000629
0,11.88,8.2546,-6.8140,0.6677,1.1622,0.6215,10.2230,13.0200,10.1243,12.8854,0.6215,0.12089,0.13208,0.01019,0.000629
0,11.90,8.2727,-6.7995,0.6802,1.1663,0.6208,10.2659,13.0595,10.4311,13.1922,0.6198,0.12106,0.13224,0.01019,0.000629
0,11.92,8.2908,-6.7847,0.6926,1.1703,0.6199,10.3082,13.0975,10.1243,12.8854,0.5977,0.12123,0.13239,0.01019,0.000629
0,11.94,8.3087,-6.7697,0.7050,1.1742,0.6187,10.3500,13.1343,10.1243,12.8854,0.6188,0.12140,0.13254,0.01019,0.000629
0,11.96,8.3265,-6.7544,0.7174,1.1780,0.6174,10.3911,13.1695,10.1243,13.4990,0.6289,0.12156,0.13268,0.01019,0.000629
0,11.98,8.3441,-6.7388,0.7297,1.1818,0.6159,10.4317,13.2034,10.4311,13.1922,0.6190,0.12173,0.13281,0.01018,0.000629
0,12.00,8.3616,-6.7229,0.7420,1.1854,0.6142,10.4717,13.2358,10.4311,13.4990,0.6025,0.12189,0.13294,0.01018,0.000629
0,12.02,8.3790,-6.7068,0.7543,1.1889,0.6124,10.5110,13.2667,10.4311,13.4990,0.6384,0.12204,0.13307,0.01018,0.000629
0,12.04,8.3962,-6.6904,0.7666,1.1923,0.6103,10.5497,13.2962,10.4311,13.1922,0.5854,0.12220,0.13318,0.01018,0.000629
0,12.06,8.4133,-6.6737,0.7788,1.1956,0.6081,10.5878,13.3241,10.7379,13.4990,0.5895,0.12235,0.13330,0.01018,0.000629
0,12.08,8.4302,-6.6568,0.7909,1.1988,0.6057,10.6251,13.3506,10.7379,13.4990,0.6027,0.12250,0.13340,0.01018,0.000629
0,12.10,8.4470,-6.6397,0.8030,1.2019,0.6030,10.6618,13.3755,10.7379,13.4990,0.6061,0.12265,0.13350,0.01018,0.000629
0,12.12,8.4636,-6.6223,0.8151,1.2048,0.6002,10.6977,13.3988,10.7379,13.4990,0.6130,0.12279,0.13360,0.01018,0.000629
0,12.14,8.4800,-6.6047,0.8271,1.2077,0.5973,10.7330,13.4206,10.7379,13.4990,0.5849,0.12293,0.13368,0.01018,0.000629
0,12.16,8.4963,-6.5868,0.8391,1.2104,0.5941,10.7675,13.4409,10.7379,13.4990,0.6013,0.12307,0.13376,0.01018,0.000629
0,12.18,8.5123,-6.5687,0.8509,1.2130,0.5907,10.8012,13.4595,10.7379,13.4990,0.5857,0.12320,0.13384,0.01018,0.000629
0,12.20,8.5282,-6.5503,0.8627,1.2155,0.5872,10.8342,13.4766,11.0447,13.1922,0.5885,0.12334,0.13391,0.01018,0.000629
0,12.22,8.5439,-6.5318,0.8745,1.2179,0.5835,10.8664,13.4920,11.0447,13.4990,0.6040,0.12347,0.13397,0.01018,0.000629
0,12.24,8.5594,-6.5130,0.8862,1.2202,0.5796,10.8978,13.5059,11.0447,13.8058,0.5780,0.12359,0.13402,0.01017,0.000629
0,12.26,8.5747,-6.4940,0.8978,1.2223,0.5755,10.9285,13.5181,10.7379,13.4990,0.5817,0.12371,0.13407,0.01017,0.000629
0,12.28,8.5899,-6.4748,0.9093,1.2244,0.5712,10.9583,13.5287,11.0447,13.4990,0.5734,0.12383,0.13411,0.01017,0.000629
0,12.30,8.6048,-6.4554,0.9207,1.2263,0.5668,10.9873,13.5377,11.0447,13.8058,0.5811,0.12395,0.13415,0.01017,0.000629
0,12.32,8.6195,-6.4358,0.9320,1.2280,0.5621,11.0154,13.5451,11.0447,13.4990,0.5644,0.12406,0.13418,0.01017,0.000629
0,12.34,8.6341,-6.4160,0.9433,1.2297,0.5573,11.0428,13.5508,11.0447,13.4990,0.5452,0.12417,0.13420,0.01017,0.000629
0,12.36,8.6484,-6.3960,0.9544,1.2312,0.5524,11.0692,13.5549,11.3515,13.4990,0.5441,0.12428,0.13422,0.01017,0.000629
0,12.38,8.6625,-6.3758,0.9655,1.2326,0.5472,11.0948,13.5573,11.0447,13.4990,0.5398,0.12438,0.13423,0.01016,0.000629
0,12.40,8.6764,-6.3555,0.9764,1.2339,0.5419,11.1195,13.5581,11.0447,13.4990,0.5381,0.12448,0.13423,0.01016,0.000629
0,12.42,8.6901,-6.3350,0.9872,1.2350,0.5364,11.1434,13.5572,11.3515,13.4990,0.5407,0.12457,0.13423,0.01016,0.000629
0,12.44,8.7036,-6.3143,0.9980,1.2360,0.5308,11.1663,13.5547,11.3515,13.4990,0.5224,0.12467,0.13422,0.01016,0.000629
0,12.46,8.7169,-6.2934,1.0086,1.2369,0.5249,11.1883,13.5505,11.0447,13.4990,0.5192,0.12475,0.13420,0.01016,0.000629
0,12.48,8.7300,-6.2724,1.0191,1.2377,0.5189,11.2095,13.5447,11.3515,13.1922,0.5362,0.12484,0.13418,0.01016,0.000629
0,12.50,8.7429,-6.2513,1.0295,1.2383,0.5128,11.2297,13.5372,11.0447,13.4990,0.5024,0.12492,0.13415,0.01015,0.000629
0,12.52,8.7555,-6.2300,1.0397,1.2389,0.5065,11.2490,13.5281,11.3515,13.4990,0.4956,0.12500,0.13411,0.01015,0.000629
0,12.54,8.7680,-6.2086,1.0498,1.2392,0.5000,11.2673,13.5174,11.3515,13.4990,0.4810,0.12507,0.13407,0.01015,0.000629
0,12.56,8.7802,-6.1870,1.0598,1.2395,0.4934,11.2847,13.5050,11.3515,13.1922,0.5060,0.12514,0.13402,0.01015,0.000629
0,12.58,8.7922,-6.1653,1.0697,1.2396,0.4866,11.3012,13.4910,11.3515,13.4990,0.4812,0.12520,0.13396,0.01015,0.000629
0,12.60,8.8040,-6.1435,1.0794,1.2396,0.4797,11.3168,13.4754,11.3515,13.4990,0.4744,0.12527,0.13390,0.01014,0.000629
0,12.62,8.8156,-6.1216,1.0890,1.2395,0.4726,11.3313,13.4582,11.0447,13.4990,0.4593,0.12533,0.13383,0.01014,0.000629
0,12.64,8.8270,-6.0996,1.0985,1.2392,0.4654,11.3449,13.4393,11.3515,13.4990,0.4758,0.12538,0.13376,0.01014,0.000629
0,12.66,8.8382,-6.0775,1.1078,1.2388,0.4581,11.3576,13.4189,11.3515,13.4990,0.4555,0.12543,0.13368,0.01014,0.000629
0,12.68,8.8491,-6.0552,1.1170,1.2383,0.4506,11.3693,13.3969,11.3515,13.4990,0.4496,0.12548,0.13359,0.01014,0.000629
0,12.70,8.8599,-6.0329,1.1260,1.2377,0.4429,11.3800,13.3732,11.3515,13.4990,0.4231,0.12552,0.13349,0.01013,0.000629
0,12.72,8.8704,-6.0105,1.1348,1.2369,0.4352,11.3897,13.3481,11.6583,13.4990,0.4217,0.12556,0.13339,0.01013,0.000629
0,12.74,8.8808,-5.9881,1.1435,1.2360,0.4273,11.3985,13.3213,11.3515,13.1922,0.4225,0.12559,0.13329,0.01013,0.000629
0,12.76,8.8909,-5.9655,1.1521,1.2350,0.4193,11.4063,13.2931,11.3515,13.4990,0.4005,0.12563,0.13317,0.01013,0.000629
0,12.78,8.9009,-5.9429,1.1605,1.2338,0.4111,11.4131,13.2633,11.3515,13.1922,0.4116,0.12565,0.13305,0.01012,0.000629
0,12.80,8.9106,-5.9203,1.1687,1.2325,0.4029,11.4190,13.2320,11.3515,13.1922,0.4181,0.12568,0.13293,0.01012,0.000629
0,12.82,8.9202,-5.8975,1.1767,1.2311,0.3945,11.4238,13.1991,11.6583,13.1922,0.4004,0.12570,0.13280,0.01012,0.000629
0,12.84,8.9296,-5.8748,1.1846,1.2296,0.3860,11.4277,13.1649,11.3515,13.1922,0.4022,0.12571,0.13266,0.01012,0.000629
0,12.86,8.9387,-5.8519,1.1924,1.2280,0.3774,11.4306,13.1291,11.3515,13.4990,0.3752,0.12572,0.13252,0.01011,0.000629
0,12.88,8.9477,-5.8291,1.1999,1.2262,0.3687,11.4326,13.0919,11.3515,13.1922,0.3721,0.12573,0.13237,0.01011,0.000629
0,12.90,8.9565,-5.8062,1.2073,1.2243,0.3599,11.4335,13.0532,11.0447,13.1922,0.3476,0.12573,0.13221,0.01011,0.000629
0,12.92,8.9651,-5.7833,1.2145,1.2223,0.3510,11.4335,13.0132,11.3515,12.8854,0.3550,0.12573,0.13205,0.01011,0.000629
0,12.94,8.9736,-5.7603,1.2215,1.2202,0.3421,11.4325,12.9717,11.3515,12.8854,0.3388,0.12573,0.13189,0.01010,0.000629
0,12.96,8.9819,-5.7374,1.2283,1.2180,0.3330,11.4306,12.9289,11.3515,12.8854,0.3204,0.12572,0.13172,0.01010,0.000629
0,12.98,8.9900,-5.7144,1.2350,1.2156,0.3238,11.4276,12.8847,11.0447,12.8854,0.3330,0.12571,0.13154,0.01010,0.000629
0,13.00,8.9979,-5.6914,1.2415,1.2131,0.3146,11.4237,12.8392,11.6583,12.8854,0.3134,0.12569,0.13136,0.01009,0.000629
0,13.02,9.0057,-5.6684,1.2478,1.2106,0.3052,11.4189,12.7924,11.3515,12.8854,0.2971,0.12568,0.13117,0.01009,0.000629
0,13.04,9.0133,-5.6455,1.2539,1.2079,0.2958,11.4131,12.7443,11.3515,12.5786,0.3033,0.12565,0.13098,0.01009,0.000629
0,13.06,9.0208,-5.6225,1.2598,1.2051,0.2864,11.4064,12.6950,11.3515,12.5786,0.2948,0.12563,0.13078,0.01009,0.000629
0,13.08,9.0281,-5.5995,1.2655,1.2022,0.2768,11.3987,12.6444,11.3515,12.5786,0.2929,0.12559,0.13058,0.01008,0.000629
0,13.10,9.0352,-5.5766,1.2711,1.1991,0.2672,11.3901,12.5926,11.3515,12.5786,0.2610,0.12556,0.13037,0.01008,0.000629
0,13.12,9.0422,-5.5536,1.2764,1.1960,0.2576,11.3805,12.5396,11.3515,12.2718,0.2708,0.12552,0.13016,0.01008,0.000629
0,13.14,9.0491,-5.5307,1.2816,1.1928,0.2479,11.3701,12.4854,11.3515,12.5786,0.2394,0.12548,0.12994,0.01007,0.000629
0,13.16,9.0559,-5.5078,1.2865,1.1894,0.2381,11.3587,12.4301,11.3515,12.5786,0.2409,0.12543,0.12972,0.01007,0.000629
0,13.18,9.0625,-5.4850,1.2913,1.1860,0.2283,11.3464,12.3737,11.3515,12.2718,0.2343,0.12539,0.12949,0.01007,0.000629
0,13.20,9.0690,-5.4622,1.2958,1.1825,0.2184,11.3332,12.3162,11.3515,12.2718,0.2252,0.12533,0.12926,0.01007,0.000629
0,13.22,9.0754,-5.4394,1.3002,1.1788,0.2086,11.3191,12.2576,11.3515,12.2718,0.1899,0.12528,0.12903,0.01006,0.000629
0,13.24,9.0816,-5.4167,1.3044,1.1751,0.1986,11.3042,12.1981,11.3515,12.5786,0.1910,0.12522,0.12879,0.01006,0.000629
0,13.26,9.0878,-5.3940,1.3083,1.1713,0.1887,11.2883,12.1375,11.3515,12.2718,0.2068,0.12515,0.12855,0.01006,0.000629
0,13.28,9.0938,-5.3714,1.3121,1.1674,0.1787,11.2716,12.0759,11.3515,12.2718,0.1869,0.12509,0.12830,0.01005,0.000629
0,13.30,9.0997,-5.3488,1.3157,1.1634,0.1687,11.2541,12.0135,11.0447,11.6583,0.1602,0.12502,0.12805,0.01005,0.000629
0,13.32,9.1056,-5.3262,1.3191,1.1593,0.1587,11.2357,11.9501,11.3515,11.9651,0.1543,0.12494,0.12780,0.01005,0.000629
0,13.34,9.1113,-5.3038,1.3222,1.1551,0.1487,11.2165,11.8858,11.0447,11.6583,0.1325,0.12487,0.12754,0.01004,0.000629
0,13.36,9.1169,-5.2814,1.3252,1.1509,0.1387,11.1965,11.8207,11.0447,11.6583,0.1392,0.12479,0.12728,0.01004,0.000629
0,13.38,9.1225,-5.2590,1.3280,1.1465,0.1287,11.1756,11.7548,11.0447,11.6583,0.1507,0.12470,0.12702,0.01004,0.000629
0,13.40,9.1280,-5.2368,1.3306,1.1421,0.1187,11.1540,11.6881,11.0447,11.6583,0.1176,0.12462,0.12675,0.01004,0.000629
0,13.42,9.1334,-5.2146,1.3329,1.1376,0.1087,11.1316,11.6206,11.0447,11.6583,0.1178,0.12453,0.12648,0.01003,0.000629
0,13.44,9.1387,-5.1925,1.3351,1.1330,0.0987,11.1084,11.5525,11.0447,11.6583,0.0926,0.12443,0.12621,0.01003,0.000629
0,13.46,9.1440,-5.1704,1.3371,1.1284,0.0887,11.0845,11.4836,11.0447,11.3515,0.0920,0.12434,0.12593,0.01003,0.000629
0,13.48,9.1492,-5.1485,1.3389,1.1237,0.0787,11.0599,11.4141,11.3515,11.3515,0.0734,0.12424,0.12566,0.01002,0.000629
0,13.50,9.1544,-5.1266,1.3404,1.1189,0.0688,11.0345,11.3440,11.0447,11.6583,0.0767,0.12414,0.12538,0.01002,0.000629
0,13.52,9.1595,-5.1048,1.3418,1.1141,0.0589,11.0084,11.2733,11.0447,11.0447,0.0639,0.12403,0.12509,0.01002,0.000629
0,13.54,9.1645,-5.0831,1.3430,1.1092,0.0490,10.9816,11.2020,11.3515,11.0447,0.0594,0.12393,0.12481,0.01001,0.000629
0,13.56,9.1695,-5.0615,1.3440,1.1042,0.0391,10.9541,11.1303,11.0447,11.3515,0.0385,0.12382,0.12452,0.01001,0.000629
0,13.58,9.1745,-5.0400,1.3448,1.0992,0.0293,10.9260,11.0580,10.7379,11.3515,0.0184,0.12370,0.12423,0.01001,0.000629
0,13.60,9.1794,-5.0185,1.3453,1.0941,0.0196,10.8972,10.9853,11.0447,11.0447,0.0198,0.12359,0.12394,0.01001,0.000629
0,13.62,9.1843,-4.9972,1.3457,1.0890,0.0099,10.8678,10.9122,10.7379,10.7379,0.0124,0.12347,0.12365,0.01000,0.000629
0,13.64,9.1891,-4.9760,1.3459,1.0838,0.0002,10.8378,10.8388,10.7379,11.0447,0.0021,0.12335,0.12336,0.01000,0.000629
0,13.66,9.1940,-4.9549,1.3459,1.0786,-0.0094,10.8071,10.7649,10.7379,11.0447,-0.0178,0.12323,0.12306,0.01000,0.000629
0,13.68,9.1988,-4.9338,1.3457,1.0733,-0.0189,10.7759,10.6908,10.7379,10.7379,-0.0079,0.12310,0.12276,0.01001,0.000629
0,13.70,9.2036,-4.9129,1.3454,1.0680,-0.0284,10.7442,10.6164,10.7379,10.7379,-0.0312,0.12298,0.12247,0.01001,0.000629
0,13.72,9.2083,-4.8921,1.3448,1.0627,-0.0378,10.7119,10.5418,10.7379,10.4311,-0.0303,0.12285,0.12217,0.01001,0.000629
0,13.74,9.2131,-4.8714,1.3440,1.0573,-0.0471,10.6790,10.4670,10.7379,10.4311,-0.0587,0.12272,0.12187,0.01001,0.000629
0,13.76,9.2179,-4.8508,1.3431,1.0519,-0.0564,10.6457,10.3920,10.7379,10.4311,-0.0706,0.12258,0.12157,0.01002,0.000629
0,13.78,9.2226,-4.8303,1.3420,1.0464,-0.0656,10.6118,10.3169,10.4311,10.1243,-0.0802,0.12245,0.12127,0.01002,0.000629
0,13.80,9.2274,-4.8099,1.3407,1.0410,-0.0746,10.5775,10.2417,10.4311,10.4311,-0.0843,0.12231,0.12097,0.01002,0.000629
0,13.82,9.2322,-4.7896,1.3392,1.0355,-0.0836,10.5428,10.1664,10.4311,10.1243,-0.0707,0.12217,0.12067,0.01003,0.000629
0,13.84,9.2369,-4.7695,1.3375,1.0299,-0.0926,10.5076,10.0911,10.7379,10.1243,-0.0911,0.12203,0.12036,0.01003,0.000629
0,13.86,9.2417,-4.7494,1.3356,1.0244,-0.1014,10.4720,10.0158,10.4311,10.1243,-0.1075,0.12189,0.12006,0.01003,0.000629
0,13.88,9.2465,-4.7295,1.3336,1.0188,-0.1101,10.4360,9.9406,10.4311,10.1243,-0.1003,0.12174,0.11976,0.01003,0.000629
0,13.90,9.2513,-4.7097,1.3314,1.0133,-0.1187,10.3997,9.8655,10.7379,9.8175,-0.1117,0.12160,0.11946,0.01004,0.000629
0,13.92,9.2561,-4.6900,1.3290,1.0077,-0.1272,10.3630,9.7905,10.4311,9.5107,-0.1265,0.12145,0.11916,0.01004,0.000629
0,13.94,9.2610,-4.6705,1.3265,1.0021,-0.1356,10.3259,9.7157,10.1243,9.8175,-0.1399,0.12130,0.11886,0.01004,0.000629
0,13.96,9.2659,-4.6510,1.3238,0.9965,-0.1439,10.2886,9.6410,10.4311,9.8175,-0.1488,0.12115,0.11856,0.01004,0.000629
0,13.98,9.2708,-4.6317,1.3209,0.9909,-0.1521,10.2509,9.5666,10.1243,9.5107,-0.1410,0.12100,0.11827,0.01005,0.000629
0,14.00,9.2757,-4.6125,1.3179,0.9853,-0.1601,10.2130,9.4924,10.1243,9.2039,-0.1618,0.12085,0.11797,0.01005,0.000629
0,14.02,9.2807,-4.5935,1.3147,0.9797,-0.1681,10.1749,9.4186,10.4311,9.5107,-0.1722,0.12070,0.11767,0.01005,0.000629
0,14.04,9.2857,-4.5745,1.3113,0.9741,-0.1759,10.1365,9.3450,10.1243,9.5107,-0.1901,0.12055,0.11738,0.01005,0.000629
0,14.06,9.2907,-4.5557,1.3078,0.9685,-0.1836,10.0979,9.2719,10.1243,9.2039,-0.1789,0.12039,0.11709,0.01006,0.000629
0,14.08,9.2958,-4.5370,1.3041,0.9629,-0.1911,10.0592,9.1991,10.1243,8.8971,-0.1872,0.12024,0.11680,0.01006,0.000629
0,14.10,9.3009,-4.5184,1.3003,0.9574,-0.1985,10.0202,9.1268,9.8175,8.8971,-0.2102,0.12008,0.11651,0.01006,0.000629
0,14.12,9.3060,-4.5000,1.2963,0.9518,-0.2058,9.9812,9.0549,9.8175,9.2039,-0.2070,0.11992,0.11622,0.01006,0.000629
0,14.14,9.3112,-4.4817,1.2922,0.9463,-0.2130,9.9420,8.9835,10.1243,8.5903,-0.2208,0.11977,0.11593,0.01006,0.000629
0,14.16,9.3165,-4.4635,1.2879,0.9408,-0.2200,9.9027,8.9127,9.8175,8.8971,-0.2116,0.11961,0.11565,0.01007,0.000629
0,14.18,9.3218,-4.4454,1.2835,0.9353,-0.2269,9.8634,8.8425,9.8175,8.5903,-0.2167,0.11945,0.11537,0.01007,0.000629
0,14.20,9.3271,-4.4275,1.2790,0.9298,-0.2336,9.8240,8.7728,9.8175,8.8971,-0.2397,0.11930,0.11509,0.01007,0.000629
0,14.22,9.3325,-4.4097,1.2743,0.9244,-0.2402,9.7846,8.7038,9.8175,8.5903,-0.2315,0.11914,0.11482,0.01007,0.000629
0,14.24,9.3379,-4.3920,1.2695,0.9190,-0.2466,9.7452,8.6354,9.8175,8.8971,-0.2468,0.11898,0.11454,0.01007,0.000629
0,14.26,9.3434,-4.3745,1.2646,0.9137,-0.2529,9.7058,8.5677,9.5107,8.2835,-0.2583,0.11882,0.11427,0.01008,0.000629
0,14.28,9.3490,-4.3571,1.2595,0.9084,-0.2590,9.6664,8.5008,9.8175,8.2835,-0.2431,0.11867,0.11400,0.01008,0.000629
0,14.30,9.3546,-4.3398,1.2544,0.9031,-0.2650,9.6271,8.4346,9.5107,8.2835,-0.2690,0.11851,0.11374,0.01008,0.000629
0,14.32,9.3603,-4.3227,1.2491,0.8978,-0.2708,9.5878,8.3691,9.5107,8.2835,-0.2805,0.11835,0.11348,0.01008,0.000629
0,14.34,9.3660,-4.3056,1.2436,0.8927,-0.2765,9.5487,8.3045,9.8175,8.2835,-0.2783,0.11819,0.11322,0.01008,0.000629
0,14.36,9.3718,-4.2887,1.2381,0.8875,-0.2820,9.5097,8.2408,9.5107,8.2835,-0.2814,0.11804,0.11296,0.01008,0.000629
0,14.38,9.3776,-4.2720,1.2325,0.8824,-0.2873,9.4709,8.1779,9.8175,8.2835,-0.2837,0.11788,0.11271,0.01009,0.000629
0,14.40,9.3835,-4.2554,1.2267,0.8774,-0.2925,9.4322,8.1159,9.5107,7.9767,-0.2742,0.11773,0.11246,0.01009,0.000629
0,14.42,9.3895,-4.2389,1.2209,0.8724,-0.2975,9.3937,8.0548,9.5107,8.2835,-0.3038,0.11757,0.11222,0.01009,0.000629
0,14.44,9.3955,-4.2225,1.2149,0.8675,-0.3024,9.3555,7.9947,9.5107,7.9767,-0.2976,0.11742,0.11198,0.01009,0.000629
0,14.46,9.4016,-4.2062,1.2089,0.8626,-0.3071,9.3174,7.9355,9.5107,7.9767,-0.2984,0.11727,0.11174,0.01009,0.000629
0,14.48,9.4078,-4.1901,1.2027,0.8579,-0.3116,9.2797,7.8774,9.2039,7.9767,-0.2903,0.11712,0.11151,0.01009,0.000629
0,14.50,9.4140,-4.1741,1.1965,0.8531,-0.3160,9.2422,7.8203,9.2039,7.9767,-0.3170,0.11697,0.11128,0.01009,0.000629
0,14.52,9.4203,-4.1583,1.1902,0.8485,-0.3202,9.2050,7.7642,9.2039,7.6699,-0.3311,0.11682,0.11106,0.01010,0.000629
0,14.54,9.4266,-4.1425,1.1838,0.8439,-0.3242,9.1681,7.7093,9.5107,7.6699,-0.3356,0.11667,0.11084,0.01010,0.000629
0,14.56,9.4330,-4.1269,1.1773,0.8394,-0.3281,9.1316,7.6554,8.8971,7.6699,-0.3370,0.11653,0.11062,0.01010,0.000629
0,14.58,9.4395,-4.1114,1.1707,0.8349,-0.3317,9.0955,7.6026,8.8971,7.3631,-0.3438,0.11638,0.11041,0.01010,0.000629
0,14.60,9.4461,-4.0961,1.1641,0.8305,-0.3353,9.0597,7.5510,9.2039,7.6699,-0.3379,0.11624,0.11020,0.01010,0.000629
0,14.62,9.4527,-4.0809,1.1574,0.8262,-0.3386,9.0244,7.5006,8.8971,7.6699,-0.3374,0.11610,0.11000,0.01010,0.000629
0,14.64,9.4594,-4.0657,1.1506,0.8220,-0.3418,8.9895,7.4513,8.8971,7.3631,-0.3448,0.11596,0.10981,0.01010,0.000629
0,14.66,9.4662,-4.0508,1.1438,0.8179,-0.3448,8.9550,7.4033,8.8971,7.3631,-0.3492,0.11582,0.10961,0.01010,0.000629
0,14.68,9.4730,-4.0359,1.1369,0.8139,-0.3477,8.9210,7.3565,9.2039,7.3631,-0.3470,0.11568,0.10943,0.01010,0.000629
0,14.70,9.4799,-4.0211,1.1299,0.8099,-0.3503,8.8875,7.3109,8.8971,7.3631,-0.3229,0.11555,0.10924,0.01011,0.000629
0,14.72,9.4868,-4.0065,1.1229,0.8061,-0.3529,8.8545,7.2666,8.8971,7.0563,-0.3415,0.11542,0.10907,0.01011,0.000629
0,14.74,9.4939,-3.9920,1.1159,0.8023,-0.3552,8.8220,7.2236,8.8971,7.3631,-0.3472,0.11529,0.10889,0.01011,0.000629
0,14.76,9.5010,-3.9776,1.1088,0.7986,-0.3574,8.7901,7.1819,8.5903,7.0563,-0.3525,0.11516,0.10873,0.01011,0.000629
0,14.78,9.5081,-3.9634,1.1016,0.7950,-0.3594,8.7587,7.1415,8.8971,7.0563,-0.3782,0.11503,0.10857,0.01011,0.000629
0,14.80,9.5154,-3.9492,1.0944,0.7915,-0.3612,8.7279,7.1024,8.5903,7.0563,-0.3622,0.11491,0.10841,0.01011,0.000629
0,14.82,9.5227,-3.9352,1.0872,0.7881,-0.3629,8.6978,7.0647,8.5903,7.0563,-0.3819,0.11479,0.10826,0.01011,0.000629
0,14.84,9.5301,-3.9212,1.0800,0.7848,-0.3644,8.6682,7.0283,8.5903,7.0563,-0.3694,0.11467,0.10811,0.01011,0.000629
0,14.86,9.5375,-3.9074,1.0727,0.7816,-0.3658,8.6393,6.9933,8.5903,7.0563,-0.3646,0.11456,0.10797,0.01011,0.000629
0,14.88,9.5450,-3.8937,1.0653,0.7785,-0.3670,8.6111,6.9597,8.8971,7.3631,-0.3577,0.11444,0.10784,0.01011,0.000629
0,14.90,9.5526,-3.8801,1.0580,0.7755,-0.3680,8.5835,6.9275,8.5903,7.0563,-0.3747,0.11433,0.10771,0.01011,0.000629
0,14.92,9.5603,-3.8666,1.0506,0.7727,-0.3689,8.5567,6.8967,8.5903,6.7495,-0.3653,0.11423,0.10759,0.01011,0.000629
0,14.94,9.5680,-3.8532,1.0433,0.7699,-0.3696,8.5305,6.8673,8.5903,7.0563,-0.3556,0.11412,0.10747,0.01011,0.000629
0,14.96,9.5758,-3.8400,1.0359,0.7672,-0.3702,8.5051,6.8393,8.5903,6.7495,-0.3688,0.11402,0.10736,0.01011,0.000629
0,14.98,9.5837,-3.8268,1.0285,0.7647,-0.3706,8.4804,6.8128,8.5903,6.7495,-0.3511,0.11392,0.10725,0.01011,0.000629
0,15.00,9.5916,-3.8137,1.0211,0.7622,-0.3708,8.4564,6.7877,8.2835,6.7495,-0.3664,0.11383,0.10715,0.01011,0.000629
0,15.02,9.5996,-3.8008,1.0136,0.7599,-0.3709,8.4333,6.7641,8.5903,6.4427,-0.3789,0.11373,0.10706,0.01011,0.000629
0,15.04,9.6077,-3.7879,1.0062,0.7576,-0.3709,8.4109,6.7419,8.5903,6.7495,-0.3494,0.11364,0.10697,0.01011,0.000629
0,15.06,9.6159,-3.7751,0.9988,0.7555,-0.3707,8.3893,6.7212,8.2835,6.7495,-0.3710,0.11356,0.10688,0.01011,0.000629
0,15.08,9.6241,-3.7624,0.9914,0.7535,-0.3704,8.3686,6.7019,8.2835,6.4427,-0.3860,0.11347,0.10681,0.01011,0.000629
0,15.10,9.6324,-3.7499,0.9840,0.7516,-0.3699,8.3486,6.6841,8.2835,6.7495,-0.3786,0.11339,0.10674,0.01011,0.000629
0,15.12,9.6408,-3.7374,0.9766,0.7499,-0.3693,8.3296,6.6678,8.2835,6.4427,-0.3550,0.11332,0.10667,0.01011,0.000629
0,15.14,9.6492,-3.7250,0.9692,0.7482,-0.3685,8.3114,6.6530,8.2835,6.4427,-0.3480,0.11325,0.10661,0.01011,0.000629
0,15.16,9.6577,-3.7127,0.9618,0.7467,-0.3676,8.2940,6.6397,8.2835,6.7495,-0.3633,0.11318,0.10656,0.01011,0.000629
0,15.18,9.6663,-3.7005,0.9545,0.7453,-0.3666,8.2775,6.6278,8.2835,6.4427,-0.3531,0.11311,0.10651,0.01011,0.000629
0,15.20,9.6750,-3.6883,0.9472,0.7440,-0.3655,8.2620,6.6174,8.2835,6.4427,-0.3788,0.11305,0.10647,0.01011,0.000629
0,15.22,9.6837,-3.6763,0.9398,0.7428,-0.3642,8.2473,6.6085,7.9767,6.4427,-0.3853,0.11299,0.10643,0.01011,0.000629
0,15.24,9.6925,-3.6643,0.9326,0.7417,-0.3628,8.2335,6.6010,8.2835,6.7495,-0.3567,0.11293,0.10640,0.01011,0.000629
0,15.26,9.7014,-3.6524,0.9253,0.7408,-0.3613,8.2207,6.5951,7.9767,6.4427,-0.3631,0.11288,0.10638,0.01011,0.000629
0,15.28,9.7104,-3.6406,0.9181,0.7400,-0.3596,8.2088,6.5906,8.2835,6.4427,-0.3716,0.11284,0.10636,0.01011,0.000629
0,15.30,9.7194,-3.6289,0.9109,0.7393,-0.3579,8.1979,6.5876,8.2835,6.7495,-0.3565,0.11279,0.10635,0.01011,0.000629
0,15.32,9.7285,-3.6173,0.9037,0.7387,-0.3560,8.1879,6.5860,8.2835,6.7495,-0.3413,0.11275,0.10634,0.01011,0.000629
0,15.34,9.7377,-3.6057,0.8966,0.7382,-0.3540,8.1789,6.5859,8.2835,6.4427,-0.3582,0.11272,0.10634,0.01011,0.000629
0,15.36,9.7469,-3.5942,0.8895,0.7379,-0.3519,8.1708,6.5872,8.2835,6.4427,-0.3605,0.11268,0.10635,0.01011,0.000629
0,15.38,9.7563,-3.5827,0.8825,0.7377,-0.3497,8.1637,6.5900,8.2835,6.7495,-0.3427,0.11265,0.10636,0.01010,0.000629
0,15.40,9.7657,-3.5714,0.8755,0.7376,-0.3474,8.1577,6.5943,7.9767,6.7495,-0.3375,0.11263,0.10638,0.01010,0.000629
0,15.42,9.7752,-3.5601,0.8685,0.7376,-0.3450,8.1526,6.5999,7.9767,6.4427,-0.3474,0.11261,0.10640,0.01010,0.000629
0,15.44,9.7847,-3.5489,0.8616,0.7378,-0.3425,8.1485,6.6070,8.2835,6.7495,-0.3555,0.11259,0.10643,0.01010,0.000629
0,15.46,9.7944,-3.5377,0.8548,0.7380,-0.3400,8.1454,6.6155,7.9767,6.7495,-0.3415,0.11258,0.10646,0.01010,0.000629
0,15.48,9.8041,-3.5266,0.8480,0.7384,-0.3373,8.1433,6.6254,8.2835,6.7495,-0.3265,0.11257,0.10650,0.01010,0.000629
0,15.50,9.8139,-3.5155,0.8413,0.7389,-0.3346,8.1422,6.6366,7.9767,6.4427,-0.3314,0.11257,0.10655,0.01010,0.000629
0,15.52,9.8238,-3.5046,0.8346,0.7396,-0.3318,8.1422,6.6493,8.2835,6.4427,-0.3364,0.11257,0.10660,0.01010,0.000629
0,15.54,9.8338,-3.4936,0.8279,0.7403,-0.3289,8.1431,6.6633,7.9767,6.7495,-0.3212,0.11257,0.10665,0.01010,0.000629
0,15.56,9.8438,-3.4828,0.8213,0.7412,-0.3259,8.1451,6.6786,7.9767,6.7495,-0.3464,0.11258,0.10671,0.01010,0.000629
0,15.58,9.8540,-3.4719,0.8148,0.7422,-0.3229,8.1481,6.6953,7.9767,6.7495,-0.3395,0.11259,0.10678,0.01010,0.000629
0,15.60,9.8642,-3.4612,0.8084,0.7433,-0.3197,8.1522,6.7133,8.2835,6.7495,-0.3389,0.11261,0.10685,0.01010,0.000629
0,15.62,9.8745,-3.4505,0.8020,0.7445,-0.3166,8.1573,6.7326,8.2835,6.7495,-0.3210,0.11263,0.10693,0.01009,0.000629
0,15.64,9.8849,-3.4398,0.7956,0.7458,-0.3134,8.1634,6.7532,8.2835,6.7495,-0.3122,0.11265,0.10701,0.01009,0.000629
0,15.66,9.8953,-3.4292,0.7894,0.7473,-0.3101,8.1705,6.7751,8.2835,6.7495,-0.3042,0.11268,0.10710,0.01009,0.000629
0,15.68,9.9059,-3.4186,0.7832,0.7488,-0.3068,8.1787,6.7982,8.2835,6.7495,-0.3032,0.11271,0.10719,0.01009,0.000629
0,15.70,9.9165,-3.4081,0.7770,0.7505,-0.3034,8.1879,6.8226,7.9767,6.7495,-0.3078,0.11275,0.10729,0.01009,0.000629
0,15.72,9.9273,-3.3976,0.7710,0.7523,-0.3000,8.1981,6.8482,8.2835,7.0563,-0.3060,0.11279,0.10739,0.01009,0.000629
0,15.74,9.9381,-3.3871,0.7650,0.7542,-0.2965,8.2094,6.8749,7.9767,7.0563,-0.2930,0.11284,0.10750,0.01009,0.000629
0,15.76,9.9490,-3.3767,0.7590,0.7562,-0.2931,8.2217,6.9029,8.2835,6.7495,-0.3017,0.11289,0.10761,0.01009,0.000629
0,15.78,9.9600,-3.3663,0.7532,0.7583,-0.2896,8.2350,6.9320,8.2835,7.0563,-0.2826,0.11294,0.10773,0.01009,0.000629
0,15.80,9.9711,-3.3560,0.7474,0.7606,-0.2860,8.2493,6.9622,8.2835,6.7495,-0.2974,0.11300,0.10785,0.01009,0.000629
0,15.82,9.9823,-3.3457,0.7417,0.7629,-0.2825,8.2647,6.9936,8.2835,6.7495,-0.2826,0.11306,0.10797,0.01008,0.000629
0,15.84,9.9936,-3.3354,0.7360,0.7654,-0.2789,8.2810,7.0260,8.2835,7.0563,-0.2802,0.11312,0.10810,0.01008,0.000629
0,15.86,10.0050,-3.3252,0.7304,0.7679,-0.2753,8.2984,7.0595,8.2835,7.0563,-0.2735,0.11319,0.10824,0.01008,0.000629
0,15.88,10.0164,-3.3149,0.7249,0.7705,-0.2717,8.3167,7.0941,8.2835,7.0563,-0.2471,0.11327,0.10838,0.01008,0.000629
0,15.90,10.0280,-3.3047,0.7195,0.7733,-0.2681,8.3361,7.1297,8.2835,7.0563,-0.2507,0.11334,0.10852,0.01008,0.000629
0,15.92,10.0396,-3.2946,0.7141,0.7761,-0.2645,8.3564,7.1662,8.2835,7.0563,-0.2560,0.11343,0.10866,0.01008,0.000629
0,15.94,10.0514,-3.2845,0.7089,0.7791,-0.2609,8.3778,7.2038,8.2835,7.0563,-0.2670,0.11351,0.10882,0.01008,0.000629
0,15.96,10.0633,-3.2743,0.7036,0.7821,-0.2573,8.4001,7.2423,8.5903,7.3631,-0.2458,0.11360,0.10897,0.01008,0.000629
0,15.98,10.0752,-3.2643,0.6985,0.7853,-0.2537,8.4233,7.2817,8.5903,7.3631,-0.2377,0.11369,0.10913,0.01008,0.000629
0,16.00,10.0873,-3.2542,0.6934,0.7885,-0.2501,8.4476,7.3220,8.2835,7.3631,-0.2574,0.11379,0.10929,0.01008,0.000629
0,16.02,10.0994,-3.2441,0.6884,0.7918,-0.2466,8.4727,7.3632,8.2835,7.3631,-0.2566,0.11389,0.10945,0.01007,0.000629
0,16.04,10.1117,-3.2341,0.6835,0.7952,-0.2430,8.4989,7.4052,8.2835,7.3631,-0.2337,0.11400,0.10962,0.01007,0.000629
0,16.06,10.1240,-3.2241,0.6786,0.7987,-0.2395,8.5259,7.4480,8.5903,7.3631,-0.2400,0.11410,0.10979,0.01007,0.000629
0,16.08,10.1365,-3.2141,0.6738,0.8023,-0.2361,8.5538,7.4916,8.2835,7.3631,-0.2393,0.11422,0.10997,0.01007,0.000629
0,16.10,10.1490,-3.2041,0.6691,0.8059,-0.2326,8.5827,7.5360,8.5903,7.3631,-0.2334,0.11433,0.11014,0.01007,0.000629
0,16.12,10.1617,-3.1941,0.6645,0.8097,-0.2292,8.6125,7.5811,8.8971,7.6699,-0.2147,0.11445,0.11032,0.01007,0.000629
0,16.14,10.1745,-3.1842,0.6599,0.8135,-0.2258,8.6431,7.6268,8.8971,7.6699,-0.2374,0.11457,0.11051,0.01007,0.000629
0,16.16,10.1874,-3.1742,0.6554,0.8174,-0.2225,8.6746,7.6733,8.5903,7.6699,-0.2260,0.11470,0.11069,0.01007,0.000629
0,16.18,10.2003,-3.1643,0.6509,0.8214,-0.2192,8.7070,7.7204,8.5903,7.6699,-0.2063,0.11483,0.11088,0.01007,0.000629
0,16.20,10.2134,-3.1544,0.6465,0.8254,-0.2160,8.7402,7.7681,8.5903,7.6699,-0.2209,0.11496,0.11107,0.01006,0.000629
0,16.22,10.2266,-3.1445,0.6422,0.8295,-0.2129,8.7743,7.8164,8.5903,7.9767,-0.2249,0.11510,0.11127,0.01006,0.000629
0,16.24,10.2399,-3.1346,0.6379,0.8337,-0.2098,8.8091,7.8652,8.8971,7.6699,-0.2102,0.11524,0.11146,0.01006,0.000629
0,16.26,10.2534,-3.1247,0.6337,0.8380,-0.2067,8.8448,7.9146,8.8971,7.9767,-0.2075,0.11538,0.11166,0.01006,0.000629
0,16.28,10.2669,-3.1148,0.6296,0.8423,-0.2037,8.8812,7.9644,8.8971,7.9767,-0.1995,0.11552,0.11186,0.01006,0.000629
0,16.30,10.2805,-3.1049,0.6255,0.8467,-0.2008,8.9184,8.0147,9.2039,7.9767,-0.1981,0.11567,0.11206,0.01006,0.000629
0,16.32,10.2943,-3.0950,0.6215,0.8511,-0.1980,8.9564,8.0654,9.2039,7.9767,-0.1967,0.11583,0.11226,0.01006,0.000629
0,16.34,10.3081,-3.0851,0.6176,0.8556,-0.1952,8.9951,8.1166,8.8971,7.9767,-0.1905,0.11598,0.11247,0.01006,0.000629
0,16.36,10.3221,-3.0752,0.6137,0.8601,-0.1926,9.0346,8.1680,8.8971,8.2835,-0.1917,0.11614,0.11267,0.01006,0.000629
0,16.38,10.3362,-3.0653,0.6098,0.8647,-0.1900,9.0747,8.2198,8.8971,8.2835,-0.1883,0.11630,0.11288,0.01006,0.000629
0,16.40,10.3504,-3.0555,0.6060,0.8694,-0.1875,9.1155,8.2719,9.2039,8.2835,-0.1926,0.11646,0.11309,0.01006,0.000629
0,16.42,10.3647,-3.0456,0.6023,0.8741,-0.1850,9.1570,8.3243,9.2039,8.2835,-0.2059,0.11663,0.11330,0.01006,0.000629
0,16.44,10.3791,-3.0357,0.5986,0.8788,-0.1827,9.1991,8.3769,9.2039,8.2835,-0.1786,0.11680,0.11351,0.01005,0.000629
0,16.46,10.3936,-3.0258,0.5949,0.8836,-0.1805,9.2419,8.4297,9.2039,8.5903,-0.1834,0.11697,0.11372,0.01005,0.000629
0,16.48,10.4083,-3.0160,0.5913,0.8884,-0.1783,9.2852,8.4827,9.2039,8.5903,-0.1750,0.11714,0.11393,0.01005,0.000629
0,16.50,10.4231,-3.0061,0.5877,0.8932,-0.1763,9.3292,8.5358,9.2039,8.5903,-0.1689,0.11732,0.11414,0.01005,0.000629
0,16.52,10.4380,-2.9962,0.5842,0.8981,-0.1744,9.3737,8.5890,9.2039,8.5903,-0.1683,0.11749,0.11436,0.01005,0.000629
0,16.54,10.4530,-2.9863,0.5807,0.9031,-0.1726,9.4188,8.6423,9.5107,8.5903,-0.1775,0.11768,0.11457,0.01005,0.000629
0,16.56,10.4681,-2.9764,0.5773,0.9080,-0.1708,9.4644,8.6956,9.5107,8.5903,-0.1935,0.11786,0.11478,0.01005,0.000629
0,16.58,10.4833,-2.9665,0.5738,0.9130,-0.1692,9.5105,8.7489,9.5107,8.5903,-0.1629,0.11804,0.11500,0.01005,0.000629
0,16.60,10.4987,-2.9567,0.5705,0.9180,-0.1678,9.5571,8.8022,9.5107,8.8971,-0.1791,0.11823,0.11521,0.01005,0.000629
0,16.62,10.5141,-2.9468,0.5671,0.9230,-0.1664,9.6042,8.8555,9.5107,8.5903,-0.1717,0.11842,0.11542,0.01005,0.000629
0,16.64,10.5297,-2.9369,0.5638,0.9280,-0.1651,9.6517,8.9086,9.8175,8.8971,-0.1628,0.11861,0.11563,0.01005,0.000629
0,16.66,10.5454,-2.9270,0.5605,0.9331,-0.1640,9.6996,8.9617,9.5107,8.5903,-0.1723,0.11880,0.11585,0.01005,0.000629
0,16.68,10.5612,-2.9171,0.5572,0.9381,-0.1630,9.7480,9.0145,9.8175,9.2039,-0.1566,0.11899,0.11606,0.01005,0.000629
0,16.70,10.5772,-2.9072,0.5539,0.9432,-0.1621,9.7967,9.0672,9.8175,8.8971,-0.1688,0.11919,0.11627,0.01005,0.000629
0,16.72,10.5932,-2.8973,0.5507,0.9483,-0.1613,9.8457,9.1197,9.8175,9.2039,-0.1641,0.11938,0.11648,0.01005,0.000629
0,16.74,10.6094,-2.8874,0.5475,0.9534,-0.1607,9.8951,9.1720,10.1243,9.2039,-0.1629,0.11958,0.11669,0.01005,0.000629
0,16.76,10.6257,-2.8775,0.5442,0.9584,-0.1602,9.9448,9.2239,9.8175,9.2039,-0.1738,0.11978,0.11690,0.01005,0.000629
0,16.78,10.6421,-2.8676,0.5410,0.9635,-0.1598,9.9948,9.2756,10.1243,9.2039,-0.1683,0.11998,0.11710,0.01005,0.000629
0,16.80,10.6587,-2.8577,0.5378,0.9686,-0.1596,10.0450,9.3269,10.1243,9.2039,-0.1605,0.12018,0.11731,0.01005,0.000629
0,16.82,10.6753,-2.8478,0.5347,0.9737,-0.1595,10.0955,9.3778,10.1243,9.2039,-0.1603,0.12038,0.11751,0.01005,0.000629
0,16.84,10.6921,-2.8379,0.5315,0.9787,-0.1595,10.1461,9.4283,10.1243,9.5107,-0.1460,0.12058,0.11771,0.01005,0.000629
0,16.86,10.7090,-2.8280,0.5283,0.9838,-0.1597,10.1970,9.4784,10.4311,9.5107,-0.1482,0.12079,0.11791,0.01005,0.000629
0,16.88,10.7260,-2.8181,0.5251,0.9888,-0.1600,10.2480,9.5280,10.1243,9.5107,-0.1796,0.12099,0.11811,0.01005,0.000629
0,16.90,10.7431,-2.8082,0.5219,0.9938,-0.1604,10.2992,9.5772,10.1243,9.5107,-0.1631,0.12120,0.11831,0.01005,0.000629
0,16.92,10.7604,-2.7984,0.5187,0.9988,-0.1610,10.3505,9.6258,10.4311,9.8175,-0.1640,0.12140,0.11850,0.01005,0.000629
0,16.94,10.7777,-2.7885,0.5155,1.0038,-0.1618,10.4018,9.6739,10.4311,9.5107,-0.1511,0.12161,0.11870,0.01005,0.000629
0,16.96,10.7952,-2.7786,0.5122,1.0087,-0.1626,10.4532,9.7214,10.4311,9.8175,-0.1694,0.12181,0.11889,0.01005,0.000629
0,16.98,10.8128,-2.7688,0.5090,1.0136,-0.1636,10.5047,9.7683,10.7379,9.8175,-0.1695,0.12202,0.11907,0.01005,0.000629
0,17.00,10.8305,-2.7589,0.5057,1.0185,-0.1648,10.5561,9.8145,10.4311,9.8175,-0.1701,0.12222,0.11926,0.01005,0.000629
0,17.02,10.8484,-2.7491,0.5024,1.0234,-0.1661,10.6076,9.8601,10.7379,9.8175,-0.1674,0.12243,0.11944,0.01005,0.000629
0,17.04,10.8663,-2.7392,0.4991,1.0282,-0.1676,10.6590,9.9050,10.4311,9.8175,-0.1778,0.12264,0.11962,0.01005,0.000629
0,17.06,10.8844,-2.7294,0.4957,1.0330,-0.1691,10.7103,9.9492,11.0447,10.1243,-0.1641,0.12284,0.11980,0.01005,0.000629
0,17.08,10.9026,-2.7196,0.4923,1.0377,-0.1709,10.7616,9.9927,11.0447,10.1243,-0.1838,0.12305,0.11997,0.01005,0.000629
0,17.10,10.9209,-2.7099,0.4889,1.0424,-0.1728,10.8127,10.0353,10.7379,10.1243,-0.1728,0.12325,0.12014,0.01005,0.000629
0,17.12,10.9393,-2.7001,0.4855,1.0470,-0.1748,10.8637,10.0772,10.7379,10.1243,-0.1556,0.12345,0.12031,0.01005,0.000629
0,17.14,10.9578,-2.6904,0.4820,1.0516,-0.1769,10.9146,10.1183,10.7379,10.1243,-0.1616,0.12366,0.12047,0.01005,0.000629
0,17.16,10.9765,-2.6806,0.4784,1.0562,-0.1793,10.9652,10.1585,11.0447,10.1243,-0.1626,0.12386,0.12063,0.01005,0.000629
0,17.18,10.9953,-2.6710,0.4748,1.0607,-0.1817,11.0156,10.1979,11.0447,10.4311,-0.1767,0.12406,0.12079,0.01005,0.000629
0,17.20,11.0142,-2.6613,0.4712,1.0651,-0.1843,11.0658,10.2364,11.0447,10.4311,-0.1778,0.12426,0.12095,0.01006,0.000629
0,17.22,11.0332,-2.6517,0.4675,1.0695,-0.1871,11.1157,10.2740,11.0447,10.1243,-0.2000,0.12446,0.12110,0.01006,0.000629
0,17.24,11.0523,-2.6420,0.4638,1.0738,-0.1899,11.1653,10.3106,11.0447,10.4311,-0.1942,0.12466,0.12124,0.01006,0.000629
0,17.26,11.0715,-2.6325,0.4600,1.0780,-0.1930,11.2146,10.3463,11.0447,10.4311,-0.1945,0.12486,0.12139,0.01006,0.000629
0,17.28,11.0908,-2.6229,0.4561,1.0822,-0.1961,11.2636,10.3810,11.0447,10.4311,-0.1922,0.12505,0.12152,0.01006,0.000629
0,17.30,11.1103,-2.6134,0.4522,1.0863,-0.1994,11.3121,10.4147,11.3515,10.4311,-0.1969,0.12525,0.12166,0.01006,0.000629
0,17.32,11.1298,-2.6040,0.4482,1.0904,-0.2029,11.3603,10.4474,11.0447,10.4311,-0.2088,0.12544,0.12179,0.01006,0.000629
0,17.34,11.1495,-2.5946,0.4442,1.0944,-0.2065,11.4081,10.4791,11.6583,10.4311,-0.2135,0.12563,0.12192,0.01006,0.000629
0,17.36,11.1693,-2.5852,0.4400,1.0983,-0.2102,11.4554,10.5097,11.3515,10.4311,-0.2150,0.12582,0.12204,0.01006,0.000629
0,17.38,11.1892,-2.5759,0.4358,1.1021,-0.2140,11.5023,10.5392,11.6583,10.7379,-0.2082,0.12601,0.12216,0.01006,0.000629
0,17.40,11.2092,-2.5666,0.4315,1.1058,-0.2180,11.5487,10.5677,11.6583,10.7379,-0.2206,0.12619,0.12227,0.01007,0.000629
0,17.42,11.2293,-2.5574,0.4272,1.1095,-0.2221,11.5945,10.5950,11.6583,10.4311,-0.2202,0.12638,0.12238,0.01007,0.000629
0,17.44,11.2495,-2.5483,0.4227,1.1131,-0.2264,11.6398,10.6212,11.6583,10.4311,-0.2090,0.12656,0.12248,0.01007,0.000629
0,17.46,11.2698,-2.5392,0.4182,1.1165,-0.2307,11.6846,10.6463,11.3515,10.7379,-0.2120,0.12674,0.12259,0.01007,0.000629
0,17.48,11.2903,-2.5302,0.4136,1.1199,-0.2352,11.7288,10.6702,11.6583,10.7379,-0.2537,0.12692,0.12268,0.01007,0.000629
0,17.50,11.3108,-2.5212,0.4089,1.1233,-0.2399,11.7723,10.6930,11.6583,10.7379,-0.2445,0.12709,0.12277,0.01007,0.000629
0,17.52,11.3314,-2.5123,0.4041,1.1265,-0.2446,11.8152,10.7145,11.6583,10.4311,-0.2310,0.12726,0.12286,0.01007,0.000629
0,17.54,11.3522,-2.5035,0.3992,1.1296,-0.2495,11.8575,10.7349,11.9651,10.7379,-0.2383,0.12743,0.12294,0.01007,0.000629
0,17.56,11.3730,-2.4948,0.3942,1.1327,-0.2545,11.8991,10.7541,11.9651,10.7379,-0.2324,0.12760,0.12302,0.01008,0.000629
0,17.58,11.3939,-2.4862,0.3891,1.1356,-0.2596,11.9400,10.7720,11.9651,10.7379,-0.2567,0.12776,0.12309,0.01008,0.000629
0,17.60,11.4150,-2.4776,0.3839,1.1384,-0.2648,11.9802,10.7888,11.9651,10.7379,-0.2773,0.12792,0.12316,0.01008,0.000629
0,17.62,11.4361,-2.4691,0.3786,1.1412,-0.2701,12.0196,10.8042,11.9651,10.7379,-0.2762,0.12808,0.12322,0.01008,0.000629
0,17.64,11.4573,-2.4607,0.3732,1.1438,-0.2755,12.0583,10.8185,11.9651,10.7379,-0.2831,0.12823,0.12327,0.01008,0.000629
0,17.66,11.4787,-2.4525,0.3677,1.1464,-0.2811,12.0962,10.8314,12.2718,10.7379,-0.2637,0.12838,0.12333,0.01008,0.000629
0,17.68,11.5001,-2.4443,0.3621,1.1488,-0.2867,12.1333,10.8431,12.2718,10.7379,-0.2915,0.12853,0.12337,0.01009,0.000629
0,17.70,11.5216,-2.4362,0.3564,1.1512,-0.2924,12.1696,10.8536,12.2718,10.7379,-0.2918,0.12868,0.12341,0.01009,0.000629
0,17.72,11.5432,-2.4282,0.3505,1.1534,-0.2983,12.2050,10.8627,12.5786,10.7379,-0.2963,0.12882,0.12345,0.01009,0.000629
0,17.74,11.5649,-2.4204,0.3446,1.1555,-0.3042,12.2395,10.8706,11.9651,10.7379,-0.3050,0.12896,0.12348,0.01009,0.000629
0,17.76,11.5867,-2.4126,0.3385,1.1575,-0.3102,12.2732,10.8772,12.2718,11.0447,-0.2959,0.12909,0.12351,0.01009,0.000629
0,17.78,11.6085,-2.4050,0.3323,1.1594,-0.3163,12.3060,10.8824,12.2718,10.7379,-0.3058,0.12922,0.12353,0.01009,0.000629
0,17.80,11.6305,-2.3975,0.3259,1.1612,-0.3225,12.3379,10.8864,12.2718,11.0447,-0.3230,0.12935,0.12355,0.01010,0.000629
0,17.82,11.6525,-2.3902,0.3195,1.1629,-0.3288,12.3688,10.8891,12.5786,10.7379,-0.3365,0.12948,0.12356,0.01010,0.000629
0,17.84,11.6746,-2.3829,0.3129,1.1645,-0.3352,12.3987,10.8904,12.5786,11.0447,-0.3450,0.12959,0.12356,0.01010,0.000629
0,17.86,11.6968,-2.3758,0.3062,1.1659,-0.3416,12.4277,10.8905,12.5786,10.7379,-0.3483,0.12971,0.12356,0.01010,0.000629
0,17.88,11.7190,-2.3689,0.2994,1.1672,-0.3481,12.4558,10.8892,12.2718,11.0447,-0.3426,0.12982,0.12356,0.01010,0.000629
0,17.90,11.7414,-2.3621,0.2924,1.1685,-0.3547,12.4828,10.8866,12.2718,11.0447,-0.3579,0.12993,0.12355,0.01011,0.000629
0,17.92,11.7638,-2.3554,0.2853,1.1696,-0.3613,12.5088,10.8827,12.2718,11.0447,-0.3705,0.13004,0.12353,0.01011,0.000629
0,17.94,11.7862,-2.3489,0.2781,1.1706,-0.3680,12.5337,10.8775,12.5786,10.7379,-0.3718,0.13013,0.12351,0.01011,0.000629
0,17.96,11.8088,-2.3426,0.2707,1.1714,-0.3748,12.5576,10.8710,12.5786,10.7379,-0.3845,0.13023,0.12348,0.01011,0.000629
0,17.98,11.8314,-2.3364,0.2632,1.1722,-0.3816,12.5805,10.8632,12.5786,11.0447,-0.3660,0.13032,0.12345,0.01011,0.000629
0,18.00,11.8540,-2.3304,0.2556,1.1728,-0.3885,12.6023,10.8541,12.5786,11.0447,-0.3814,0.13041,0.12342,0.01012,0.000629
0,18.02,11.8767,-2.3245,0.2478,1.1733,-0.3954,12.6230,10.8437,12.5786,10.7379,-0.3856,0.13049,0.12337,0.01012,0.000629
0,18.04,11.8995,-2.3189,0.2399,1.1737,-0.4023,12.6425,10.8321,12.5786,10.7379,-0.4021,0.13057,0.12333,0.01012,0.000629
0,18.06,11.9223,-2.3134,0.2319,1.1740,-0.4093,12.6610,10.8191,12.2718,10.7379,-0.4202,0.13064,0.12328,0.01012,0.000629
0,18.08,11.9452,-2.3081,0.2237,1.1742,-0.4163,12.6784,10.8048,12.5786,11.0447,-0.3922,0.13071,0.12322,0.01012,0.000629
0,18.10,11.9681,-2.3030,0.2154,1.1742,-0.4234,12.6946,10.7893,12.8854,10.7379,-0.4154,0.13078,0.12316,0.01013,0.000629
0,18.12,11.9911,-2.2980,0.2069,1.1741,-0.4305,12.7097,10.7725,12.8854,10.7379,-0.4209,0.13084,0.12309,0.01013,0.000629
0,18.14,12.0141,-2.2933,0.1983,1.1739,-0.4376,12.7236,10.7544,12.5786,10.7379,-0.4364,0.13089,0.12302,0.01013,0.000629
0,18.16,12.0371,-2.2888,0.1895,1.1736,-0.4447,12.7364,10.7351,12.8854,10.7379,-0.4405,0.13095,0.12294,0.01013,0.000629
0,18.18,12.0602,-2.2845,0.1806,1.1731,-0.4519,12.7479,10.7146,12.5786,10.7379,-0.4561,0.13099,0.12286,0.01014,0.000629
0,18.20,12.0833,-2.2804,0.1716,1.1726,-0.4590,12.7583,10.6928,12.5786,10.4311,-0.4731,0.13103,0.12277,0.01014,0.000629
0,18.22,12.1064,-2.2765,0.1624,1.1719,-0.4662,12.7676,10.6698,12.5786,10.7379,-0.4749,0.13107,0.12268,0.01014,0.000629
0,18.24,12.1296,-2.2728,0.1531,1.1711,-0.4733,12.7756,10.6456,12.8854,10.7379,-0.4782,0.13110,0.12258,0.01014,0.000629
0,18.26,12.1527,-2.2693,0.1436,1.1701,-0.4805,12.7824,10.6202,12.5786,10.7379,-0.4772,0.13113,0.12248,0.01014,0.000629
0,18.28,12.1759,-2.2661,0.1340,1.1691,-0.4876,12.7880,10.5937,12.5786,10.7379,-0.4937,0.13115,0.12237,0.01015,0.000629
0,18.30,12.1991,-2.2631,0.1243,1.1679,-0.4948,12.7924,10.5659,12.8854,10.7379,-0.5024,0.13117,0.12226,0.01015,0.000629
0,18.32,12.2223,-2.2603,0.1144,1.1666,-0.5019,12.7956,10.5370,12.8854,10.1243,-0.4957,0.13118,0.12215,0.01015,0.000629
0,18.34,12.2455,-2.2577,0.1043,1.1652,-0.5090,12.7976,10.5070,12.5786,10.7379,-0.5048,0.13119,0.12203,0.01015,0.000629
0,18.36,12.2687,-2.2554,0.0942,1.1637,-0.5161,12.7983,10.4758,12.5786,10.7379,-0.5234,0.13119,0.12190,0.01015,0.000629
0,18.38,12.2919,-2.2534,0.0838,1.1621,-0.5232,12.7978,10.4436,12.8854,10.4311,-0.5225,0.13119,0.12177,0.01016,0.000629
0,18.40,12.3150,-2.2515,0.0734,1.1603,-0.5302,12.7961,10.4102,12.5786,10.4311,-0.5371,0.13118,0.12164,0.01016,0.000629
0,18.42,12.3382,-2.2499,0.0628,1.1585,-0.5372,12.7932,10.3758,12.8854,10.4311,-0.5426,0.13117,0.12150,0.01016,0.000629
0,18.44,12.3613,-2.2486,0.0520,1.1565,-0.5441,12.7890,10.3403,12.8854,10.4311,-0.5465,0.13116,0.12136,0.01016,0.000629
0,18.46,12.3844,-2.2475,0.0411,1.1544,-0.5511,12.7836,10.3038,12.5786,10.4311,-0.5550,0.13113,0.12122,0.01017,0.000629
0,18.48,12.4075,-2.2467,0.0301,1.1522,-0.5579,12.7770,10.2663,12.5786,10.1243,-0.5595,0.13111,0.12107,0.01017,0.000629
0,18.50,12.4305,-2.2462,0.0190,1.1498,-0.5647,12.7691,10.2278,12.8854,10.4311,-0.5548,0.13108,0.12091,0.01017,0.000629
0,18.52,12.4535,-2.2458,0.0077,1.1474,-0.5715,12.7600,10.1883,12.8854,10.1243,-0.5770,0.13104,0.12075,0.01017,0.000629
0,18.54,12.4765,-2.2458,-0.0038,1.1449,-0.5782,12.7497,10.1478,12.5786,10.1243,-0.5655,0.13100,0.12059,0.01017,0.000629
0,18.56,12.4994,-2.2460,-0.0153,1.1422,-0.5848,12.7381,10.1064,12.8854,9.8175,-0.6023,0.13095,0.12043,0.01018,0.000629
0,18.58,12.5222,-2.2465,-0.0270,1.1395,-0.5914,12.7254,10.0641,12.8854,10.1243,-0.5971,0.13090,0.12026,0.01018,0.000629
0,18.60,12.5450,-2.2473,-0.0388,1.1366,-0.5979,12.7114,10.0209,12.5786,10.1243,-0.5860,0.13085,0.12008,0.01018,0.000629
0,18.62,12.5677,-2.2483,-0.0508,1.1337,-0.6043,12.6962,9.9769,12.5786,10.1243,-0.6009,0.13078,0.11991,0.01018,0.000629
0,18.64,12.5903,-2.2496,-0.0629,1.1306,-0.6106,12.6798,9.9319,12.5786,10.1243,-0.6085,0.13072,0.11973,0.01018,0.000629
0,18.66,12.6129,-2.2511,-0.0751,1.1274,-0.6169,12.6622,9.8862,12.5786,10.1243,-0.6212,0.13065,0.11954,0.01019,0.000629
0,18.68,12.6354,-2.2530,-0.0874,1.1242,-0.6231,12.6434,9.8397,12.8854,9.8175,-0.6324,0.13057,0.11936,0.01019,0.000629
0,18.70,12.6577,-2.2551,-0.0999,1.1208,-0.6291,12.6234,9.7924,12.5786,9.8175,-0.6257,0.13049,0.11917,0.01019,0.000629
0,18.72,12.6800,-2.2574,-0.1125,1.1173,-0.6351,12.6023,9.7443,12.5786,9.8175,-0.6417,0.13041,0.11898,0.01019,0.000629
0,18.74,12.7022,-2.2601,-0.1252,1.1138,-0.6410,12.5799,9.6955,12.5786,9.5107,-0.6484,0.13032,0.11878,0.01019,0.000629
0,18.76,12.7243,-2.2630,-0.1380,1.1101,-0.6468,12.5565,9.6461,12.5786,9.8175,-0.6404,0.13023,0.11858,0.01019,0.000629
0,18.78,12.7463,-2.2662,-0.1509,1.1064,-0.6524,12.5318,9.5959,12.5786,9.5107,-0.6677,0.13013,0.11838,0.01020,0.000629
0,18.80,12.7681,-2.2697,-0.1640,1.1026,-0.6580,12.5060,9.5451,12.5786,9.5107,-0.6533,0.13002,0.11818,0.01020,0.000629
0,18.82,12.7899,-2.2734,-0.1771,1.0986,-0.6634,12.4791,9.4937,12.2718,9.8175,-0.6557,0.12992,0.11797,0.01020,0.000629
0,18.84,12.8115,-2.2774,-0.1904,1.0946,-0.6687,12.4511,9.4417,12.2718,9.5107,-0.6544,0.12980,0.11777,0.01020,0.000629
0,18.86,12.8329,-2.2817,-0.2038,1.0906,-0.6739,12.4219,9.3892,12.2718,9.2039,-0.6687,0.12969,0.11756,0.01020,0.000629
0,18.88,12.8543,-2.2863,-0.2173,1.0864,-0.6790,12.3917,9.3361,12.5786,9.2039,-0.6679,0.12957,0.11734,0.01020,0.000629
0,18.90,12.8754,-2.2911,-0.2308,1.0821,-0.6840,12.3604,9.2825,12.2718,9.2039,-0.6814,0.12944,0.11713,0.01021,0.000629
0,18.92,12.8965,-2.2962,-0.2445,1.0778,-0.6888,12.3280,9.2284,12.2718,9.2039,-0.7001,0.12931,0.11691,0.01021,0.000629
0,18.94,12.9174,-2.3016,-0.2583,1.0734,-0.6935,12.2945,9.1739,12.2718,9.2039,-0.6981,0.12918,0.11670,0.01021,0.000629
0,18.96,12.9381,-2.3072,-0.2722,1.0689,-0.6980,12.2600,9.1189,12.5786,8.8971,-0.6928,0.12904,0.11648,0.01021,0.000629
0,18.98,12.9586,-2.3131,-0.2861,1.0644,-0.7024,12.2245,9.0636,12.2718,8.8971,-0.7135,0.12890,0.11625,0.01021,0.000629
0,19.00,12.9790,-2.3192,-0.3002,1.0598,-0.7067,12.1880,9.0079,11.9651,8.8971,-0.7195,0.12875,0.11603,0.01021,0.000629
0,19.02,12.9992,-2.3256,-0.3143,1.0551,-0.7108,12.1505,8.9518,11.9651,8.8971,-0.7033,0.12860,0.11581,0.01021,0.000629
0,19.04,13.0192,-2.3323,-0.3285,1.0504,-0.7148,12.1120,8.8955,12.2718,9.2039,-0.7159,0.12845,0.11558,0.01021,0.000629
0,19.06,13.0391,-2.3392,-0.3428,1.0456,-0.7186,12.0726,8.8389,12.2718,8.8971,-0.6966,0.12829,0.11536,0.01022,0.000629
0,19.08,13.0587,-2.3464,-0.3572,1.0407,-0.7223,12.0322,8.7820,11.9651,8.5903,-0.7317,0.12813,0.11513,0.01022,0.000629
0,19.10,13.0782,-2.3538,-0.3716,1.0358,-0.7258,11.9909,8.7250,11.9651,8.8971,-0.7177,0.12796,0.11490,0.01022,0.000629
0,19.12,13.0974,-2.3615,-0.3862,1.0308,-0.7291,11.9487,8.6677,11.6583,8.5903,-0.7253,0.12779,0.11467,0.01022,0.000629
0,19.14,13.1164,-2.3694,-0.4007,1.0258,-0.7323,11.9056,8.6103,11.9651,8.5903,-0.7334,0.12762,0.11444,0.01022,0.000629
0,19.16,13.1353,-2.3775,-0.4154,1.0207,-0.7353,11.8616,8.5528,11.9651,8.5903,-0.7534,0.12745,0.11421,0.01022,0.000629
0,19.18,13.1539,-2.3859,-0.4301,1.0156,-0.7381,11.8168,8.4952,11.9651,8.5903,-0.7491,0.12727,0.11398,0.01022,0.000629
0,19.20,13.1723,-2.3945,-0.4449,1.0104,-0.7408,11.7712,8.4375,11.9651,8.2835,-0.7530,0.12708,0.11375,0.01022,0.000629
0,19.22,13.1905,-2.4033,-0.4597,1.0052,-0.7433,11.7248,8.3798,11.6583,8.5903,-0.7613,0.12690,0.11352,0.01022,0.000629
0,19.24,13.2084,-2.4124,-0.4745,1.0000,-0.7457,11.6776,8.3222,11.6583,8.2835,-0.7573,0.12671,0.11329,0.01022,0.000629
0,19.26,13.2261,-2.4217,-0.4895,0.9947,-0.7478,11.6297,8.2645,11.6583,7.9767,-0.7440,0.12652,0.11306,0.01022,0.000629
0,19.28,13.2436,-2.4311,-0.5044,0.9894,-0.7498,11.5810,8.2069,11.6583,8.2835,-0.7295,0.12632,0.11283,0.01022,0.000629
0,19.30,13.2609,-2.4408,-0.5194,0.9840,-0.7516,11.5316,8.1494,11.3515,7.9767,-0.7571,0.12613,0.11260,0.01023,0.000629
0,19.32,13.2779,-2.4507,-0.5344,0.9787,-0.7532,11.4815,8.0920,11.3515,8.2835,-0.7465,0.12593,0.11237,0.01023,0.000629
0,19.34,13.2947,-2.4608,-0.5495,0.9733,-0.7547,11.4308,8.0348,11.3515,8.2835,-0.7568,0.12572,0.11214,0.01023,0.000629
0,19.36,13.3112,-2.4711,-0.5646,0.9679,-0.7559,11.3794,7.9778,11.3515,7.9767,-0.7485,0.12552,0.11191,0.01023,0.000629
0,19.38,13.3275,-2.4816,-0.5797,0.9624,-0.7570,11.3274,7.9210,11.3515,7.9767,-0.7784,0.12531,0.11168,0.01023,0.000629
0,19.40,13.3435,-2.4923,-0.5949,0.9570,-0.7579,11.2748,7.8644,11.3515,7.9767,-0.7615,0.12510,0.11146,0.01023,0.000629
0,19.42,13.3592,-2.5031,-0.6100,0.9515,-0.7586,11.2216,7.8081,11.3515,7.9767,-0.7765,0.12489,0.11123,0.01023,0.000629
0,19.44,13.3748,-2.5141,-0.6252,0.9460,-0.7591,11.1679,7.7522,11.3515,7.6699,-0.7575,0.12467,0.11101,0.01023,0.000629
0,19.46,13.3900,-2.5253,-0.6404,0.9405,-0.7594,11.1137,7.6965,11.0447,7.6699,-0.7540,0.12445,0.11079,0.01023,0.000629
0,19.48,13.4050,-2.5367,-0.6556,0.9350,-0.7595,11.0591,7.6413,11.0447,7.6699,-0.7632,0.12424,0.11057,0.01023,0.000629
0,19.50,13.4198,-2.5482,-0.6707,0.9295,-0.7594,11.0039,7.5864,11.0447,7.6699,-0.7527,0.12402,0.11035,0.01023,0.000629
0,19.52,13.4342,-2.5598,-0.6859,0.9240,-0.7592,10.9483,7.5320,11.0447,7.3631,-0.7694,0.12379,0.11013,0.01023,0.000629
0,19.54,13.4484,-2.5717,-0.7011,0.9185,-0.7587,10.8923,7.4780,10.7379,7.3631,-0.7787,0.12357,0.10991,0.01023,0.000629
0,19.56,13.4624,-2.5836,-0.7163,0.9130,-0.7581,10.8360,7.4245,10.7379,7.3631,-0.7568,0.12334,0.10970,0.01023,0.000629
0,19.58,13.4761,-2.5957,-0.7315,0.9075,-0.7573,10.7793,7.3715,10.7379,7.3631,-0.7451,0.12312,0.10949,0.01023,0.000629
0,19.60,13.4895,-2.6079,-0.7466,0.9021,-0.7562,10.7222,7.3191,10.7379,7.3631,-0.7595,0.12289,0.10928,0.01023,0.000629
0,19.62,13.5026,-2.6203,-0.7617,0.8966,-0.7550,10.6649,7.2673,10.4311,7.0563,-0.7538,0.12266,0.10907,0.01023,0.000629
0,19.64,13.5155,-2.6328,-0.7768,0.8912,-0.7536,10.6073,7.2160,10.7379,7.0563,-0.7472,0.12243,0.10886,0.01023,0.000629
0,19.66,13.5281,-2.6454,-0.7919,0.8857,-0.7520,10.5494,7.1654,10.7379,7.3631,-0.7509,0.12220,0.10866,0.01023,0.000629
0,19.68,13.5405,-2.6581,-0.8069,0.8803,-0.7502,10.4914,7.1154,10.4311,7.3631,-0.7540,0.12197,0.10846,0.01023,0.000629
0,19.70,13.5526,-2.6709,-0.8219,0.8750,-0.7482,10.4332,7.0662,10.4311,7.0563,-0.7384,0.12173,0.10826,0.01022,0.000629
0,19.72,13.5644,-2.6838,-0.8369,0.8696,-0.7460,10.3748,7.0176,10.4311,7.0563,-0.7483,0.12150,0.10807,0.01022,0.000629
0,19.74,13.5759,-2.6968,-0.8518,0.8643,-0.7437,10.3163,6.9698,10.4311,7.0563,-0.7473,0.12127,0.10788,0.01022,0.000629
0,19.76,13.5872,-2.7099,-0.8667,0.8590,-0.7411,10.2577,6.9227,10.1243,7.0563,-0.7240,0.12103,0.10769,0.01022,0.000629
0,19.78,13.5982,-2.7230,-0.8815,0.8538,-0.7383,10.1990,6.8765,10.4311,7.0563,-0.7306,0.12080,0.10751,0.01022,0.000629
0,19.80,13.6090,-2.7363,-0.8963,0.8486,-0.7354,10.1403,6.8310,10.1243,6.7495,-0.7407,0.12056,0.10732,0.01022,0.000629
0,19.82,13.6195,-2.7496,-0.9110,0.8434,-0.7323,10.0816,6.7864,10.1243,7.0563,-0.7257,0.12033,0.10715,0.01022,0.000629
0,19.84,13.6297,-2.7630,-0.9256,0.8383,-0.7289,10.0229,6.7427,10.1243,6.7495,-0.7420,0.12009,0.10697,0.01022,0.000629
0,19.86,13.6397,-2.7765,-0.9402,0.8332,-0.7254,9.9643,6.6998,9.8175,6.7495,-0.7143,0.11986,0.10680,0.01022,0.000629
0,19.88,13.6495,-2.7900,-0.9547,0.8282,-0.7217,9.9058,6.6579,9.8175,6.7495,-0.7403,0.11962,0.10663,0.01022,0.000629
0,19.90,13.6589,-2.8036,-0.9692,0.8232,-0.7179,9.8473,6.6169,9.8175,6.7495,-0.7193,0.11939,0.10647,0.01022,0.000629
0,19.92,13.6682,-2.8173,-0.9835,0.8183,-0.7138,9.7890,6.5769,9.8175,6.7495,-0.7127,0.11916,0.10631,0.01021,0.000629
0,19.94,13.6771,-2.8309,-0.9978,0.8134,-0.7096,9.7309,6.5379,9.8175,6.4427,-0.7211,0.11892,0.10615,0.01021,0.000629
0,19.96,13.6858,-2.8447,-1.0120,0.8086,-0.7051,9.6730,6.4998,9.5107,6.7495,-0.7214,0.11869,0.10600,0.01021,0.000629
0,19.98,13.6943,-2.8584,-1.0261,0.8039,-0.7006,9.6153,6.4628,9.5107,6.4427,-0.7039,0.11846,0.10585,0.01021,0.000629
1,0.00,0.0000,0.0000,0.0000,0.9600,-0.1470,9.9309,9.2692,10.1243,9.2039,-0.1584,0.11972,0.11708,0.01004,0.001728
1,0.02,0.0192,-0.0000,-0.0029,0.9637,-0.1520,9.9786,9.2944,10.1243,9.2039,-0.1557,0.11991,0.11718,0.01005,0.001728
1,0.04,0.0385,-0.0001,-0.0060,0.9673,-0.1569,10.0261,9.3202,10.1243,9.5107,-0.1522,0.12010,0.11728,0.01005,0.001728
1,0.06,0.0578,-0.0003,-0.0091,0.9710,-0.1615,10.0732,9.3464,10.1243,9.5107,-0.1672,0.12029,0.11739,0.01005,0.001728
1,0.08,0.0772,-0.0005,-0.0123,0.9747,-0.1660,10.1201,9.3731,10.1243,9.2039,-0.1583,0.12048,0.11749,0.01005,0.001728
1,0.10,0.0967,-0.0007,-0.0157,0.9783,-0.1703,10.1667,9.4002,10.1243,9.5107,-0.1765,0.12067,0.11760,0.01005,0.001728
1,0.12,0.1163,-0.0011,-0.0191,0.9820,-0.1745,10.2130,9.4279,10.1243,9.5107,-0.1755,0.12085,0.11771,0.01005,0.001728
1,0.14,0.1359,-0.0015,-0.0226,0.9857,-0.1784,10.2589,9.4559,10.4311,9.5107,-0.2040,0.12104,0.11782,0.01005,0.001728
1,0.16,0.1556,-0.0020,-0.0261,0.9894,-0.1822,10.3045,9.4844,10.1243,9.5107,-0.1848,0.12122,0.11794,0.01005,0.001728
1,0.18,0.1754,-0.0025,-0.0298,0.9932,-0.1859,10.3498,9.5134,10.4311,9.5107,-0.1629,0.12140,0.11805,0.01006,0.001728
1,0.20,0.1953,-0.0032,-0.0335,0.9969,-0.1893,10.3947,9.5427,10.1243,9.5107,-0.1671,0.12158,0.11817,0.01006,0.001728
1,0.22,0.2152,-0.0039,-0.0373,1.0006,-0.1926,10.4393,9.5725,10.4311,9.5107,-0.1961,0.12176,0.11829,0.01006,0.001728
1,0.24,0.2352,-0.0046,-0.0411,1.0043,-0.1957,10.4834,9.6026,10.4311,9.5107,-0.1929,0.12193,0.11841,0.01006,0.001728
1,0.26,0.2553,-0.0055,-0.0451,1.0080,-0.1987,10.5272,9.6331,10.4311,9.5107,-0.1977,0.12211,0.11853,0.01006,0.001728
1,0.28,0.2754,-0.0065,-0.0490,1.0117,-0.2015,10.5706,9.6640,10.4311,9.5107,-0.1988,0.12228,0.11866,0.01006,0.001728
1,0.30,0.2956,-0.0075,-0.0531,1.0154,-0.2041,10.6136,9.6952,10.7379,9.5107,-0.1964,0.12245,0.11878,0.01006,0.001728
1,0.32,0.3159,-0.0086,-0.0571,1.0192,-0.2065,10.6562,9.7268,10.7379,9.8175,-0.2130,0.12262,0.11891,0.01006,0.001728
1,0.34,0.3362,-0.0098,-0.0613,1.0229,-0.2088,10.6984,9.7587,10.7379,9.8175,-0.1982,0.12279,0.11903,0.01006,0.001728
1,0.36,0.3566,-0.0111,-0.0654,1.0266,-0.2109,10.7401,9.7910,10.7379,9.8175,-0.2094,0.12296,0.11916,0.01006,0.001728
1,0.38,0.3771,-0.0125,-0.0697,1.0302,-0.2129,10.7814,9.8235,10.7379,9.8175,-0.2106,0.12313,0.11929,0.01006,0.001728
1,0.40,0.3977,-0.0140,-0.0739,1.0339,-0.2147,10.8223,9.8563,10.7379,9.8175,-0.2241,0.12329,0.11943,0.01006,0.001728
1,0.42,0.4183,-0.0155,-0.0782,1.0376,-0.2163,10.8627,9.8894,10.7379,9.8175,-0.2122,0.12345,0.11956,0.01006,0.001728
1,0.44,0.4390,-0.0172,-0.0825,1.0413,-0.2178,10.9027,9.9228,11.0447,9.8175,-0.2135,0.12361,0.11969,0.01007,0.001728
1,0.46,0.4597,-0.0190,-0.0869,1.0449,-0.2191,10.9422,9.9564,11.0447,9.8175,-0.2255,0.12377,0.11983,0.01007,0.001728
1,0.48,0.4806,-0.0208,-0.0913,1.0486,-0.2202,10.9812,9.9902,11.0447,10.1243,-0.2095,0.12392,0.11996,0.01007,0.001728
1,0.50,0.5014,-0.0228,-0.0957,1.0522,-0.2212,11.0198,10.0243,11.0447,9.8175,-0.2206,0.12408,0.12010,0.01007,0.001728
1,0.52,0.5224,-0.0248,-0.1001,1.0558,-0.2221,11.0578,10.0585,11.0447,10.1243,-0.2184,0.12423,0.12023,0.01007,0.001728
1,0.54,0.5434,-0.0270,-0.1045,1.0594,-0.2228,11.0954,10.0930,11.0447,9.8175,-0.2121,0.12438,0.12037,0.01007,0.001728
1,0.56,0.5645,-0.0293,-0.1090,1.0630,-0.2233,11.1325,10.1276,11.3515,10.1243,-0.2216,0.12453,0.12051,0.01007,0.001728
1,0.58,0.5856,-0.0316,-0.1135,1.0666,-0.2237,11.1691,10.1624,11.3515,10.1243,-0.2132,0.12468,0.12065,0.01007,0.001728
1,0.60,0.6068,-0.0341,-0.1179,1.0701,-0.2240,11.2051,10.1973,11.3515,10.1243,-0.2248,0.12482,0.12079,0.01007,0.001728
1,0.62,0.6280,-0.0366,-0.1224,1.0737,-0.2241,11.2407,10.2324,11.3515,9.8175,-0.2237,0.12496,0.12093,0.01007,0.001728
1,0.64,0.6493,-0.0393,-0.1269,1.0772,-0.2240,11.2757,10.2676,11.3515,10.1243,-0.2190,0.12510,0.12107,0.01007,0.001728
1,0.66,0.6707,-0.0421,-0.1314,1.0807,-0.2239,11.3102,10.3029,11.3515,10.4311,-0.2234,0.12524,0.12121,0.01007,0.001728
1,0.68,0.6921,-0.0450,-0.1359,1.0841,-0.2236,11.3442,10.3382,11.3515,10.4311,-0.2180,0.12538,0.12135,0.01007,0.001728
1,0.70,0.7136,-0.0480,-0.1403,1.0876,-0.2231,11.3777,10.3737,11.3515,10.1243,-0.2037,0.12551,0.12149,0.01007,0.001728
1,0.72,0.7351,-0.0510,-0.1448,1.0910,-0.2225,11.4106,10.4092,11.3515,10.4311,-0.2194,0.12564,0.12164,0.01007,0.001728
1,0.74,0.7567,-0.0542,-0.1492,1.0944,-0.2218,11.4430,10.4447,11.3515,10.4311,-0.2198,0.12577,0.12178,0.01007,0.001728
1,0.76,0.7783,-0.0575,-0.1537,1.0978,-0.2210,11.4748,10.4802,11.3515,10.4311,-0.2146,0.12590,0.12192,0.01007,0.001728
1,0.78,0.8000,-0.0610,-0.1581,1.1011,-0.2201,11.5061,10.5158,11.3515,10.7379,-0.2030,0.12602,0.12206,0.01007,0.001728
1,0.80,0.8218,-0.0645,-0.1625,1.1044,-0.2190,11.5369,10.5513,11.3515,10.1243,-0.2111,0.12615,0.12221,0.01007,0.001728
1,0.82,0.8436,-0.0681,-0.1669,1.1077,-0.2178,11.5670,10.5869,11.9651,10.4311,-0.2287,0.12627,0.12235,0.01007,0.001728
1,0.84,0.8654,-0.0718,-0.1712,1.1110,-0.2165,11.5967,10.6223,11.6583,10.4311,-0.2199,0.12639,0.12249,0.01006,0.001728
1,0.86,0.8873,-0.0757,-0.1756,1.1142,-0.2151,11.6257,10.6578,11.6583,10.7379,-0.2175,0.12650,0.12263,0.01006,0.001728
1,0.88,0.9092,-0.0796,-0.1799,1.1174,-0.2136,11.6542,10.6931,11.6583,10.7379,-0.2204,0.12662,0.12277,0.01006,0.001728
1,0.90,0.9312,-0.0836,-0.1841,1.1205,-0.2120,11.6822,10.7284,11.6583,10.7379,-0.2102,0.12673,0.12291,0.01006,0.001728
1,0.92,0.9532,-0.0878,-0.1884,1.1237,-0.2102,11.7096,10.7635,11.6583,10.7379,-0.1938,0.12684,0.12305,0.01006,0.001728
1,0.94,0.9753,-0.0920,-0.1926,1.1267,-0.2084,11.7364,10.7985,11.6583,10.7379,-0.2015,0.12695,0.12319,0.01006,0.001728
1,0.96,0.9974,-0.0964,-0.1968,1.1298,-0.2065,11.7626,10.8334,11.6583,10.7379,-0.2005,0.12705,0.12333,0.01006,0.001728
1,0.98,1.0195,-0.1009,-0.2009,1.1328,-0.2045,11.7883,10.8682,11.9651,10.7379,-0.1944,0.12715,0.12347,0.01006,0.001728
1,1.00,1.0417,-0.1054,-0.2050,1.1358,-0.2024,11.8134,10.9027,11.6583,10.7379,-0.2097,0.12725,0.12361,0.01006,0.001728
1,1.02,1.0640,-0.1101,-0.2090,1.1387,-0.2002,11.8379,10.9371,11.6583,11.0447,-0.2103,0.12735,0.12375,0.01006,0.001728
1,1.04,1.0862,-0.1149,-0.2130,1.1417,-0.1979,11.8618,10.9713,11.9651,10.7379,-0.1962,0.12745,0.12389,0.01006,0.001728
1,1.06,1.1085,-0.1197,-0.2170,1.1445,-0.1955,11.8852,11.0052,11.9651,11.0447,-0.2001,0.12754,0.12402,0.01006,0.001728
1,1.08,1.1309,-0.1247,-0.2209,1.1473,-0.1931,11.9080,11.0390,11.9651,11.0447,-0.1847,0.12763,0.12416,0.01006,0.001728
1,1.10,1.1533,-0.1298,-0.2248,1.1501,-0.1906,11.9302,11.0724,12.2718,11.0447,-0.1949,0.12772,0.12429,0.01006,0.001728
1,1.12,1.1757,-0.1350,-0.2286,1.1529,-0.1881,11.9519,11.1056,11.9651,11.0447,-0.1852,0.12781,0.12442,0.01006,0.001728
1,1.14,1.1981,-0.1402,-0.2323,1.1556,-0.1854,11.9729,11.1385,11.9651,11.0447,-0.2005,0.12789,0.12455,0.01006,0.001728
1,1.16,1.2206,-0.1456,-0.2360,1.1582,-0.1827,11.9934,11.1712,11.9651,11.0447,-0.1928,0.12797,0.12468,0.01005,0.001728
1,1.18,1.2431,-0.1510,-0.2397,1.1608,-0.1800,12.0134,11.2035,11.9651,11.3515,-0.1733,0.12805,0.12481,0.01005,0.001728
1,1.20,1.2657,-0.1566,-0.2433,1.1634,-0.1772,12.0327,11.2354,11.9651,11.0447,-0.1466,0.12813,0.12494,0.01005,0.001728
1,1.22,1.2882,-0.1622,-0.2468,1.1659,-0.1743,12.0515,11.2671,12.2718,11.0447,-0.1804,0.12821,0.12507,0.01005,0.001728
1,1.24,1.3108,-0.1680,-0.2503,1.1684,-0.1714,12.0697,11.2983,11.9651,11.0447,-0.1680,0.12828,0.12519,0.01005,0.001728
1,1.26,1.3335,-0.1738,-0.2538,1.1708,-0.1685,12.0874,11.3292,11.9651,11.3515,-0.1571,0.12835,0.12532,0.01005,0.001728
1,1.28,1.3561,-0.1797,-0.2571,1.1732,-0.1655,12.1045,11.3597,11.6583,11.3515,-0.1800,0.12842,0.12544,0.01005,0.001728
1,1.30,1.3788,-0.1857,-0.2604,1.1755,-0.1625,12.1210,11.3898,12.2718,11.3515,-0.1552,0.12848,0.12556,0.01005,0.001728
1,1.32,1.4015,-0.1918,-0.2637,1.1778,-0.1594,12.1369,11.4195,11.9651,11.6583,-0.1374,0.12855,0.12568,0.01005,0.001728
1,1.34,1.4242,-0.1980,-0.2669,1.1801,-0.1564,12.1523,11.4487,11.9651,11.3515,-0.1614,0.12861,0.12579,0.01005,0.001728
1,1.36,1.4470,-0.2042,-0.2700,1.1822,-0.1533,12.1672,11.4775,12.2718,11.3515,-0.1328,0.12867,0.12591,0.01005,0.001728
1,1.38,1.4698,-0.2106,-0.2731,1.1844,-0.1501,12.1814,11.5058,11.9651,11.3515,-0.1434,0.12873,0.12602,0.01005,0.001728
1,1.40,1.4926,-0.2170,-0.2761,1.1864,-0.1470,12.1952,11.5337,11.9651,11.3515,-0.1509,0.12878,0.12613,0.01004,0.001728
1,1.42,1.5154,-0.2235,-0.2790,1.1885,-0.1439,12.2083,11.5610,12.2718,11.3515,-0.1465,0.12883,0.12624,0.01004,0.001728
1,1.44,1.5382,-0.2301,-0.2819,1.1904,-0.1407,12.2209,11.5878,12.2718,11.6583,-0.1384,0.12888,0.12635,0.01004,0.001728
1,1.46,1.5611,-0.2367,-0.2847,1.1924,-0.1375,12.2330,11.6141,12.2718,11.6583,-0.1390,0.12893,0.12646,0.01004,0.001728
1,1.48,1.5840,-0.2435,-0.2874,1.1942,-0.1344,12.2446,11.6399,12.2718,11.6583,-0.1379,0.12898,0.12656,0.01004,0.001728
1,1.50,1.6069,-0.2503,-0.2901,1.1960,-0.1312,12.2556,11.6652,11.9651,11.6583,-0.1409,0.12902,0.12666,0.01004,0.001728
1,1.52,1.6298,-0.2572,-0.2928,1.1978,-0.1280,12.2660,11.6898,12.2718,11.6583,-0.1223,0.12906,0.12676,0.01004,0.001728
1,1.54,1.6527,-0.2641,-0.2953,1.1995,-0.1249,12.2760,11.7139,12.2718,11.3515,-0.1190,0.12910,0.12686,0.01004,0.001728
1,1.56,1.6757,-0.2711,-0.2978,1.2011,-0.1218,12.2854,11.7374,12.2718,11.6583,-0.1123,0.12914,0.12695,0.01004,0.001728
1,1.58,1.6986,-0.2782,-0.3003,1.2027,-0.1187,12.2943,11.7603,12.2718,11.6583,-0.1160,0.12918,0.12704,0.01004,0.001728
1,1.60,1.7216,-0.2853,-0.3026,1.2043,-0.1156,12.3026,11.7826,12.2718,11.6583,-0.1299,0.12921,0.12713,0.01003,0.001728
1,1.62,1.7446,-0.2925,-0.3049,1.2057,-0.1125,12.3105,11.8043,12.5786,11.6583,-0.1262,0.12924,0.12722,0.01003,0.001728
1,1.64,1.7676,-0.2998,-0.3072,1.2072,-0.1094,12.3178,11.8253,12.2718,11.6583,-0.1045,0.12927,0.12730,0.01003,0.001728
1,1.66,1.7906,-0.3071,-0.3094,1.2085,-0.1064,12.3246,11.8457,12.2718,11.9651,-0.1022,0.12930,0.12738,0.01003,0.001728
1,1.68,1.8136,-0.3145,-0.3115,1.2098,-0.1035,12.3310,11.8654,12.2718,11.9651,-0.1064,0.12932,0.12746,0.01003,0.001728
1,1.70,1.8366,-0.3219,-0.3136,1.2111,-0.1005,12.3368,11.8844,12.2718,11.9651,-0.0943,0.12935,0.12754,0.01003,0.001728
1,1.72,1.8596,-0.3294,-0.3156,1.2122,-0.0976,12.3422,11.9028,12.2718,11.6583,-0.0897,0.12937,0.12761,0.01003,0.001728
1,1.74,1.8827,-0.3370,-0.3175,1.2134,-0.0948,12.3470,11.9205,12.2718,11.6583,-0.0927,0.12939,0.12768,0.01003,0.001728
1,1.76,1.9057,-0.3446,-0.3194,1.2144,-0.0920,12.3514,11.9374,12.2718,11.9651,-0.0908,0.12941,0.12775,0.01003,0.001728
1,1.78,1.9288,-0.3522,-0.3213,1.2154,-0.0892,12.3553,11.9537,12.5786,11.9651,-0.0938,0.12942,0.12781,0.01003,0.001728
1,1.80,1.9518,-0.3599,-0.3231,1.2164,-0.0866,12.3587,11.9692,12.2718,11.6583,-0.0537,0.12943,0.12788,0.01003,0.001728
1,1.82,1.9749,-0.3677,-0.3248,1.2173,-0.0839,12.3617,11.9840,12.2718,11.9651,-0.0736,0.12945,0.12794,0.01003,0.001728
1,1.84,1.9980,-0.3755,-0.3265,1.2181,-0.0814,12.3642,11.9981,12.2718,11.6583,-0.0733,0.12946,0.12799,0.01002,0.001728
1,1.86,2.0210,-0.3833,-0.3281,1.2189,-0.0788,12.3662,12.0114,12.5786,11.9651,-0.0799,0.12946,0.12805,0.01002,0.001728
1,1.88,2.0441,-0.3912,-0.3297,1.2196,-0.0764,12.3678,12.0239,12.5786,11.9651,-0.0703,0.12947,0.12810,0.01002,0.001728
1,1.90,2.0672,-0.3991,-0.3312,1.2202,-0.0740,12.3690,12.0357,12.2718,11.9651,-0.0863,0.12948,0.12814,0.01002,0.001728
1,1.92,2.0902,-0.4070,-0.3327,1.2208,-0.0718,12.3697,12.0467,12.2718,11.9651,-0.0600,0.12948,0.12819,0.01002,0.001728
1,1.94,2.1133,-0.4150,-0.3341,1.2213,-0.0696,12.3699,12.0570,12.2718,12.2718,-0.0665,0.12948,0.12823,0.01002,0.001728
1,1.96,2.1364,-0.4230,-0.3355,1.2218,-0.0674,12.3698,12.0664,12.2718,11.9651,-0.0590,0.12948,0.12827,0.01002,0.001728
1,1.98,2.1595,-0.4311,-0.3369,1.2222,-0.0654,12.3692,12.0750,12.5786,11.9651,-0.0696,0.12948,0.12830,0.01002,0.001728
1,2.00,2.1825,-0.4392,-0.3382,1.2226,-0.0634,12.3682,12.0829,12.2718,11.9651,-0.0687,0.12947,0.12833,0.01002,0.001728
1,2.02,2.2056,-0.4473,-0.3394,1.2228,-0.0615,12.3668,12.0899,12.2718,11.9651,-0.0454,0.12947,0.12836,0.01002,0.001728
1,2.04,2.2286,-0.4555,-0.3407,1.2231,-0.0598,12.3650,12.0961,12.2718,12.2718,-0.0485,0.12946,0.12838,0.01002,0.001728
1,2.06,2.2517,-0.4637,-0.3419,1.2232,-0.0581,12.3629,12.1015,12.2718,12.2718,-0.0627,0.12945,0.12841,0.01002,0.001728
1,2.08,2.2747,-0.4719,-0.3430,1.2233,-0.0565,12.3603,12.1061,12.2718,11.9651,-0.0559,0.12944,0.12842,0.01002,0.001728
1,2.10,2.2978,-0.4801,-0.3441,1.2234,-0.0550,12.3573,12.1098,12.2718,11.9651,-0.0700,0.12943,0.12844,0.01002,0.001728
1,2.12,2.3208,-0.4884,-0.3452,1.2233,-0.0536,12.3540,12.1127,12.5786,11.9651,-0.0583,0.12942,0.12845,0.01002,0.001728
1,2.14,2.3438,-0.4967,-0.3463,1.2232,-0.0523,12.3502,12.1147,12.2718,11.9651,-0.0528,0.12940,0.12846,0.01002,0.001728
1,2.16,2.3668,-0.5050,-0.3474,1.2231,-0.0512,12.3462,12.1160,12.2718,11.9651,-0.0513,0.12938,0.12846,0.01002,0.001728
1,2.18,2.3898,-0.5133,-0.3484,1.2229,-0.0501,12.3417,12.1163,12.2718,12.2718,-0.0370,0.12937,0.12847,0.01002,0.001728
1,2.20,2.4128,-0.5217,-0.3494,1.2226,-0.0491,12.3369,12.1158,12.2718,12.2718,-0.0608,0.12935,0.12846,0.01001,0.001728
1,2.22,2.4358,-0.5301,-0.3504,1.2223,-0.0483,12.3318,12.1145,12.2718,11.9651,-0.0417,0.12933,0.12846,0.01001,0.001728
1,2.24,2.4587,-0.5385,-0.3513,1.2219,-0.0476,12.3263,12.1123,12.5786,11.9651,-0.0432,0.12931,0.12845,0.01001,0.001728
1,2.26,2.4817,-0.5469,-0.3523,1.2215,-0.0469,12.3205,12.1093,12.2718,12.2718,-0.0584,0.12928,0.12844,0.01001,0.001728
1,2.28,2.5046,-0.5554,-0.3532,1.2210,-0.0464,12.3143,12.1053,12.2718,12.2718,-0.0386,0.12926,0.12842,0.01001,0.001728
1,2.30,2.5275,-0.5638,-0.3542,1.2204,-0.0461,12.3079,12.1006,12.2718,11.9651,-0.0499,0.12923,0.12840,0.01001,0.001728
1,2.32,2.5504,-0.5723,-0.3551,1.2198,-0.0458,12.3011,12.0949,12.2718,11.9651,-0.0609,0.12920,0.12838,0.01001,0.001728
1,2.34,2.5733,-0.5808,-0.3560,1.2191,-0.0457,12.2940,12.0885,12.2718,12.2718,-0.0352,0.12918,0.12835,0.01001,0.001728
1,2.36,2.5961,-0.5893,-0.3569,1.2184,-0.0457,12.2866,12.0811,12.2718,12.2718,-0.0546,0.12915,0.12832,0.01001,0.001728
1,2.38,2.6190,-0.5978,-0.3578,1.2176,-0.0458,12.2790,12.0729,12.2718,11.9651,-0.0373,0.12912,0.12829,0.01001,0.001728
1,2.40,2.6418,-0.6064,-0.3587,1.2167,-0.0460,12.2710,12.0638,12.2718,11.9651,-0.0448,0.12908,0.12826,0.01001,0.001728
1,2.42,2.6645,-0.6149,-0.3597,1.2158,-0.0464,12.2627,12.0539,12.2718,12.2718,-0.0376,0.12905,0.12822,0.01001,0.001728
1,2.44,2.6873,-0.6235,-0.3606,1.2149,-0.0469,12.2542,12.0431,11.9651,11.9651,-0.0377,0.12902,0.12817,0.01001,0.001728
1,2.46,2.7100,-0.6321,-0.3615,1.2138,-0.0476,12.2454,12.0314,12.5786,11.9651,-0.0512,0.12898,0.12813,0.01001,0.001728
1,2.48,2.7327,-0.6407,-0.3625,1.2128,-0.0483,12.2364,12.0189,12.2718,11.9651,-0.0586,0.12895,0.12808,0.01001,0.001728
1,2.50,2.7554,-0.6493,-0.3634,1.2116,-0.0492,12.2271,12.0056,12.2718,12.2718,-0.0542,0.12891,0.12802,0.01001,0.001728
1,2.52,2.7780,-0.6579,-0.3644,1.2104,-0.0502,12.2175,11.9914,12.2718,11.9651,-0.0333,0.12887,0.12797,0.01002,0.001728
1,2.54,2.8007,-0.6665,-0.3654,1.2092,-0.0514,12.2077,11.9764,12.2718,11.9651,-0.0587,0.12883,0.12791,0.01002,0.001728
1,2.56,2.8232,-0.6752,-0.3665,1.2079,-0.0527,12.1977,11.9605,12.2718,11.9651,-0.0396,0.12879,0.12784,0.01002,0.001728
1,2.58,2.8458,-0.6839,-0.3675,1.2066,-0.0541,12.1874,11.9437,12.2718,11.9651,-0.0456,0.12875,0.12777,0.01002,0.001728
1,2.60,2.8683,-0.6925,-0.3686,1.2052,-0.0557,12.1769,11.9262,12.2718,11.9651,-0.0566,0.12871,0.12770,0.01002,0.001728
1,2.62,2.8908,-0.7012,-0.3697,1.2037,-0.0574,12.1662,11.9078,12.2718,11.6583,-0.0538,0.12866,0.12763,0.01002,0.001728
1,2.64,2.9132,-0.7099,-0.3709,1.2022,-0.0593,12.1553,11.8886,12.2718,11.6583,-0.0501,0.12862,0.12755,0.01002,0.001728
1,2.66,2.9356,-0.7187,-0.3720,1.2006,-0.0612,12.1441,11.8686,11.9651,11.6583,-0.0643,0.12858,0.12747,0.01002,0.001728
1,2.68,2.9580,-0.7274,-0.3733,1.1990,-0.0633,12.1328,11.8478,12.2718,11.6583,-0.0560,0.12853,0.12739,0.01002,0.001728
1,2.70,2.9803,-0.7362,-0.3745,1.1974,-0.0656,12.1213,11.8262,12.2718,11.9651,-0.0520,0.12849,0.12730,0.01002,0.001728
1,2.72,3.0026,-0.7449,-0.3758,1.1957,-0.0680,12.1096,11.8037,11.9651,11.6583,-0.0586,0.12844,0.12721,0.01002,0.001728
1,2.74,3.0248,-0.7537,-0.3772,1.1939,-0.0705,12.0977,11.7805,11.9651,11.6583,-0.0806,0.12839,0.12712,0.01002,0.001728
1,2.76,3.0470,-0.7626,-0.3786,1.1921,-0.0731,12.0856,11.7565,12.2718,11.9651,-0.0786,0.12834,0.12703,0.01002,0.001728
1,2.78,3.0692,-0.7714,-0.3801,1.1903,-0.0759,12.0734,11.7318,12.2718,11.6583,-0.0756,0.12829,0.12693,0.01002,0.001728
1,2.80,3.0913,-0.7802,-0.3816,1.1884,-0.0788,12.0610,11.7062,11.9651,11.6583,-0.0709,0.12824,0.12682,0.01002,0.001728
1,2.82,3.1133,-0.7891,-0.3832,1.1864,-0.0819,12.0484,11.6799,11.9651,11.6583,-0.0701,0.12819,0.12672,0.01002,0.001728
1,2.84,3.1353,-0.7980,-0.3848,1.1844,-0.0851,12.0357,11.6529,11.9651,11.6583,-0.0791,0.12814,0.12661,0.01003,0.001728
1,2.86,3.1573,-0.8069,-0.3865,1.1824,-0.0884,12.0229,11.6251,12.2718,11.6583,-0.0692,0.12809,0.12650,0.01003,0.001728
1,2.88,3.1792,-0.8158,-0.3883,1.1803,-0.0918,12.0099,11.5966,11.9651,11.6583,-0.0968,0.12804,0.12639,0.01003,0.001728
1,2.90,3.2010,-0.8248,-0.3901,1.1782,-0.0954,11.9967,11.5674,11.9651,11.6583,-0.1047,0.12799,0.12627,0.01003,0.001728
1,2.92,3.2228,-0.8338,-0.3920,1.1760,-0.0991,11.9835,11.5375,11.9651,11.3515,-0.1042,0.12793,0.12615,0.01003,0.001728
1,2.94,3.2445,-0.8428,-0.3940,1.1738,-0.1029,11.9701,11.5069,11.9651,11.6583,-0.0925,0.12788,0.12603,0.01003,0.001728
1,2.96,3.2662,-0.8518,-0.3961,1.1716,-0.1069,11.9566,11.4755,11.9651,11.3515,-0.1046,0.12783,0.12590,0.01003,0.001728
1,2.98,3.2878,-0.8609,-0.3982,1.1693,-0.1110,11.9430,11.4436,11.9651,11.6583,-0.1001,0.12777,0.12577,0.01003,0.001728
1,3.00,3.3094,-0.8700,-0.4004,1.1670,-0.1152,11.9292,11.4109,11.9651,11.3515,-0.1183,0.12772,0.12564,0.01003,0.001728
1,3.02,3.3308,-0.8791,-0.4027,1.1647,-0.1195,11.9154,11.3776,11.9651,11.3515,-0.1158,0.12766,0.12551,0.01004,0.001728
1,3.04,3.3523,-0.8882,-0.4051,1.1623,-0.1240,11.9015,11.3437,12.2718,11.3515,-0.1086,0.12761,0.12537,0.01004,0.001728
1,3.06,3.3736,-0.8974,-0.4076,1.1598,-0.1285,11.8875,11.3091,11.9651,11.3515,-0.1106,0.12755,0.12524,0.01004,0.001728
1,3.08,3.3949,-0.9067,-0.4102,1.1574,-0.1332,11.8733,11.2740,11.9651,11.3515,-0.1288,0.12749,0.12510,0.01004,0.001728
1,3.10,3.4161,-0.9159,-0.4128,1.1549,-0.1380,11.8592,11.2382,11.9651,11.3515,-0.1383,0.12744,0.12495,0.01004,0.001728
1,3.12,3.4373,-0.9252,-0.4156,1.1523,-0.1429,11.8449,11.2018,11.9651,11.3515,-0.1501,0.12738,0.12481,0.01004,0.001728
1,3.14,3.4583,-0.9345,-0.4184,1.1498,-0.1479,11.8305,11.1649,11.9651,11.0447,-0.1436,0.12732,0.12466,0.01004,0.001728
1,3.16,3.4793,-0.9439,-0.4214,1.1472,-0.1530,11.8161,11.1274,11.9651,11.0447,-0.1484,0.12726,0.12451,0.01005,0.001728
1,3.18,3.5002,-0.9533,-0.4245,1.1446,-0.1583,11.8016,11.0894,11.9651,11.0447,-0.1589,0.12721,0.12436,0.01005,0.001728
1,3.20,3.5211,-0.9628,-0.4276,1.1419,-0.1636,11.7871,11.0509,11.9651,11.0447,-0.1579,0.12715,0.12420,0.01005,0.001728
1,3.22,3.5419,-0.9723,-0.4309,1.1392,-0.1690,11.7725,11.0118,11.9651,11.0447,-0.1573,0.12709,0.12405,0.01005,0.001728
1,3.24,3.5625,-0.9819,-0.4343,1.1365,-0.1746,11.7579,10.9722,11.9651,11.0447,-0.1811,0.12703,0.12389,0.01005,0.001728
1,3.26,3.5831,-0.9915,-0.4378,1.1338,-0.1802,11.7432,10.9322,11.6583,11.0447,-0.1673,0.12697,0.12373,0.01005,0.001728
1,3.28,3.6037,-1.0011,-0.4414,1.1310,-0.1859,11.7284,10.8917,11.6583,11.0447,-0.1880,0.12691,0.12357,0.01006,0.001728
1,3.30,3.6241,-1.0108,-0.4451,1.1282,-0.1918,11.7137,10.8508,11.6583,10.7379,-0.1877,0.12685,0.12340,0.01006,0.001728
1,3.32,3.6444,-1.0206,-0.4489,1.1254,-0.1977,11.6989,10.8094,11.6583,10.7379,-0.1740,0.12680,0.12324,0.01006,0.001728
1,3.34,3.6647,-1.0304,-0.4529,1.1226,-0.2037,11.6840,10.7676,11.6583,10.7379,-0.2140,0.12674,0.12307,0.01006,0.001728
1,3.36,3.6849,-1.0402,-0.4570,1.1197,-0.2097,11.6692,10.7254,11.6583,10.7379,-0.2013,0.12668,0.12290,0.01006,0.001728
1,3.38,3.7050,-1.0502,-0.4612,1.1169,-0.2159,11.6543,10.6828,11.6583,10.7379,-0.2273,0.12662,0.12273,0.01006,0.001728
1,3.40,3.7249,-1.0601,-0.4655,1.1140,-0.2221,11.6394,10.6399,11.6583,10.7379,-0.2334,0.12656,0.12256,0.01007,0.001728
1,3.42,3.7448,-1.0702,-0.4699,1.1111,-0.2284,11.6244,10.5966,11.6583,10.4311,-0.2185,0.12650,0.12239,0.01007,0.001728
1,3.44,3.7646,-1.0803,-0.4745,1.1081,-0.2348,11.6095,10.5530,11.6583,10.7379,-0.2438,0.12644,0.12221,0.01007,0.001728
1,3.46,3.7843,-1.0905,-0.4792,1.1052,-0.2412,11.5946,10.5090,11.6583,10.4311,-0.2556,0.12638,0.12204,0.01007,0.001728
1,3.48,3.8039,-1.1007,-0.4840,1.1022,-0.2477,11.5796,10.4648,11.6583,10.7379,-0.2537,0.12632,0.12186,0.01007,0.001728
1,3.50,3.8234,-1.1110,-0.4890,1.0993,-0.2543,11.5647,10.4203,11.6583,10.7379,-0.2675,0.12626,0.12168,0.01008,0.001728
1,3.52,3.8428,-1.1214,-0.4940,1.0963,-0.2609,11.5497,10.3756,11.3515,10.1243,-0.2649,0.12620,0.12150,0.01008,0.001728
1,3.54,3.8620,-1.1318,-0.4993,1.0933,-0.2676,11.5348,10.3306,11.3515,10.4311,-0.2632,0.12614,0.12132,0.01008,0.001728
1,3.56,3.8812,-1.1424,-0.5046,1.0903,-0.2743,11.5199,10.2854,11.3515,10.4311,-0.2537,0.12608,0.12114,0.01008,0.001728
1,3.58,3.9003,-1.1529,-0.5101,1.0872,-0.2811,11.5049,10.2400,11.6583,10.4311,-0.2792,0.12602,0.12096,0.01008,0.001728
1,3.60,3.9192,-1.1636,-0.5157,1.0842,-0.2879,11.4900,10.1944,11.6583,10.1243,-0.2786,0.12596,0.12078,0.01009,0.001728
1,3.62,3.9380,-1.1744,-0.5215,1.0812,-0.2948,11.4752,10.1487,11.3515,10.4311,-0.2883,0.12590,0.12059,0.01009,0.001728
1,3.64,3.9568,-1.1852,-0.5274,1.0782,-0.3017,11.4603,10.1028,11.3515,10.1243,-0.2877,0.12584,0.12041,0.01009,0.001728
1,3.66,3.9754,-1.1961,-0.5334,1.0751,-0.3086,11.4454,10.0568,11.3515,10.1243,-0.3146,0.12578,0.12023,0.01009,0.001728
1,3.68,3.9938,-1.2071,-0.5396,1.0721,-0.3156,11.4306,10.0106,11.3515,10.1243,-0.3006,0.12572,0.12004,0.01009,0.001728
1,3.70,4.0122,-1.2182,-0.5459,1.0690,-0.3225,11.4158,9.9644,11.6583,10.1243,-0.3213,0.12566,0.11986,0.01010,0.001728
1,3.72,4.0304,-1.2293,-0.5523,1.0660,-0.3295,11.4011,9.9182,11.3515,9.8175,-0.3188,0.12560,0.11967,0.01010,0.001728
1,3.74,4.0485,-1.2406,-0.5589,1.0629,-0.3365,11.3864,9.8719,11.6583,10.1243,-0.3402,0.12555,0.11949,0.01010,0.001728
1,3.76,4.0665,-1.2519,-0.5657,1.0599,-0.3436,11.3717,9.8256,11.3515,9.8175,-0.3238,0.12549,0.11930,0.01010,0.001728
1,3.78,4.0844,-1.2633,-0.5725,1.0568,-0.3506,11.3570,9.7792,11.3515,9.5107,-0.3449,0.12543,0.11912,0.01011,0.001728
1,3.80,4.1021,-1.2748,-0.5796,1.0538,-0.3577,11.3424,9.7329,11.6583,9.8175,-0.3471,0.12537,0.11893,0.01011,0.001728
1,3.82,4.1197,-1.2864,-0.5867,1.0507,-0.3647,11.3278,9.6866,11.3515,9.5107,-0.3813,0.12531,0.11875,0.01011,0.001728
1,3.84,4.1372,-1.2981,-0.5940,1.0477,-0.3718,11.3133,9.6404,11.0447,9.5107,-0.3669,0.12525,0.11856,0.01011,0.001728
1,3.86,4.1545,-1.3099,-0.6014,1.0447,-0.3788,11.2989,9.5943,11.3515,9.5107,-0.3674,0.12520,0.11838,0.01011,0.001728
1,3.88,4.1717,-1.3218,-0.6090,1.0416,-0.3858,11.2844,9.5482,11.3515,9.5107,-0.3755,0.12514,0.11819,0.01012,0.001728
1,3.90,4.1887,-1.3338,-0.6167,1.0386,-0.3928,11.2701,9.5023,11.0447,9.2039,-0.4018,0.12508,0.11801,0.01012,0.001728
1,3.92,4.2056,-1.3459,-0.6246,1.0356,-0.3998,11.2558,9.4565,11.3515,9.2039,-0.4017,0.12502,0.11783,0.01012,0.001728
1,3.94,4.2224,-1.3581,-0.6326,1.0326,-0.4068,11.2415,9.4108,11.3515,9.2039,-0.4201,0.12497,0.11764,0.01012,0.001728
1,3.96,4.2390,-1.3703,-0.6407,1.0296,-0.4138,11.2273,9.3654,11.0447,9.2039,-0.3993,0.12491,0.11746,0.01012,0.001728
1,3.98,4.2554,-1.3827,-0.6490,1.0267,-0.4207,11.2132,9.3201,11.3515,9.2039,-0.4276,0.12485,0.11728,0.01013,0.001728
1,4.00,4.2717,-1.3952,-0.6574,1.0237,-0.4276,11.1991,9.2751,11.3515,9.5107,-0.4219,0.12480,0.11710,0.01013,0.001728
1,4.02,4.2879,-1.4078,-0.6660,1.0208,-0.4344,11.1851,9.2303,11.3515,9.5107,-0.4329,0.12474,0.11692,0.01013,0.001728
1,4.04,4.3039,-1.4205,-0.6746,1.0178,-0.4412,11.1711,9.1857,11.0447,8.8971,-0.4447,0.12468,0.11674,0.01013,0.001728
1,4.06,4.3197,-1.4332,-0.6835,1.0149,-0.4480,11.1572,9.1414,11.3515,8.8971,-0.4461,0.12463,0.11657,0.01013,0.001728
1,4.08,4.3354,-1.4461,-0.6924,1.0120,-0.4547,11.1434,9.0975,11.0447,9.2039,-0.4439,0.12457,0.11639,0.01014,0.001728
1,4.10,4.3509,-1.4591,-0.7015,1.0092,-0.4613,11.1297,9.0538,11.0447,9.2039,-0.4523,0.12452,0.11622,0.01014,0.001728
1,4.12,4.3663,-1.4722,-0.7107,1.0063,-0.4679,11.1160,9.0105,11.0447,9.2039,-0.4583,0.12446,0.11604,0.01014,0.001728
1,4.14,4.3815,-1.4854,-0.7201,1.0035,-0.4744,11.1024,8.9675,11.0447,8.8971,-0.4813,0.12441,0.11587,0.01014,0.001728
1,4.16,4.3965,-1.4987,-0.7296,1.0007,-0.4809,11.0889,8.9249,11.0447,8.8971,-0.4515,0.12436,0.11570,0.01014,0.001728
1,4.18,4.4114,-1.5121,-0.7392,0.9979,-0.4873,11.0754,8.8827,11.3515,8.8971,-0.4889,0.12430,0.11553,0.01015,0.001728
1,4.20,4.4260,-1.5257,-0.7490,0.9952,-0.4936,11.0621,8.8410,11.3515,8.5903,-0.4964,0.12425,0.11536,0.01015,0.001728
1,4.22,4.4405,-1.5393,-0.7588,0.9924,-0.4998,11.0488,8.7996,11.0447,8.5903,-0.5029,0.12420,0.11520,0.01015,0.001728
1,4.24,4.4549,-1.5530,-0.7688,0.9897,-0.5060,11.0356,8.7587,11.0447,8.8971,-0.5028,0.12414,0.11503,0.01015,0.001728
1,4.26,4.4690,-1.5668,-0.7789,0.9870,-0.5120,11.0224,8.7183,11.0447,8.8971,-0.5100,0.12409,0.11487,0.01015,0.001728
1,4.28,4.4830,-1.5808,-0.7892,0.9844,-0.5180,11.0094,8.6784,11.0447,8.5903,-0.5309,0.12404,0.11471,0.01016,0.001728
1,4.30,4.4968,-1.5948,-0.7995,0.9818,-0.5239,10.9964,8.6390,10.7379,8.5903,-0.5277,0.12399,0.11456,0.01016,0.001728
1,4.32,4.5104,-1.6090,-0.8100,0.9792,-0.5297,10.9835,8.6001,11.0447,8.5903,-0.5340,0.12393,0.11440,0.01016,0.001728
1,4.34,4.5239,-1.6232,-0.8206,0.9766,-0.5353,10.9708,8.5618,10.7379,8.5903,-0.5377,0.12388,0.11425,0.01016,0.001728
1,4.36,4.5371,-1.6376,-0.8313,0.9741,-0.5409,10.9580,8.5240,10.7379,8.2835,-0.5440,0.12383,0.11410,0.01016,0.001728
1,4.38,4.5501,-1.6521,-0.8421,0.9716,-0.5464,10.9454,8.4868,11.0447,8.2835,-0.5471,0.12378,0.11395,0.01016,0.001728
1,4.40,4.5630,-1.6666,-0.8531,0.9692,-0.5517,10.9329,8.4502,10.7379,8.5903,-0.5576,0.12373,0.11380,0.01017,0.001728
1,4.42,4.5757,-1.6813,-0.8641,0.9667,-0.5569,10.9205,8.4142,10.7379,8.2835,-0.5367,0.12368,0.11366,0.01017,0.001728
1,4.44,4.5881,-1.6961,-0.8752,0.9643,-0.5621,10.9081,8.3789,11.0447,8.5903,-0.5611,0.12363,0.11352,0.01017,0.001728
1,4.46,4.6004,-1.7110,-0.8865,0.9620,-0.5670,10.8959,8.3442,10.7379,8.2835,-0.5696,0.12358,0.11338,0.01017,0.001728
1,4.48,4.6125,-1.7259,-0.8978,0.9597,-0.5719,10.8837,8.3101,10.7379,8.2835,-0.5673,0.12353,0.11324,0.01017,0.001728
1,4.50,4.6244,-1.7410,-0.9093,0.9574,-0.5766,10.8717,8.2768,10.7379,8.2835,-0.5838,0.12349,0.11311,0.01017,0.001728
1,4.52,4.6360,-1.7562,-0.9208,0.9552,-0.5812,10.8597,8.2442,11.0447,8.2835,-0.5741,0.12344,0.11298,0.01017,0.001728
1,4.54,4.6475,-1.7715,-0.9324,0.9530,-0.5857,10.8478,8.2123,10.7379,8.2835,-0.5814,0.12339,0.11285,0.01018,0.001728
1,4.56,4.6588,-1.7868,-0.9441,0.9509,-0.5900,10.8361,8.1811,11.0447,7.9767,-0.5931,0.12334,0.11272,0.01018,0.001728
1,4.58,4.6699,-1.8023,-0.9559,0.9488,-0.5942,10.8244,8.1506,11.0447,7.9767,-0.6033,0.12330,0.11260,0.01018,0.001728
1,4.60,4.6807,-1.8179,-0.9678,0.9467,-0.5982,10.8128,8.1210,11.0447,8.2835,-0.5865,0.12325,0.11248,0.01018,0.001728
1,4.62,4.6913,-1.8335,-0.9798,0.9447,-0.6021,10.8014,8.0921,10.7379,8.2835,-0.6078,0.12321,0.11237,0.01018,0.001728
1,4.64,4.7018,-1.8493,-0.9918,0.9427,-0.6058,10.7900,8.0640,10.7379,7.9767,-0.6097,0.12316,0.11226,0.01018,0.001728
1,4.66,4.7120,-1.8651,-1.0039,0.9408,-0.6094,10.7788,8.0367,10.7379,7.9767,-0.6438,0.12312,0.11215,0.01018,0.001728
1,4.68,4.7220,-1.8811,-1.0161,0.9389,-0.6128,10.7676,8.0102,10.4311,7.9767,-0.6081,0.12307,0.11204,0.01018,0.001728
1,4.70,4.7318,-1.8971,-1.0284,0.9371,-0.6160,10.7566,7.9846,10.7379,7.9767,-0.6378,0.12303,0.11194,0.01018,0.001728
1,4.72,4.7414,-1.9132,-1.0407,0.9353,-0.6191,10.7456,7.9598,11.0447,7.9767,-0.6002,0.12298,0.11184,0.01019,0.001728
1,4.74,4.7507,-1.9294,-1.0531,0.9335,-0.6220,10.7348,7.9358,11.0447,7.9767,-0.6261,0.12294,0.11174,0.01019,0.001728
1,4.76,4.7599,-1.9457,-1.0655,0.9318,-0.6247,10.7241,7.9128,10.7379,7.6699,-0.6203,0.12290,0.11165,0.01019,0.001728
1,4.78,4.7688,-1.9620,-1.0780,0.9302,-0.6273,10.7134,7.8906,10.7379,7.9767,-0.6159,0.12285,0.11156,0.01019,0.001728
1,4.80,4.7775,-1.9785,-1.0906,0.9286,-0.6297,10.7029,7.8694,11.0447,7.9767,-0.6173,0.12281,0.11148,0.01019,0.001728
1,4.82,4.7860,-1.9950,-1.1032,0.9271,-0.6319,10.6925,7.8490,10.7379,7.6699,-0.6365,0.12277,0.11140,0.01019,0.001728
1,4.84,4.7942,-2.0116,-1.1158,0.9256,-0.6339,10.6823,7.8296,10.4311,7.9767,-0.6228,0.12273,0.11132,0.01019,0.001728
1,4.86,4.8022,-2.0283,-1.1285,0.9242,-0.6358,10.6721,7.8111,10.7379,7.6699,-0.6313,0.12269,0.11124,0.01019,0.001728
1,4.88,4.8101,-2.0450,-1.1412,0.9228,-0.6375,10.6620,7.7935,10.7379,7.6699,-0.6312,0.12265,0.11117,0.01019,0.001728
1,4.90,4.8176,-2.0619,-1.1539,0.9215,-0.6389,10.6521,7.7769,10.7379,7.6699,-0.6312,0.12261,0.11111,0.01019,0.001728
1,4.92,4.8250,-2.0788,-1.1667,0.9202,-0.6402,10.6423,7.7613,10.4311,7.6699,-0.6449,0.12257,0.11105,0.01019,0.001728
1,4.94,4.8321,-2.0957,-1.1795,0.9190,-0.6413,10.6326,7.7466,10.4311,7.6699,-0.6299,0.12253,0.11099,0.01019,0.001728
1,4.96,4.8390,-2.1128,-1.1923,0.9178,-0.6422,10.6230,7.7329,10.7379,7.9767,-0.6392,0.12249,0.11093,0.01019,0.001728
1,4.98,4.8457,-2.1299,-1.2052,0.9167,-0.6430,10.6136,7.7203,10.4311,7.6699,-0.6534,0.12245,0.11088,0.01019,0.001728
1,5.00,4.8521,-2.1470,-1.2180,0.9156,-0.6435,10.6042,7.7086,10.7379,7.9767,-0.6385,0.12242,0.11083,0.01019,0.001728
1,5.02,4.8583,-2.1643,-1.2309,0.9146,-0.6438,10.5950,7.6979,10.4311,7.6699,-0.6401,0.12238,0.11079,0.01019,0.001728
1,5.04,4.8643,-2.1815,-1.2438,0.9137,-0.6439,10.5859,7.6882,10.4311,7.6699,-0.6403,0.12234,0.11075,0.01019,0.001728
1,5.06,4.8701,-2.1989,-1.2567,0.9128,-0.6439,10.5769,7.6796,10.4311,7.6699,-0.6406,0.12231,0.11072,0.01019,0.001728
1,5.08,4.8756,-2.2163,-1.2695,0.9120,-0.6436,10.5681,7.6720,10.4311,7.6699,-0.6341,0.12227,0.11069,0.01019,0.001728
1,5.10,4.8809,-2.2337,-1.2824,0.9112,-0.6431,10.5594,7.6654,10.4311,7.9767,-0.6517,0.12224,0.11066,0.01019,0.001728
1,5.12,4.8860,-2.2512,-1.2953,0.9105,-0.6424,10.5508,7.6598,10.4311,7.6699,-0.6312,0.12220,0.11064,0.01019,0.001728
1,5.14,4.8908,-2.2688,-1.3081,0.9099,-0.6415,10.5423,7.6554,10.4311,7.3631,-0.6406,0.12217,0.11062,0.01019,0.001728
1,5.16,4.8954,-2.2864,-1.3210,0.9093,-0.6405,10.5340,7.6519,10.4311,7.6699,-0.6613,0.12214,0.11061,0.01019,0.001728
1,5.18,4.8998,-2.3040,-1.3338,0.9088,-0.6392,10.5258,7.6495,10.4311,7.3631,-0.6402,0.12210,0.11060,0.01019,0.001728
1,5.20,4.9040,-2.3217,-1.3466,0.9083,-0.6377,10.5177,7.6482,10.7379,7.6699,-0.6284,0.12207,0.11059,0.01019,0.001728
1,5.22,4.9079,-2.3395,-1.3593,0.9079,-0.6360,10.5098,7.6480,10.4311,7.6699,-0.6499,0.12204,0.11059,0.01019,0.001728
1,5.24,4.9116,-2.3573,-1.3720,0.9075,-0.6341,10.5020,7.6488,10.7379,7.6699,-0.6162,0.12201,0.11060,0.01019,0.001728
1,5.26,4.9151,-2.3751,-1.3847,0.9073,-0.6319,10.4943,7.6507,10.4311,7.6699,-0.6298,0.12198,0.11060,0.01019,0.001728
1,5.28,4.9183,-2.3929,-1.3973,0.9070,-0.6296,10.4868,7.6536,10.7379,7.9767,-0.6350,0.12195,0.11061,0.01019,0.001728
1,5.30,4.9213,-2.4108,-1.4099,0.9069,-0.6271,10.4794,7.6576,10.4311,7.3631,-0.6122,0.12192,0.11063,0.01019,0.001728
1,5.32,4.9241,-2.4287,-1.4225,0.9067,-0.6243,10.4722,7.6628,10.4311,7.6699,-0.6236,0.12189,0.11065,0.01019,0.001728
1,5.34,4.9267,-2.4467,-1.4350,0.9067,-0.6214,10.4651,7.6689,10.1243,7.3631,-0.6106,0.12186,0.11068,0.01019,0.001728
1,5.36,4.9290,-2.4647,-1.4474,0.9067,-0.6182,10.4582,7.6762,10.4311,7.6699,-0.6272,0.12183,0.11070,0.01019,0.001728
1,5.38,4.9312,-2.4827,-1.4598,0.9068,-0.6148,10.4513,7.6846,10.4311,7.9767,-0.6261,0.12181,0.11074,0.01018,0.001728
1,5.40,4.9331,-2.5007,-1.4721,0.9069,-0.6113,10.4447,7.6940,10.4311,7.6699,-0.6064,0.12178,0.11078,0.01018,0.001728
1,5.42,4.9347,-2.5188,-1.4843,0.9071,-0.6075,10.4382,7.7045,10.4311,7.6699,-0.6153,0.12175,0.11082,0.01018,0.001728
1,5.44,4.9362,-2.5369,-1.4964,0.9074,-0.6035,10.4318,7.7161,10.4311,7.6699,-0.6038,0.12173,0.11086,0.01018,0.001728
1,5.46,4.9374,-2.5550,-1.5085,0.9077,-0.5993,10.4256,7.7287,10.4311,7.6699,-0.6041,0.12170,0.11091,0.01018,0.001728
1,5.48,4.9385,-2.5731,-1.5205,0.9081,-0.5949,10.4195,7.7424,10.4311,7.9767,-0.5959,0.12168,0.11097,0.01018,0.001728
1,5.50,4.9393,-2.5912,-1.5324,0.9085,-0.5903,10.4136,7.7572,10.4311,7.9767,-0.5864,0.12165,0.11103,0.01018,0.001728
1,5.52,4.9399,-2.6094,-1.5442,0.9090,-0.5855,10.4078,7.7731,10.4311,7.6699,-0.5969,0.12163,0.11109,0.01018,0.001728
1,5.54,4.9402,-2.6276,-1.5559,0.9096,-0.5805,10.4022,7.7900,10.4311,7.9767,-0.5734,0.12161,0.11116,0.01017,0.001728
1,5.56,4.9404,-2.6458,-1.5675,0.9102,-0.5753,10.3968,7.8080,10.1243,7.9767,-0.5832,0.12159,0.11123,0.01017,0.001728
1,5.58,4.9404,-2.6640,-1.5790,0.9109,-0.5699,10.3915,7.8271,10.4311,7.9767,-0.5807,0.12157,0.11131,0.01017,0.001728
1,5.60,4.9401,-2.6822,-1.5904,0.9117,-0.5643,10.3864,7.8472,10.4311,7.9767,-0.5549,0.12155,0.11139,0.01017,0.001728
1,5.62,4.9396,-2.7004,-1.6017,0.9125,-0.5585,10.3814,7.8684,10.4311,7.9767,-0.5450,0.12153,0.11147,0.01017,0.001728
1,5.64,4.9390,-2.7186,-1.6129,0.9134,-0.5525,10.3766,7.8905,10.1243,7.9767,-0.5728,0.12151,0.11156,0.01017,0.001728
1,5.66,4.9381,-2.7369,-1.6239,0.9143,-0.5463,10.3720,7.9138,10.4311,7.9767,-0.5356,0.12149,0.11166,0.01016,0.001728
1,5.68,4.9370,-2.7551,-1.6348,0.9153,-0.5399,10.3675,7.9380,10.4311,7.9767,-0.5352,0.12147,0.11175,0.01016,0.001728
1,5.70,4.9358,-2.7734,-1.6456,0.9163,-0.5333,10.3632,7.9633,10.4311,7.9767,-0.5158,0.12145,0.11185,0.01016,0.001728
1,5.72,4.9343,-2.7917,-1.6563,0.9174,-0.5265,10.3591,7.9896,10.4311,8.2835,-0.5252,0.12144,0.11196,0.01016,0.001728
1,5.74,4.9326,-2.8099,-1.6668,0.9186,-0.5196,10.3551,8.0169,10.4311,7.9767,-0.5105,0.12142,0.11207,0.01016,0.001728
1,5.76,4.9308,-2.8282,-1.6772,0.9198,-0.5125,10.3513,8.0452,10.4311,7.9767,-0.4961,0.12141,0.11218,0.01015,0.001728
1,5.78,4.9287,-2.8465,-1.6875,0.9211,-0.5051,10.3477,8.0745,10.4311,8.2835,-0.4895,0.12139,0.11230,0.01015,0.001728
1,5.80,4.9265,-2.8648,-1.6976,0.9225,-0.4977,10.3443,8.1048,10.1243,7.9767,-0.5063,0.12138,0.11242,0.01015,0.001728
1,5.82,4.9241,-2.8831,-1.7075,0.9239,-0.4900,10.3410,8.1361,10.4311,8.2835,-0.4857,0.12136,0.11254,0.01015,0.001728
1,5.84,4.9215,-2.9014,-1.7173,0.9253,-0.4821,10.3379,8.1683,10.1243,8.2835,-0.4664,0.12135,0.11267,0.01014,0.001728
1,5.86,4.9187,-2.9197,-1.7270,0.9268,-0.4741,10.3350,8.2015,10.1243,8.2835,-0.4700,0.12134,0.11281,0.01014,0.001728
1,5.88,4.9157,-2.9380,-1.7365,0.9284,-0.4659,10.3322,8.2356,10.4311,8.2835,-0.4464,0.12133,0.11294,0.01014,0.001728
1,5.90,4.9126,-2.9563,-1.7458,0.9300,-0.4576,10.3297,8.2706,10.4311,8.2835,-0.4637,0.12132,0.11308,0.01014,0.001728
1,5.92,4.9092,-2.9746,-1.7549,0.9317,-0.4491,10.3273,8.3066,10.7379,8.2835,-0.4533,0.12131,0.11323,0.01013,0.001728
1,5.94,4.9057,-2.9929,-1.7639,0.9334,-0.4404,10.3251,8.3434,10.4311,8.2835,-0.4173,0.12130,0.11337,0.01013,0.001728
1,5.96,4.9021,-3.0112,-1.7727,0.9352,-0.4315,10.3231,8.3812,10.4311,8.2835,-0.4518,0.12129,0.11352,0.01013,0.001728
1,5.98,4.8982,-3.0295,-1.7813,0.9371,-0.4225,10.3213,8.4199,10.4311,8.2835,-0.4324,0.12129,0.11368,0.01013,0.001728
1,6.00,4.8943,-3.0478,-1.7898,0.9390,-0.4134,10.3197,8.4594,10.4311,8.2835,-0.4033,0.12128,0.11384,0.01012,0.001728
1,6.02,4.8901,-3.0661,-1.7981,0.9409,-0.4041,10.3182,8.4998,10.4311,8.2835,-0.4039,0.12127,0.11400,0.01012,0.001728
1,6.04,4.8858,-3.0844,-1.8061,0.9429,-0.3947,10.3170,8.5410,10.1243,8.5903,-0.3838,0.12127,0.11416,0.01012,0.001728
1,6.06,4.8813,-3.1027,-1.8140,0.9449,-0.3851,10.3159,8.5830,10.1243,8.8971,-0.3866,0.12126,0.11433,0.01012,0.001728
1,6.08,4.8767,-3.1211,-1.8217,0.9470,-0.3754,10.3151,8.6259,10.1243,8.5903,-0.3658,0.12126,0.11450,0.01011,0.001728
1,6.10,4.8719,-3.1394,-1.8293,0.9492,-0.3655,10.3144,8.6696,10.1243,8.5903,-0.3778,0.12126,0.11468,0.01011,0.001728
1,6.12,4.8670,-3.1577,-1.8366,0.9514,-0.3555,10.3139,8.7140,10.4311,8.5903,-0.3583,0.12126,0.11486,0.01011,0.001728
1,6.14,4.8619,-3.1761,-1.8437,0.9536,-0.3454,10.3136,8.7593,10.4311,8.5903,-0.3478,0.12125,0.11504,0.01010,0.001728
1,6.16,4.8567,-3.1944,-1.8506,0.9559,-0.3352,10.3135,8.8052,10.4311,8.8971,-0.3199,0.12125,0.11522,0.01010,0.001728
1,6.18,4.8514,-3.2128,-1.8573,0.9583,-0.3248,10.3136,8.8520,10.4311,8.8971,-0.3258,0.12125,0.11541,0.01010,0.001728
1,6.20,4.8459,-3.2311,-1.8638,0.9607,-0.3143,10.3140,8.8994,10.4311,8.8971,-0.3211,0.12126,0.11560,0.01009,0.001728
1,6.22,4.8403,-3.2495,-1.8701,0.9631,-0.3038,10.3145,8.9475,10.1243,8.8971,-0.3011,0.12126,0.11579,0.01009,0.001728
1,6.24,4.8346,-3.2679,-1.8761,0.9656,-0.2931,10.3152,8.9964,10.4311,9.2039,-0.3098,0.12126,0.11599,0.01009,0.001728
1,6.26,4.8287,-3.2863,-1.8820,0.9681,-0.2823,10.3161,9.0459,10.4311,8.8971,-0.2952,0.12126,0.11618,0.01008,0.001728
1,6.28,4.8227,-3.3047,-1.8876,0.9707,-0.2714,10.3172,9.0960,10.4311,9.2039,-0.2646,0.12127,0.11638,0.01008,0.001728
1,6.30,4.8166,-3.3232,-1.8931,0.9733,-0.2604,10.3185,9.1468,10.4311,9.2039,-0.2498,0.12127,0.11659,0.01008,0.001728
1,6.32,4.8104,-3.3416,-1.8983,0.9759,-0.2493,10.3200,9.1982,10.4311,8.8971,-0.2554,0.12128,0.11679,0.01007,0.001728
1,6.34,4.8041,-3.3601,-1.9033,0.9786,-0.2381,10.3217,9.2502,10.4311,9.2039,-0.2297,0.12129,0.11700,0.01007,0.001728
1,6.36,4.7977,-3.3786,-1.9080,0.9813,-0.2268,10.3236,9.3028,10.4311,9.2039,-0.2064,0.12129,0.11721,0.01007,0.001728
1,6.38,4.7911,-3.3971,-1.9126,0.9841,-0.2155,10.3257,9.3559,10.1243,9.5107,-0.2187,0.12130,0.11742,0.01006,0.001728
1,6.40,4.7845,-3.4156,-1.9169,0.9869,-0.2041,10.3280,9.4096,10.1243,9.5107,-0.2088,0.12131,0.11764,0.01006,0.001728
1,6.42,4.7778,-3.4341,-1.9210,0.9897,-0.1926,10.3306,9.4638,10.4311,9.2039,-0.1907,0.12132,0.11786,0.01006,0.001728
1,6.44,4.7709,-3.4527,-1.9248,0.9926,-0.1811,10.3333,9.5185,10.1243,9.5107,-0.1833,0.12133,0.11807,0.01005,0.001728
1,6.46,4.7640,-3.4713,-1.9284,0.9955,-0.1695,10.3362,9.5737,10.1243,9.5107,-0.1804,0.12134,0.11829,0.01005,0.001728
1,6.48,4.7570,-3.4900,-1.9318,0.9984,-0.1578,10.3393,9.6293,10.1243,9.8175,-0.1465,0.12136,0.11852,0.01005,0.001728
1,6.50,4.7499,-3.5086,-1.9350,1.0014,-0.1461,10.3427,9.6854,10.4311,9.8175,-0.1216,0.12137,0.11874,0.01004,0.001728
1,6.52,4.7428,-3.5273,-1.9379,1.0044,-0.1343,10.3462,9.7419,10.1243,9.5107,-0.1427,0.12138,0.11897,0.01004,0.001728
1,6.54,4.7355,-3.5461,-1.9406,1.0074,-0.1225,10.3500,9.7988,10.4311,9.8175,-0.1098,0.12140,0.11920,0.01004,0.001728
1,6.56,4.7282,-3.5649,-1.9430,1.0105,-0.1106,10.3539,9.8561,10.4311,9.8175,-0.1173,0.12142,0.11942,0.01003,0.001728
1,6.58,4.7209,-3.5837,-1.9452,1.0136,-0.0987,10.3581,9.9137,10.1243,10.1243,-0.0875,0.12143,0.11965,0.01003,0.001728
1,6.60,4.7134,-3.6025,-1.9472,1.0167,-0.0868,10.3624,9.9717,10.4311,9.8175,-0.0872,0.12145,0.11989,0.01003,0.001728
1,6.62,4.7059,-3.6214,-1.9490,1.0198,-0.0749,10.3670,10.0300,10.4311,10.1243,-0.0974,0.12147,0.12012,0.01002,0.001728
1,6.64,4.6984,-3.6404,-1.9505,1.0230,-0.0629,10.3717,10.0885,10.4311,10.1243,-0.0584,0.12149,0.12035,0.01002,0.001728
1,6.66,4.6908,-3.6594,-1.9517,1.0262,-0.0510,10.3767,10.1474,10.4311,10.1243,-0.0495,0.12151,0.12059,0.01002,0.001728
1,6.68,4.6832,-3.6784,-1.9527,1.0294,-0.0390,10.3818,10.2065,10.4311,9.8175,-0.0484,0.12153,0.12083,0.01001,0.001728
1,6.70,4.6755,-3.6975,-1.9535,1.0326,-0.0270,10.3872,10.2658,10.7379,10.1243,-0.0282,0.12155,0.12106,0.01001,0.001728
1,6.72,4.6678,-3.7167,-1.9541,1.0359,-0.0150,10.3927,10.3253,10.4311,10.1243,-0.0062,0.12157,0.12130,0.01000,0.001728
1,6.74,4.6600,-3.7359,-1.9544,1.0392,-0.0030,10.3984,10.3850,10.1243,10.1243,-0.0147,0.12159,0.12154,0.01000,0.001728
1,6.76,4.6522,-3.7552,-1.9544,1.0425,0.0090,10.4044,10.4448,10.1243,10.4311,0.0074,0.12162,0.12178,0.01000,0.001728
1,6.78,4.6444,-3.7745,-1.9542,1.0458,0.0210,10.4105,10.5048,10.4311,10.4311,0.0480,0.12164,0.12202,0.01001,0.001728
1,6.80,4.6366,-3.7939,-1.9538,1.0491,0.0329,10.4168,10.5649,10.4311,10.4311,0.0391,0.12167,0.12226,0.01001,0.001728
1,6.82,4.6288,-3.8134,-1.9532,1.0524,0.0448,10.4233,10.6251,10.4311,10.4311,0.0473,0.12169,0.12250,0.01001,0.001728
1,6.84,4.6209,-3.8329,-1.9523,1.0558,0.0567,10.4300,10.6854,10.4311,10.7379,0.0678,0.12172,0.12274,0.01002,0.001728
1,6.86,4.6131,-3.8525,-1.9511,1.0591,0.0686,10.4369,10.7457,10.4311,10.7379,0.0903,0.12175,0.12298,0.01002,0.001728
1,6.88,4.6052,-3.8722,-1.9498,1.0625,0.0804,10.4440,10.8060,10.4311,10.7379,0.0894,0.12178,0.12322,0.01002,0.001728
1,6.90,4.5974,-3.8919,-1.9481,1.0659,0.0922,10.4513,10.8663,10.7379,10.7379,0.0890,0.12181,0.12347,0.01003,0.001728
1,6.92,4.5895,-3.9118,-1.9463,1.0693,0.1040,10.4587,10.9266,10.4311,10.7379,0.0814,0.12183,0.12371,0.01003,0.001728
1,6.94,4.5817,-3.9317,-1.9442,1.0727,0.1157,10.4663,10.9868,10.4311,10.7379,0.1203,0.12187,0.12395,0.01003,0.001728
1,6.96,4.5739,-3.9517,-1.9419,1.0761,0.1273,10.4741,11.0470,10.4311,11.0447,0.1168,0.12190,0.12419,0.01004,0.001728
1,6.98,4.5661,-3.9717,-1.9394,1.0795,0.1389,10.4821,11.1071,10.7379,11.0447,0.1282,0.12193,0.12443,0.01004,0.001728
1,7.00,4.5584,-3.9919,-1.9366,1.0829,0.1504,10.4902,11.1670,10.4311,11.0447,0.1538,0.12196,0.12467,0.01005,0.001728
1,7.02,4.5507,-4.0121,-1.9336,1.0863,0.1619,10.4985,11.2269,10.7379,11.0447,0.1581,0.12199,0.12491,0.01005,0.001728
1,7.04,4.5430,-4.0324,-1.9303,1.0897,0.1732,10.5070,11.2865,10.7379,11.3515,0.1800,0.12203,0.12515,0.01005,0.001728
1,7.06,4.5354,-4.0528,-1.9269,1.0931,0.1845,10.5156,11.3460,10.4311,11.3515,0.1705,0.12206,0.12538,0.01006,0.001728
1,7.08,4.5278,-4.0733,-1.9232,1.0965,0.1957,10.5244,11.4052,10.4311,11.6583,0.2164,0.12210,0.12562,0.01006,0.001728
1,7.10,4.5203,-4.0939,-1.9193,1.0999,0.2069,10.5333,11.4642,10.7379,11.6583,0.2025,0.12213,0.12586,0.01006,0.001728
1,7.12,4.5128,-4.1146,-1.9151,1.1033,0.2179,10.5424,11.5230,10.4311,11.6583,0.2197,0.12217,0.12609,0.01007,0.001728
1,7.14,4.5054,-4.1354,-1.9108,1.1067,0.2289,10.5517,11.5815,10.4311,11.3515,0.2321,0.12221,0.12633,0.01007,0.001728
1,7.16,4.4980,-4.1563,-1.9062,1.1100,0.2397,10.5611,11.6397,10.7379,11.6583,0.2363,0.12224,0.12656,0.01007,0.001728
1,7.18,4.4908,-4.1773,-1.9014,1.1134,0.2504,10.5706,11.6975,10.7379,11.6583,0.2493,0.12228,0.12679,0.01008,0.001728
1,7.20,4.4836,-4.1984,-1.8964,1.1168,0.2611,10.5803,11.7550,10.4311,11.6583,0.2603,0.12232,0.12702,0.01008,0.001728
1,7.22,4.4765,-4.2195,-1.8912,1.1201,0.2716,10.5901,11.8122,10.7379,11.6583,0.2914,0.12236,0.12725,0.01008,0.001728
1,7.24,4.4695,-4.2408,-1.8857,1.1234,0.2820,10.6000,11.8689,10.4311,11.9651,0.2922,0.12240,0.12748,0.01008,0.001728
1,7.26,4.4626,-4.2622,-1.8801,1.1268,0.2923,10.6101,11.9253,10.4311,11.9651,0.2927,0.12244,0.12770,0.01009,0.001728
1,7.28,4.4558,-4.2837,-1.8743,1.1301,0.3024,10.6203,11.9812,10.7379,11.6583,0.3016,0.12248,0.12792,0.01009,0.001728
1,7.30,4.4491,-4.3053,-1.8682,1.1334,0.3125,10.6306,12.0366,10.7379,11.9651,0.3216,0.12252,0.12815,0.01009,0.001728
1,7.32,4.4426,-4.3270,-1.8620,1.1366,0.3223,10.6410,12.0915,10.4311,11.9651,0.3245,0.12256,0.12837,0.01010,0.001728
1,7.34,4.4361,-4.3488,-1.8555,1.1399,0.3321,10.6515,12.1460,10.7379,11.9651,0.3492,0.12261,0.12858,0.01010,0.001728
1,7.36,4.4298,-4.3707,-1.8489,1.1431,0.3417,10.6621,12.1999,10.4311,12.2718,0.3348,0.12265,0.12880,0.01010,0.001728
1,7.38,4.4236,-4.3927,-1.8420,1.1463,0.3512,10.6728,12.2533,10.7379,12.2718,0.3737,0.12269,0.12901,0.01011,0.001728
1,7.40,4.4175,-4.4148,-1.8350,1.1495,0.3606,10.6837,12.3061,10.7379,12.2718,0.3754,0.12273,0.12922,0.01011,0.001728
1,7.42,4.4116,-4.4370,-1.8278,1.1526,0.3697,10.6946,12.3584,10.7379,12.2718,0.3760,0.12278,0.12943,0.01011,0.001728
1,7.44,4.4058,-4.4593,-1.8204,1.1558,0.3788,10.7056,12.4100,10.7379,12.5786,0.3749,0.12282,0.12964,0.01011,0.001728
1,7.46,4.4002,-4.4817,-1.8128,1.1589,0.3876,10.7166,12.4610,10.7379,12.5786,0.3922,0.12287,0.12984,0.01012,0.001728
1,7.48,4.3947,-4.5043,-1.8051,1.1620,0.3964,10.7278,12.5113,10.7379,12.2718,0.4072,0.12291,0.13005,0.01012,0.001728
1,7.50,4.3894,-4.5269,-1.7971,1.1650,0.4049,10.7390,12.5610,10.7379,12.5786,0.4031,0.12296,0.13024,0.01012,0.001728
1,7.52,4.3843,-4.5496,-1.7890,1.1680,0.4133,10.7502,12.6100,10.7379,12.5786,0.4159,0.12300,0.13044,0.01012,0.001728
1,7.54,4.3793,-4.5724,-1.7808,1.1710,0.4215,10.7615,12.6583,10.7379,12.5786,0.4319,0.12305,0.13063,0.01013,0.001728
1,7.56,4.3745,-4.5954,-1.7724,1.1739,0.4295,10.7729,12.7058,10.7379,12.8854,0.4293,0.12309,0.13082,0.01013,0.001728
1,7.58,4.3699,-4.6184,-1.7638,1.1768,0.4374,10.7843,12.7526,10.4311,12.8854,0.4375,0.12314,0.13101,0.01013,0.001728
1,7.60,4.3655,-4.6415,-1.7550,1.1797,0.4451,10.7957,12.7987,10.7379,12.8854,0.4495,0.12318,0.13119,0.01013,0.001728
1,7.62,4.3613,-4.6647,-1.7461,1.1826,0.4526,10.8072,12.8439,10.7379,12.8854,0.4563,0.12323,0.13138,0.01014,0.001728
1,7.64,4.3573,-4.6880,-1.7371,1.1854,0.4599,10.8187,12.8884,10.7379,13.1922,0.4547,0.12327,0.13155,0.01014,0.001728
1,7.66,4.3535,-4.7114,-1.7279,1.1881,0.4671,10.8302,12.9320,10.7379,12.8854,0.4513,0.12332,0.13173,0.01014,0.001728
1,7.68,4.3499,-4.7349,-1.7185,1.1908,0.4740,10.8417,12.9748,10.7379,13.1922,0.4578,0.12337,0.13190,0.01014,0.001728
1,7.70,4.3465,-4.7585,-1.7090,1.1935,0.4808,10.8532,13.0167,11.0447,12.8854,0.4748,0.12341,0.13207,0.01014,0.001728
1,7.72,4.3433,-4.7821,-1.6994,1.1961,0.4873,10.8647,13.0578,10.7379,12.8854,0.4970,0.12346,0.13223,0.01015,0.001728
1,7.74,4.3403,-4.8059,-1.6897,1.1987,0.4937,10.8762,13.0979,10.7379,13.1922,0.4986,0.12350,0.13239,0.01015,0.001728
1,7.76,4.3376,-4.8297,-1.6798,1.2012,0.4999,10.8877,13.1372,11.0447,13.1922,0.5144,0.12355,0.13255,0.01015,0.001728
1,7.78,4.3351,-4.8536,-1.6698,1.2037,0.5059,10.8991,13.1755,11.0447,13.1922,0.4907,0.12360,0.13270,0.01015,0.001728
1,7.80,4.3329,-4.8776,-1.6597,1.2062,0.5116,10.9105,13.2129,11.0447,12.8854,0.5086,0.12364,0.13285,0.01015,0.001728
1,7.82,4.3308,-4.9016,-1.6495,1.2086,0.5172,10.9219,13.2493,11.0447,13.4990,0.5104,0.12369,0.13300,0.01016,0.001728
1,7.84,4.3291,-4.9257,-1.6391,1.2109,0.5226,10.9332,13.2848,11.0447,13.1922,0.5363,0.12373,0.13314,0.01016,0.001728
1,7.86,4.3275,-4.9499,-1.6287,1.2132,0.5277,10.9444,13.3192,11.3515,13.1922,0.5388,0.12378,0.13328,0.01016,0.001728
1,7.88,4.3263,-4.9741,-1.6181,1.2154,0.5327,10.9556,13.3527,10.7379,13.4990,0.5232,0.12382,0.13341,0.01016,0.001728
1,7.90,4.3252,-4.9984,-1.6075,1.2176,0.5374,10.9667,13.3852,11.3515,13.4990,0.5317,0.12387,0.13354,0.01016,0.001728
1,7.92,4.3245,-5.0227,-1.5967,1.2197,0.5420,10.9777,13.4166,11.0447,13.1922,0.5456,0.12391,0.13367,0.01016,0.001728
1,7.94,4.3240,-5.0471,-1.5859,1.2218,0.5463,10.9887,13.4470,11.0447,13.4990,0.5637,0.12395,0.13379,0.01016,0.001728
1,7.96,4.3237,-5.0716,-1.5749,1.2238,0.5504,10.9995,13.4763,11.0447,13.1922,0.5356,0.12400,0.13391,0.01017,0.001728
1,7.98,4.3238,-5.0960,-1.5639,1.2257,0.5543,11.0103,13.5045,11.0447,13.4990,0.5526,0.12404,0.13402,0.01017,0.001728
1,8.00,4.3241,-5.1206,-1.5528,1.2276,0.5580,11.0209,13.5317,11.0447,13.4990,0.5453,0.12408,0.13413,0.01017,0.001728
1,8.02,4.3247,-5.1451,-1.5417,1.2295,0.5614,11.0314,13.5578,10.7379,13.4990,0.5601,0.12413,0.13423,0.01017,0.001728
1,8.04,4.3255,-5.1697,-1.5305,1.2312,0.5647,11.0417,13.5828,11.0447,13.4990,0.5605,0.12417,0.13433,0.01017,0.001728
1,8.06,4.3266,-5.1943,-1.5192,1.2329,0.5677,11.0519,13.6066,11.0447,13.4990,0.5756,0.12421,0.13443,0.01017,0.001728
1,8.08,4.3281,-5.2189,-1.5078,1.2346,0.5705,11.0620,13.6294,11.0447,13.4990,0.5692,0.12425,0.13452,0.01017,0.001728
1,8.10,4.3298,-5.2435,-1.4964,1.2361,0.5731,11.0719,13.6510,11.0447,13.8058,0.5632,0.12429,0.13460,0.01017,0.001728
1,8.12,4.3317,-5.2682,-1.4849,1.2377,0.5755,11.0816,13.6714,11.0447,13.4990,0.5856,0.12433,0.13469,0.01017,0.001728
1,8.14,4.3340,-5.2928,-1.4734,1.2391,0.5777,11.0912,13.6907,11.0447,13.8058,0.5847,0.12436,0.13476,0.01017,0.001728
1,8.16,4.3365,-5.3175,-1.4619,1.2405,0.5796,11.1005,13.7088,11.0447,13.4990,0.5855,0.12440,0.13484,0.01017,0.001728
1,8.18,4.3394,-5.3421,-1.4503,1.2418,0.5813,11.1097,13.7257,11.0447,14.1126,0.6001,0.12444,0.13490,0.01017,0.001728
1,8.20,4.3425,-5.3667,-1.4387,1.2430,0.5829,11.1187,13.7415,11.0447,13.8058,0.5710,0.12447,0.13497,0.01017,0.001728
1,8.22,4.3459,-5.3914,-1.4270,1.2442,0.5841,11.1274,13.7561,11.0447,13.8058,0.5915,0.12451,0.13502,0.01018,0.001728
1,8.24,4.3496,-5.4160,-1.4153,1.2453,0.5852,11.1359,13.7694,11.0447,14.1126,0.5770,0.12454,0.13508,0.01018,0.001728
1,8.26,4.3536,-5.4406,-1.4036,1.2463,0.5861,11.1442,13.7816,11.0447,13.8058,0.5901,0.12458,0.13513,0.01018,0.001728
1,8.28,4.3579,-5.4651,-1.3919,1.2472,0.5867,11.1523,13.7925,11.0447,13.8058,0.5907,0.12461,0.13517,0.01018,0.001728
1,8.30,4.3625,-5.4896,-1.3802,1.2481,0.5871,11.1601,13.8022,11.0447,13.8058,0.5696,0.12464,0.13521,0.01018,0.001728
1,8.32,4.3674,-5.5141,-1.3684,1.2489,0.5874,11.1676,13.8107,11.0447,13.8058,0.5819,0.12467,0.13524,0.01018,0.001728
1,8.34,4.3726,-5.5386,-1.3567,1.2496,0.5874,11.1749,13.8180,11.3515,14.1126,0.5855,0.12470,0.13527,0.01018,0.001728
1,8.36,4.3780,-5.5629,-1.3449,1.2503,0.5871,11.1819,13.8240,11.3515,14.1126,0.5959,0.12473,0.13530,0.01018,0.001728
1,8.38,4.3838,-5.5873,-1.3332,1.2509,0.5867,11.1886,13.8288,11.3515,14.1126,0.5961,0.12475,0.13532,0.01018,0.001728
1,8.40,4.3898,-5.6116,-1.3214,1.2514,0.5861,11.1950,13.8323,11.0447,13.8058,0.5765,0.12478,0.13533,0.01018,0.001728
1,8.42,4.3961,-5.6358,-1.3097,1.2518,0.5852,11.2011,13.8346,11.3515,13.8058,0.5852,0.12480,0.13534,0.01018,0.001728
1,8.44,4.4027,-5.6599,-1.2980,1.2521,0.5842,11.2069,13.8357,11.3515,13.8058,0.5972,0.12483,0.13534,0.01018,0.001728
1,8.46,4.4096,-5.6840,-1.2863,1.2524,0.5829,11.2123,13.8354,11.3515,13.8058,0.5846,0.12485,0.13534,0.01017,0.001728
1,8.48,4.4168,-5.7080,-1.2747,1.2526,0.5814,11.2174,13.8340,11.3515,14.1126,0.5668,0.12487,0.13534,0.01017,0.001728
1,8.50,4.4242,-5.7319,-1.2630,1.2527,0.5798,11.2222,13.8312,11.3515,14.1126,0.5888,0.12489,0.13532,0.01017,0.001728
1,8.52,4.4319,-5.7558,-1.2514,1.2527,0.5779,11.2266,13.8272,11.0447,14.1126,0.5688,0.12491,0.13531,0.01017,0.001728
1,8.54,4.4399,-5.7795,-1.2399,1.2526,0.5758,11.2307,13.8219,11.0447,13.8058,0.5628,0.12492,0.13529,0.01017,0.001728
1,8.56,4.4482,-5.8031,-1.2284,1.2525,0.5736,11.2343,13.8154,11.0447,13.8058,0.5830,0.12494,0.13526,0.01017,0.001728
1,8.58,4.4568,-5.8267,-1.2169,1.2523,0.5711,11.2376,13.8076,11.3515,13.8058,0.5747,0.12495,0.13523,0.01017,0.001728
1,8.60,4.4656,-5.8501,-1.2055,1.2520,0.5685,11.2405,13.7985,11.0447,14.1126,0.5782,0.12496,0.13519,0.01017,0.001728
1,8.62,4.4747,-5.8735,-1.1941,1.2516,0.5656,11.2430,13.7882,11.3515,13.4990,0.5755,0.12497,0.13515,0.01017,0.001728
1,8.64,4.4840,-5.8967,-1.1828,1.2511,0.5626,11.2451,13.7766,11.3515,13.8058,0.5723,0.12498,0.13511,0.01017,0.001728
1,8.66,4.4936,-5.9198,-1.1715,1.2505,0.5593,11.2467,13.7638,11.3515,13.8058,0.5672,0.12499,0.13506,0.01017,0.001728
1,8.68,4.5035,-5.9428,-1.1604,1.2499,0.5559,11.2480,13.7497,11.3515,13.8058,0.5545,0.12499,0.13500,0.01017,0.001728
1,8.70,4.5136,-5.9656,-1.1492,1.2492,0.5524,11.2487,13.7343,11.3515,13.4990,0.5538,0.12499,0.13494,0.01017,0.001728
1,8.72,4.5239,-5.9884,-1.1382,1.2483,0.5486,11.2491,13.7177,11.0447,13.8058,0.5649,0.12500,0.13487,0.01016,0.001728
1,8.74,4.5345,-6.0110,-1.1272,1.2474,0.5446,11.2490,13.6999,11.3515,13.8058,0.5321,0.12500,0.13480,0.01016,0.001728
1,8.76,4.5453,-6.0335,-1.1163,1.2465,0.5405,11.2484,13.6807,11.6583,13.8058,0.5411,0.12499,0.13472,0.01016,0.001728
1,8.78,4.5564,-6.0558,-1.1055,1.2454,0.5362,11.2473,13.6604,11.3515,13.4990,0.5423,0.12499,0.13464,0.01016,0.001728
1,8.80,4.5677,-6.0780,-1.0948,1.2442,0.5318,11.2458,13.6388,11.3515,13.4990,0.5074,0.12498,0.13456,0.01016,0.001728
1,8.82,4.5792,-6.1001,-1.0842,1.2430,0.5272,11.2438,13.6160,11.3515,13.8058,0.5342,0.12498,0.13446,0.01016,0.001728
1,8.84,4.5909,-6.1220,-1.0736,1.2417,0.5224,11.2412,13.5919,11.3515,13.8058,0.5345,0.12496,0.13437,0.01016,0.001728
1,8.86,4.6029,-6.1437,-1.0632,1.2402,0.5174,11.2382,13.5666,11.0447,13.8058,0.4993,0.12495,0.13427,0.01016,0.001728
1,8.88,4.6151,-6.1654,-1.0528,1.2387,0.5123,11.2346,13.5401,11.0447,13.4990,0.4892,0.12494,0.13416,0.01015,0.001728
1,8.90,4.6274,-6.1868,-1.0426,1.2371,0.5071,11.2305,13.5124,11.0447,13.8058,0.5214,0.12492,0.13405,0.01015,0.001728
1,8.92,4.6400,-6.2081,-1.0324,1.2355,0.5017,11.2259,13.4835,11.3515,13.8058,0.5059,0.12490,0.13393,0.01015,0.001728
1,8.94,4.6528,-6.2293,-1.0224,1.2337,0.4962,11.2207,13.4535,11.0447,13.4990,0.4965,0.12488,0.13381,0.01015,0.001728
1,8.96,4.6658,-6.2503,-1.0125,1.2319,0.4905,11.2150,13.4222,11.3515,13.1922,0.5023,0.12486,0.13369,0.01015,0.001728
1,8.98,4.6789,-6.2711,-1.0027,1.2299,0.4847,11.2087,13.3897,11.0447,13.4990,0.4708,0.12483,0.13356,0.01015,0.001728
1,9.00,4.6923,-6.2918,-0.9930,1.2279,0.4787,11.2019,13.3561,11.0447,13.4990,0.4896,0.12481,0.13342,0.01014,0.001728
1,9.02,4.7058,-6.3123,-0.9834,1.2258,0.4726,11.1945,13.3213,11.0447,13.4990,0.4792,0.12478,0.13329,0.01014,0.001728
1,9.04,4.7195,-6.3326,-0.9739,1.2236,0.4664,11.1865,13.2853,11.0447,13.4990,0.4692,0.12475,0.13314,0.01014,0.001728
1,9.06,4.7333,-6.3528,-0.9646,1.2213,0.4601,11.1779,13.2482,11.3515,13.4990,0.4696,0.12471,0.13299,0.01014,0.001728
1,9.08,4.7473,-6.3728,-0.9554,1.2189,0.4536,11.1687,13.2100,11.0447,13.1922,0.4613,0.12467,0.13284,0.01014,0.001728
1,9.10,4.7615,-6.3926,-0.9463,1.2165,0.4471,11.1589,13.1707,11.0447,13.1922,0.4420,0.12464,0.13268,0.01013,0.001728
1,9.12,4.7758,-6.4123,-0.9374,1.2139,0.4404,11.1485,13.1302,11.3515,13.4990,0.4155,0.12459,0.13252,0.01013,0.001728
1,9.14,4.7902,-6.4318,-0.9286,1.2113,0.4336,11.1375,13.0887,11.3515,13.1922,0.4432,0.12455,0.13235,0.01013,0.001728
1,9.16,4.8048,-6.4512,-0.9199,1.2086,0.4267,11.1259,13.0461,11.3515,13.1922,0.4181,0.12450,0.13218,0.01013,0.001728
1,9.18,4.8196,-6.4703,-0.9114,1.2058,0.4197,11.1136,13.0023,11.0447,12.8854,0.4338,0.12445,0.13201,0.01013,0.001728
1,9.20,4.8344,-6.4893,-0.9030,1.2029,0.4126,11.1007,12.9576,11.0447,12.8854,0.4115,0.12440,0.13183,0.01012,0.001728
1,9.22,4.8494,-6.5082,-0.8947,1.1999,0.4055,11.0872,12.9117,11.0447,12.8854,0.4205,0.12435,0.13165,0.01012,0.001728
1,9.24,4.8645,-6.5268,-0.8866,1.1969,0.3982,11.0730,12.8649,11.3515,12.5786,0.4137,0.12429,0.13146,0.01012,0.001728
1,9.26,4.8797,-6.5453,-0.8787,1.1938,0.3908,11.0582,12.8170,11.0447,12.5786,0.3801,0.12423,0.13127,0.01012,0.001728
1,9.28,4.8950,-6.5636,-0.8708,1.1905,0.3834,11.0427,12.7681,11.0447,12.8854,0.3747,0.12417,0.13107,0.01012,0.001728
1,9.30,4.9104,-6.5818,-0.8632,1.1872,0.3759,11.0266,12.7182,10.7379,12.5786,0.3971,0.12411,0.13087,0.01011,0.001728
1,9.32,4.9259,-6.5998,-0.8557,1.1839,0.3684,11.0097,12.6673,11.0447,12.5786,0.3709,0.12404,0.13067,0.01011,0.001728
1,9.34,4.9415,-6.6176,-0.8483,1.1804,0.3607,10.9922,12.6155,11.3515,12.2718,0.3735,0.12397,0.13046,0.01011,0.001728
1,9.36,4.9572,-6.6352,-0.8411,1.1768,0.3530,10.9741,12.5627,10.7379,12.5786,0.3538,0.12390,0.13025,0.01011,0.001728
1,9.38,4.9729,-6.6527,-0.8340,1.1732,0.3453,10.9552,12.5090,11.3515,12.2718,0.3279,0.12382,0.13004,0.01010,0.001728
1,9.40,4.9888,-6.6701,-0.8271,1.1695,0.3375,10.9357,12.4543,11.0447,12.2718,0.3367,0.12374,0.12982,0.01010,0.001728
1,9.42,5.0046,-6.6872,-0.8204,1.1657,0.3296,10.9155,12.3988,11.0447,12.2718,0.3296,0.12366,0.12960,0.01010,0.001728
1,9.44,5.0206,-6.7042,-0.8138,1.1618,0.3217,10.8946,12.3423,11.0447,12.2718,0.3321,0.12358,0.12937,0.01010,0.001728
1,9.46,5.0366,-6.7211,-0.8073,1.1579,0.3138,10.8729,12.2850,10.7379,12.2718,0.3048,0.12349,0.12914,0.01009,0.001728
1,9.48,5.0527,-6.7377,-0.8011,1.1539,0.3058,10.8506,12.2268,11.0447,12.2718,0.3131,0.12340,0.12891,0.01009,0.001728
1,9.50,5.0688,-6.7543,-0.7949,1.1498,0.2978,10.8276,12.1678,11.0447,12.2718,0.3016,0.12331,0.12867,0.01009,0.001728
1,9.52,5.0849,-6.7706,-0.7890,1.1456,0.2898,10.8039,12.1079,11.0447,11.9651,0.2806,0.12322,0.12843,0.01009,0.001728
1,9.54,5.1011,-6.7868,-0.7832,1.1413,0.2817,10.7795,12.0473,10.7379,11.9651,0.2904,0.12312,0.12819,0.01008,0.001728
1,9.56,5.1174,-6.8029,-0.7776,1.1370,0.2737,10.7544,11.9859,10.7379,11.9651,0.2506,0.12302,0.12794,0.01008,0.001728
1,9.58,5.1336,-6.8188,-0.7721,1.1326,0.2656,10.7285,11.9237,10.7379,11.9651,0.2647,0.12291,0.12769,0.01008,0.001728
1,9.60,5.1499,-6.8346,-0.7668,1.1281,0.2575,10.7020,11.8607,10.4311,11.9651,0.2690,0.12281,0.12744,0.01008,0.001728
1,9.62,5.1662,-6.8502,-0.7616,1.1236,0.2494,10.6747,11.7970,10.7379,11.6583,0.2452,0.12270,0.12719,0.01007,0.001728
1,9.64,5.1825,-6.8656,-0.7566,1.1190,0.2413,10.6467,11.7326,10.4311,11.9651,0.2576,0.12259,0.12693,0.01007,0.001728
1,9.66,5.1988,-6.8810,-0.7518,1.1143,0.2332,10.6180,11.6675,10.4311,11.3515,0.2370,0.12247,0.12667,0.01007,0.001728
1,9.68,5.2151,-6.8961,-0.7471,1.1095,0.2251,10.5886,11.6017,10.7379,11.3515,0.2283,0.12235,0.12641,0.01007,0.001728
1,9.70,5.2314,-6.9112,-0.7426,1.1047,0.2171,10.5585,11.5353,10.7379,11.6583,0.2243,0.12223,0.12614,0.01007,0.001728
1,9.72,5.2477,-6.9261,-0.7383,1.0998,0.2090,10.5276,11.4682,10.4311,11.6583,0.2013,0.12211,0.12587,0.01006,0.001728
1,9.74,5.2640,-6.9409,-0.7341,1.0948,0.2010,10.4961,11.4005,10.4311,11.3515,0.1958,0.12198,0.12560,0.01006,0.001728
1,9.76,5.2803,-6.9555,-0.7301,1.0898,0.1930,10.4638,11.3322,10.4311,11.0447,0.2023,0.12186,0.12533,0.01006,0.001728
1,9.78,5.2966,-6.9700,-0.7262,1.0847,0.1850,10.4308,11.2634,10.4311,11.3515,0.1884,0.12172,0.12505,0.01006,0.001728
1,9.80,5.3128,-6.9844,-0.7225,1.0796,0.1771,10.3971,11.1939,10.7379,11.0447,0.1696,0.12159,0.12478,0.01005,0.001728
1,9.82,5.3290,-6.9986,-0.7190,1.0743,0.1692,10.3627,11.1240,10.1243,11.0447,0.1607,0.12145,0.12450,0.01005,0.001728
1,9.84,5.3452,-7.0128,-0.7156,1.0691,0.1613,10.3276,11.0535,10.4311,11.0447,0.1485,0.12131,0.12421,0.01005,0.001728
1,9.86,5.3614,-7.0268,-0.7124,1.0637,0.1535,10.2917,10.9825,10.1243,11.0447,0.1545,0.12117,0.12393,0.01005,0.001728
1,9.88,5.3775,-7.0406,-0.7093,1.0583,0.1457,10.2552,10.9110,10.1243,11.0447,0.1466,0.12102,0.12364,0.01004,0.001728
1,9.90,5.3936,-7.0544,-0.7064,1.0529,0.1380,10.2180,10.8391,10.4311,11.0447,0.1338,0.12087,0.12336,0.01004,0.001728
1,9.92,5.4096,-7.0680,-0.7036,1.0473,0.1304,10.1800,10.7667,10.1243,10.7379,0.1196,0.12072,0.12307,0.01004,0.001728
1,9.94,5.4256,-7.0816,-0.7010,1.0418,0.1228,10.1414,10.6940,10.4311,10.4311,0.1043,0.12057,0.12278,0.01004,0.001728
1,9.96,5.4416,-7.0950,-0.6986,1.0361,0.1153,10.1021,10.6208,10.1243,10.4311,0.1203,0.12041,0.12248,0.01003,0.001728
1,9.98,5.4574,-7.1083,-0.6963,1.0305,0.1078,10.0620,10.5473,9.8175,10.7379,0.1135,0.12025,0.12219,0.01003,0.001728
1,10.00,5.4733,-7.1215,-0.6941,1.0247,0.1004,10.0214,10.4734,10.1243,10.7379,0.1308,0.12009,0.12189,0.01003,0.001728
1,10.02,5.4890,-7.1346,-0.6921,1.0190,0.0931,9.9800,10.3991,10.1243,10.1243,0.0908,0.11992,0.12160,0.01003,0.001728
1,10.04,5.5047,-7.1476,-0.6902,1.0131,0.0859,9.9379,10.3246,9.8175,10.4311,0.0944,0.11975,0.12130,0.01003,0.001728
1,10.06,5.5204,-7.1605,-0.6885,1.0072,0.0788,9.8952,10.2498,10.1243,10.1243,0.0864,0.11958,0.12100,0.01002,0.001728
1,10.08,5.5359,-7.1733,-0.6870,1.0013,0.0717,9.8518,10.1747,9.8175,10.1243,0.0813,0.11941,0.12070,0.01002,0.001728
1,10.10,5.5514,-7.1860,-0.6855,0.9954,0.0648,9.8078,10.0993,9.8175,10.1243,0.0767,0.11923,0.12040,0.01002,0.001728
1,10.12,5.5668,-7.1986,-0.6842,0.9893,0.0579,9.7631,10.0238,9.8175,10.1243,0.0597,0.11905,0.12010,0.01002,0.001728
1,10.14,5.5822,-7.2110,-0.6831,0.9833,0.0512,9.7178,9.9480,9.8175,9.8175,0.0545,0.11887,0.11979,0.01002,0.001728
1,10.16,5.5974,-7.2235,-0.6820,0.9772,0.0445,9.6718,9.8721,9.5107,9.8175,0.0385,0.11869,0.11949,0.01001,0.001728
1,10.18,5.6126,-7.2358,-0.6811,0.9711,0.0380,9.6252,9.7960,9.5107,9.8175,0.0430,0.11850,0.11918,0.01001,0.001728
1,10.20,5.6277,-7.2480,-0.6804,0.9649,0.0315,9.5779,9.7197,9.5107,9.5107,0.0497,0.11831,0.11888,0.01001,0.001728
1,10.22,5.6427,-7.2601,-0.6798,0.9587,0.0252,9.5301,9.6434,9.5107,9.5107,0.0329,0.11812,0.11857,0.01001,0.001728
1,10.24,5.6576,-7.2722,-0.6793,0.9524,0.0189,9.4816,9.5669,9.5107,9.8175,0.0148,0.11793,0.11827,0.01001,0.001728
1,10.26,5.6725,-7.2841,-0.6789,0.9461,0.0128,9.4326,9.4904,9.5107,9.5107,0.0063,0.11773,0.11796,0.01000,0.001728
1,10.28,5.6872,-7.2960,-0.6786,0.9398,0.0069,9.3829,9.4138,9.5107,9.2039,0.0110,0.11753,0.11766,0.01000,0.001728
1,10.30,5.7018,-7.3078,-0.6785,0.9335,0.0010,9.3327,9.3372,9.2039,9.2039,0.0043,0.11733,0.11735,0.01000,0.001728
1,10.32,5.7164,-7.3195,-0.6785,0.9271,-0.0047,9.2819,9.2606,9.2039,9.2039,0.0057,0.11713,0.11704,0.01000,0.001728
1,10.34,5.7308,-7.3312,-0.6786,0.9207,-0.0104,9.2306,9.1840,9.2039,9.2039,0.0052,0.11692,0.11674,0.01000,0.001728
1,10.36,5.7451,-7.3427,-0.6788,0.9143,-0.0158,9.1787,9.1074,8.8971,9.2039,-0.0011,0.11671,0.11643,0.01000,0.001728
1,10.38,5.7594,-7.3542,-0.6791,0.9079,-0.0212,9.1262,9.0309,9.2039,9.2039,-0.0048,0.11650,0.11612,0.01001,0.001728
1,10.40,5.7735,-7.3656,-0.6795,0.9014,-0.0264,9.0732,8.9544,8.8971,8.8971,-0.0283,0.11629,0.11582,0.01001,0.001728
1,10.42,5.7875,-7.3770,-0.6800,0.8949,-0.0315,9.0197,8.8781,9.2039,8.8971,-0.0419,0.11608,0.11551,0.01001,0.001728
1,10.44,5.8014,-7.3882,-0.6807,0.8884,-0.0364,8.9657,8.8019,8.8971,8.5903,-0.0387,0.11586,0.11521,0.01001,0.001728
1,10.46,5.8152,-7.3994,-0.6814,0.8818,-0.0412,8.9112,8.7258,8.8971,8.2835,-0.0359,0.11564,0.11490,0.01001,0.001728
1,10.48,5.8289,-7.4105,-0.6822,0.8753,-0.0459,8.8562,8.6498,8.8971,8.5903,-0.0480,0.11542,0.11460,0.01001,0.001728
1,10.50,5.8425,-7.4216,-0.6831,0.8687,-0.0504,8.8007,8.5741,8.8971,8.2835,-0.0611,0.11520,0.11430,0.01002,0.001728
1,10.52,5.8560,-7.4325,-0.6841,0.8622,-0.0547,8.7448,8.4986,8.5903,8.5903,-0.0490,0.11498,0.11399,0.01002,0.001728
1,10.54,5.8693,-7.4434,-0.6852,0.8556,-0.0589,8.6884,8.4232,8.5903,8.5903,-0.0489,0.11475,0.11369,0.01002,0.001728
1,10.56,5.8826,-7.4543,-0.6864,0.8490,-0.0630,8.6316,8.3482,8.5903,8.2835,-0.0639,0.11453,0.11339,0.01002,0.001728
1,10.58,5.8957,-7.4650,-0.6877,0.8424,-0.0669,8.5743,8.2734,8.5903,8.2835,-0.0677,0.11430,0.11309,0.01002,0.001728
1,10.60,5.9087,-7.4757,-0.6890,0.8358,-0.0706,8.5167,8.1988,8.5903,8.2835,-0.0797,0.11407,0.11280,0.01002,0.001728
1,10.62,5.9216,-7.4864,-0.6904,0.8292,-0.0742,8.4587,8.1246,8.2835,8.2835,-0.0630,0.11383,0.11250,0.01002,0.001728
1,10.64,5.9344,-7.4970,-0.6919,0.8225,-0.0777,8.4002,8.0507,8.2835,7.9767,-0.0692,0.11360,0.11220,0.01002,0.001728
1,10.66,5.9470,-7.5075,-0.6935,0.8159,-0.0810,8.3415,7.9771,8.2835,7.9767,-0.0854,0.11337,0.11191,0.01002,0.001728
1,10.68,5.9596,-7.5179,-0.6951,0.8093,-0.0841,8.2823,7.9039,8.2835,7.9767,-0.0869,0.11313,0.11162,0.01003,0.001728
1,10.70,5.9720,-7.5283,-0.6968,0.8027,-0.0870,8.2228,7.8311,7.9767,7.9767,-0.0827,0.11289,0.11132,0.01003,0.001728
1,10.72,5.9843,-7.5386,-0.6985,0.7961,-0.0899,8.1631,7.7587,8.2835,7.6699,-0.0847,0.11265,0.11103,0.01003,0.001728
1,10.74,5.9965,-7.5488,-0.7003,0.7895,-0.0925,8.1030,7.6867,7.9767,7.3631,-0.1128,0.11241,0.11075,0.01003,0.001728
1,10.76,6.0085,-7.5590,-0.7021,0.7829,-0.0950,8.0426,7.6152,7.9767,7.3631,-0.0832,0.11217,0.11046,0.01003,0.001728
1,10.78,6.0205,-7.5692,-0.7040,0.7763,-0.0973,7.9819,7.5441,8.2835,7.3631,-0.1025,0.11193,0.11018,0.01003,0.001728
1,10.80,6.0323,-7.5792,-0.7060,0.7697,-0.0994,7.9210,7.4735,7.9767,7.6699,-0.1091,0.11168,0.10989,0.01003,0.001728
1,10.82,6.0440,-7.5892,-0.7080,0.7632,-0.1014,7.8598,7.4034,7.9767,7.3631,-0.0931,0.11144,0.10961,0.01003,0.001728
1,10.84,6.0556,-7.5991,-0.7100,0.7566,-0.1033,7.7985,7.3337,7.6699,7.3631,-0.0929,0.11119,0.10933,0.01003,0.001728
1,10.86,6.0671,-7.6090,-0.7121,0.7501,-0.1049,7.7369,7.2647,7.6699,7.3631,-0.1062,0.11095,0.10906,0.01003,0.001728
1,10.88,6.0784,-7.6188,-0.7142,0.7436,-0.1064,7.6751,7.1962,7.6699,7.0563,-0.1008,0.11070,0.10878,0.01003,0.001728
1,10.90,6.0896,-7.6286,-0.7163,0.7371,-0.1078,7.6131,7.1282,7.6699,7.0563,-0.1226,0.11045,0.10851,0.01003,0.001728
1,10.92,6.1008,-7.6383,-0.7185,0.7306,-0.1089,7.5510,7.0608,7.3631,7.0563,-0.1148,0.11020,0.10824,0.01003,0.001728
1,10.94,6.1117,-7.6479,-0.7206,0.7241,-0.1099,7.4888,6.9941,7.3631,7.0563,-0.0953,0.10996,0.10798,0.01003,0.001728
1,10.96,6.1226,-7.6575,-0.7228,0.7177,-0.1108,7.4265,6.9279,7.3631,7.0563,-0.1141,0.10971,0.10771,0.01003,0.001728
1,10.98,6.1334,-7.6670,-0.7251,0.7113,-0.1115,7.3640,6.8624,7.3631,7.0563,-0.1067,0.10946,0.10745,0.01003,0.001728
1,11.00,6.1440,-7.6764,-0.7273,0.7050,-0.1120,7.3015,6.7976,7.3631,6.7495,-0.1263,0.10921,0.10719,0.01003,0.001728
1,11.02,6.1545,-7.6858,-0.7295,0.6986,-0.1123,7.2389,6.7334,7.0563,6.4427,-0.1202,0.10896,0.10693,0.01003,0.001728
1,11.04,6.1649,-7.6951,-0.7318,0.6923,-0.1125,7.1762,6.6699,7.0563,6.7495,-0.1038,0.10870,0.10668,0.01003,0.001728
1,11.06,6.1752,-7.7044,-0.7340,0.6860,-0.1126,7.1136,6.6071,7.0563,6.4427,-0.1181,0.10845,0.10643,0.01003,0.001728
1,11.08,6.1854,-7.7136,-0.7363,0.6798,-0.1124,7.0509,6.5450,7.0563,6.4427,-0.1081,0.10820,0.10618,0.01003,0.001728
1,11.10,6.1955,-7.7228,-0.7385,0.6736,-0.1121,6.9883,6.4836,7.0563,6.4427,-0.1297,0.10795,0.10593,0.01003,0.001728
1,11.12,6.2054,-7.7318,-0.7408,0.6674,-0.1117,6.9257,6.4230,6.7495,6.4427,-0.0930,0.10770,0.10569,0.01003,0.001728
1,11.14,6.2153,-7.7409,-0.7430,0.6613,-0.1111,6.8631,6.3631,6.7495,6.4427,-0.0947,0.10745,0.10545,0.01003,0.001728
1,11.16,6.2250,-7.7498,-0.7452,0.6552,-0.1103,6.8006,6.3041,6.7495,6.1359,-0.1116,0.10720,0.10522,0.01003,0.001728
1,11.18,6.2346,-7.7587,-0.7474,0.6492,-0.1094,6.7382,6.2458,6.7495,6.1359,-0.0964,0.10695,0.10498,0.01003,0.001728
1,11.20,6.2441,-7.7675,-0.7496,0.6432,-0.1084,6.6760,6.1883,6.7495,6.1359,-0.0994,0.10670,0.10475,0.01003,0.001728
1,11.22,6.2535,-7.7763,-0.7518,0.6373,-0.1072,6.6138,6.1316,6.7495,6.1359,-0.1038,0.10646,0.10453,0.01003,0.001728
1,11.24,6.2628,-7.7850,-0.7539,0.6314,-0.1058,6.5518,6.0758,6.7495,6.1359,-0.1284,0.10621,0.10430,0.01003,0.001728
1,11.26,6.2720,-7.7937,-0.7560,0.6255,-0.1043,6.4900,6.0208,6.4427,6.1359,-0.1129,0.10596,0.10408,0.01003,0.001728
1,11.28,6.2811,-7.8023,-0.7581,0.6198,-0.1026,6.4284,5.9667,6.4427,6.1359,-0.1049,0.10571,0.10387,0.01003,0.001728
1,11.30,6.2901,-7.8108,-0.7602,0.6140,-0.1008,6.3670,5.9134,6.1359,5.8291,-0.1090,0.10547,0.10365,0.01003,0.001728
1,11.32,6.2990,-7.8193,-0.7622,0.6083,-0.0989,6.3059,5.8610,6.4427,5.8291,-0.1179,0.10522,0.10344,0.01003,0.001728
1,11.34,6.3078,-7.8277,-0.7642,0.6027,-0.0968,6.2450,5.8095,6.1359,5.8291,-0.0783,0.10498,0.10324,0.01003,0.001728
1,11.36,6.3165,-7.8360,-0.7661,0.5972,-0.0945,6.1844,5.7590,6.4427,5.8291,-0.0834,0.10474,0.10304,0.01003,0.001728
1,11.38,6.3251,-7.8443,-0.7680,0.5917,-0.0922,6.1241,5.7093,6.1359,5.8291,-0.0916,0.10450,0.10284,0.01003,0.001728
1,11.40,6.3336,-7.8526,-0.7698,0.5862,-0.0897,6.0641,5.6606,5.8291,5.5223,-0.1066,0.10426,0.10264,0.01003,0.001728
1,11.42,6.3420,-7.8607,-0.7716,0.5809,-0.0871,6.0045,5.6128,6.1359,5.8291,-0.1043,0.10402,0.10245,0.01003,0.001728
1,11.44,6.3503,-7.8688,-0.7734,0.5756,-0.0843,5.9452,5.5659,5.8291,5.5223,-0.0700,0.10378,0.10226,0.01003,0.001728
1,11.46,6.3586,-7.8769,-0.7751,0.5703,-0.0814,5.8864,5.5200,6.1359,5.5223,-0.0866,0.10355,0.10208,0.01002,0.001728
1,11.48,6.3667,-7.8849,-0.7767,0.5651,-0.0784,5.8279,5.4751,5.8291,5.5223,-0.0827,0.10331,0.10190,0.01002,0.001728
1,11.50,6.3748,-7.8928,-0.7783,0.5601,-0.0753,5.7699,5.4311,5.8291,5.5223,-0.0723,0.10308,0.10172,0.01002,0.001728
1,11.52,6.3827,-7.9007,-0.7798,0.5550,-0.0720,5.7123,5.3882,5.5223,5.2155,-0.0639,0.10285,0.10155,0.01002,0.001728
1,11.54,6.3906,-7.9085,-0.7812,0.5501,-0.0687,5.6552,5.3462,5.5223,5.5223,-0.0541,0.10262,0.10138,0.01002,0.001728
1,11.56,6.3984,-7.9162,-0.7826,0.5452,-0.0652,5.5986,5.3053,5.5223,5.2155,-0.0645,0.10239,0.10122,0.01002,0.001728
1,11.58,6.4061,-7.9239,-0.7839,0.5404,-0.0616,5.5425,5.2654,5.5223,5.2155,-0.0617,0.10217,0.10106,0.01002,0.001728
1,11.60,6.4138,-7.9316,-0.7851,0.5357,-0.0579,5.4869,5.2265,5.5223,5.2155,-0.0650,0.10195,0.10091,0.01002,0.001728
1,11.62,6.4214,-7.9391,-0.7863,0.5310,-0.0541,5.4319,5.1886,5.5223,5.2155,-0.0582,0.10173,0.10075,0.01002,0.001728
1,11.64,6.4289,-7.9467,-0.7874,0.5265,-0.0502,5.3775,5.1517,5.2155,5.2155,-0.0576,0.10151,0.10061,0.01002,0.001728
1,11.66,6.4363,-7.9541,-0.7884,0.5220,-0.0462,5.3237,5.1159,5.2155,4.9087,-0.0486,0.10129,0.10046,0.01001,0.001728
1,11.68,6.4436,-7.9615,-0.7893,0.5176,-0.0421,5.2705,5.0812,5.2155,5.2155,-0.0357,0.10108,0.10032,0.01001,0.001728
1,11.70,6.4509,-7.9689,-0.7901,0.5133,-0.0379,5.2180,5.0475,5.2155,5.2155,-0.0374,0.10087,0.10019,0.01001,0.001728
1,11.72,6.4582,-7.9762,-0.7909,0.5091,-0.0336,5.1662,5.0149,5.2155,4.9087,-0.0252,0.10066,0.10006,0.01001,0.001728
1,11.74,6.4653,-7.9834,-0.7915,0.5049,-0.0292,5.1150,4.9834,5.2155,5.2155,-0.0211,0.10046,0.09993,0.01001,0.001728
1,11.76,6.4724,-7.9906,-0.7921,0.5009,-0.0248,5.0645,4.9529,4.9087,4.9087,-0.0116,0.10026,0.09981,0.01001,0.001728
1,11.78,6.4794,-7.9977,-0.7926,0.4969,-0.0203,5.0148,4.9235,4.9087,4.9087,-0.0216,0.10006,0.09969,0.01001,0.001728
1,11.80,6.4864,-8.0048,-0.7930,0.4931,-0.0157,4.9658,4.8952,5.2155,4.9087,0.0012,0.09986,0.09958,0.01000,0.001728
1,11.82,6.4933,-8.0118,-0.7934,0.4893,-0.0110,4.9176,4.8680,4.9087,4.9087,-0.0125,0.09967,0.09947,0.01000,0.001728
1,11.84,6.5002,-8.0188,-0.7936,0.4856,-0.0063,4.8702,4.8419,4.9087,4.9087,-0.0132,0.09948,0.09937,0.01000,0.001728
1,11.86,6.5070,-8.0257,-0.7937,0.4820,-0.0015,4.8236,4.8169,4.9087,5.2155,0.0000,0.09929,0.09927,0.01000,0.001728
1,11.88,6.5138,-8.0326,-0.7937,0.4785,0.0034,4.7778,4.7930,4.9087,4.9087,0.0189,0.09911,0.09917,0.01000,0.001728
1,11.90,6.5205,-8.0394,-0.7937,0.4752,0.0083,4.7329,4.7702,4.6019,4.9087,0.0158,0.09893,0.09908,0.01000,0.001728
1,11.92,6.5271,-8.0462,-0.7935,0.4719,0.0133,4.6888,4.7486,4.6019,4.9087,0.0100,0.09876,0.09899,0.01000,0.001728
1,11.94,6.5338,-8.0529,-0.7932,0.4687,0.0183,4.6457,4.7280,4.6019,4.6019,0.0199,0.09858,0.09891,0.01001,0.001728
1,11.96,6.5403,-8.0596,-0.7929,0.4656,0.0234,4.6035,4.7086,4.6019,4.9087,0.0310,0.09841,0.09883,0.01001,0.001728
1,11.98,6.5469,-8.0662,-0.7924,0.4626,0.0285,4.5622,4.6903,4.6019,4.6019,0.0314,0.09825,0.09876,0.01001,0.001728
1,12.00,6.5534,-8.0728,-0.7918,0.4597,0.0336,4.5218,4.6731,4.6019,4.9087,0.0279,0.09809,0.09869,0.01001,0.001728
1,12.02,6.5598,-8.0794,-0.7912,0.4570,0.0388,4.4825,4.6570,4.6019,4.6019,0.0398,0.09793,0.09863,0.01001,0.001728
1,12.04,6.5663,-8.0859,-0.7904,0.4543,0.0440,4.4441,4.6421,4.2951,4.6019,0.0566,0.09778,0.09857,0.01001,0.001728
1,12.06,6.5727,-8.0923,-0.7895,0.4517,0.0492,4.4067,4.6283,4.2951,4.6019,0.0721,0.09763,0.09851,0.01001,0.001728
1,12.08,6.5790,-8.0987,-0.7885,0.4493,0.0545,4.3704,4.6156,4.6019,4.2951,0.0647,0.09748,0.09846,0.01002,0.001728
1,12.10,6.5854,-8.1051,-0.7874,0.4470,0.0598,4.3351,4.6040,4.2951,4.6019,0.0459,0.09734,0.09842,0.01002,0.001728
1,12.12,6.5917,-8.1114,-0.7862,0.4447,0.0651,4.3009,4.5936,4.2951,4.6019,0.0805,0.09720,0.09837,0.01002,0.001728
1,12.14,6.5980,-8.1177,-0.7849,0.4426,0.0704,4.2678,4.5843,4.2951,4.9087,0.0689,0.09707,0.09834,0.01002,0.001728
1,12.16,6.6042,-8.1240,-0.7835,0.4406,0.0757,4.2357,4.5762,3.9884,4.6019,0.0868,0.09694,0.09830,0.01002,0.001728
1,12.18,6.6105,-8.1302,-0.7820,0.4387,0.0810,4.2048,4.5692,4.2951,4.6019,0.0902,0.09682,0.09828,0.01002,0.001728
1,12.20,6.6167,-8.1364,-0.7804,0.4369,0.0863,4.1750,4.5633,3.9884,4.6019,0.0842,0.09670,0.09825,0.01003,0.001728
1,12.22,6.6229,-8.1425,-0.7787,0.4352,0.0916,4.1464,4.5585,4.2951,4.6019,0.0869,0.09659,0.09823,0.01003,0.001728
1,12.24,6.6291,-8.1486,-0.7768,0.4337,0.0969,4.1190,4.5549,3.9884,4.6019,0.0985,0.09648,0.09822,0.01003,0.001728
1,12.26,6.6353,-8.1547,-0.7749,0.4323,0.1021,4.0927,4.5524,3.9884,4.6019,0.1035,0.09637,0.09821,0.01003,0.001728
1,12.28,6.6415,-8.1607,-0.7728,0.4309,0.1074,4.0676,4.5510,3.9884,4.6019,0.0994,0.09627,0.09820,0.01003,0.001728
1,12.30,6.6477,-8.1668,-0.7707,0.4297,0.1127,4.0438,4.5507,3.9884,4.2951,0.1242,0.09618,0.09820,0.01003,0.001728
1,12.32,6.6539,-8.1727,-0.7684,0.4286,0.1179,4.0212,4.5516,3.9884,4.2951,0.1226,0.09608,0.09821,0.01004,0.001728
1,12.34,6.6600,-8.1787,-0.7661,0.4277,0.1231,3.9998,4.5536,3.9884,4.6019,0.1303,0.09600,0.09821,0.01004,0.001728
1,12.36,6.6662,-8.1846,-0.7636,0.4268,0.1282,3.9798,4.5567,3.9884,4.6019,0.1302,0.09592,0.09823,0.01004,0.001728
1,12.38,6.6724,-8.1905,-0.7611,0.4261,0.1333,3.9609,4.5609,3.9884,4.6019,0.1409,0.09584,0.09824,0.01004,0.001728
1,12.40,6.6785,-8.1964,-0.7584,0.4255,0.1384,3.9434,4.5662,3.9884,4.6019,0.1618,0.09577,0.09826,0.01004,0.001728
1,12.42,6.6847,-8.2022,-0.7556,0.4250,0.1434,3.9272,4.5727,3.9884,4.6019,0.1475,0.09571,0.09829,0.01004,0.001728
1,12.44,6.6909,-8.2080,-0.7528,0.4246,0.1484,3.9123,4.5802,3.6816,4.6019,0.1398,0.09565,0.09832,0.01004,0.001728
1,12.46,6.6971,-8.2138,-0.7498,0.4244,0.1533,3.8988,4.5888,3.9884,4.6019,0.1474,0.09560,0.09836,0.01005,0.001728
1,12.48,6.7034,-8.2196,-0.7467,0.4243,0.1582,3.8866,4.5986,3.9884,4.6019,0.1602,0.09555,0.09839,0.01005,0.001728
1,12.50,6.7096,-8.2254,-0.7436,0.4243,0.1630,3.8757,4.6094,3.6816,4.9087,0.1853,0.09550,0.09844,0.01005,0.001728
1,12.52,6.7158,-8.2311,-0.7403,0.4244,0.1678,3.8662,4.6213,3.9884,4.9087,0.1762,0.09546,0.09849,0.01005,0.001728
1,12.54,6.7221,-8.2368,-0.7369,0.4246,0.1725,3.8581,4.6343,3.9884,4.6019,0.1659,0.09543,0.09854,0.01005,0.001728
1,12.56,6.7284,-8.2425,-0.7335,0.4250,0.1771,3.8514,4.6484,3.9884,4.6019,0.1751,0.09541,0.09859,0.01005,0.001728
1,12.58,6.7347,-8.2482,-0.7300,0.4255,0.1816,3.8461,4.6635,3.9884,4.6019,0.1683,0.09538,0.09865,0.01005,0.001728
1,12.60,6.7411,-8.2538,-0.7263,0.4261,0.1861,3.8423,4.6797,3.6816,4.6019,0.1855,0.09537,0.09872,0.01006,0.001728
1,12.62,6.7475,-8.2595,-0.7226,0.4268,0.1905,3.8398,4.6970,3.6816,4.9087,0.2120,0.09536,0.09879,0.01006,0.001728
1,12.64,6.7539,-8.2651,-0.7188,0.4277,0.1948,3.8388,4.7153,3.6816,4.9087,0.2032,0.09536,0.09886,0.01006,0.001728
1,12.66,6.7603,-8.2707,-0.7149,0.4287,0.1990,3.8392,4.7347,3.6816,4.6019,0.2156,0.09536,0.09894,0.01006,0.001728
1,12.68,6.7668,-8.2764,-0.7109,0.4298,0.2031,3.8411,4.7551,3.9884,4.9087,0.1937,0.09536,0.09902,0.01006,0.001728
1,12.70,6.7734,-8.2820,-0.7069,0.4310,0.2071,3.8444,4.7765,3.6816,4.9087,0.2130,0.09538,0.09911,0.01006,0.001728
1,12.72,6.7799,-8.2875,-0.7027,0.4324,0.2111,3.8492,4.7990,3.9884,4.9087,0.2092,0.09540,0.09920,0.01006,0.001728
1,12.74,6.7865,-8.2931,-0.6985,0.4339,0.2149,3.8555,4.8225,3.6816,4.9087,0.1894,0.09542,0.09929,0.01006,0.001728
1,12.76,6.7932,-8.2987,-0.6942,0.4355,0.2186,3.8633,4.8471,3.9884,4.9087,0.2065,0.09545,0.09939,0.01007,0.001728
1,12.78,6.7999,-8.3042,-0.6898,0.4373,0.2222,3.8725,4.8726,3.9884,4.6019,0.2283,0.09549,0.09949,0.01007,0.001728
1,12.80,6.8067,-8.3098,-0.6854,0.4391,0.2257,3.8833,4.8991,3.9884,4.9087,0.2359,0.09553,0.09960,0.01007,0.001728
1,12.82,6.8135,-8.3153,-0.6809,0.4411,0.2291,3.8955,4.9267,3.9884,4.9087,0.2284,0.09558,0.09971,0.01007,0.001728
1,12.84,6.8203,-8.3209,-0.6763,0.4432,0.2324,3.9093,4.9552,3.9884,4.9087,0.2405,0.09564,0.09982,0.01007,0.001728
1,12.86,6.8273,-8.3264,-0.6716,0.4455,0.2356,3.9246,4.9847,3.9884,4.9087,0.2499,0.09570,0.09994,0.01007,0.001728
1,12.88,6.8342,-8.3319,-0.6669,0.4478,0.2386,3.9414,5.0151,3.9884,4.9087,0.2465,0.09577,0.10006,0.01007,0.001728
1,12.90,6.8413,-8.3375,-0.6621,0.4503,0.2415,3.9597,5.0466,3.9884,5.2155,0.2337,0.09584,0.10019,0.01007,0.001728
1,12.92,6.8484,-8.3430,-0.6573,0.4529,0.2443,3.9795,5.0790,3.9884,5.2155,0.2414,0.09592,0.10032,0.01007,0.001728
1,12.94,6.8556,-8.3485,-0.6524,0.4557,0.2470,4.0009,5.1123,3.9884,5.2155,0.2543,0.09600,0.10045,0.01007,0.001728
1,12.96,6.8629,-8.3540,-0.6475,0.4585,0.2495,4.0238,5.1466,3.9884,5.2155,0.2814,0.09610,0.10059,0.01007,0.001728
1,12.98,6.8702,-8.3595,-0.6425,0.4615,0.2519,4.0482,5.1818,3.9884,5.2155,0.2568,0.09619,0.10073,0.01008,0.001728
1,13.00,6.8776,-8.3650,-0.6375,0.4646,0.2542,4.0742,5.2179,3.9884,5.2155,0.2615,0.09630,0.10087,0.01008,0.001728
1,13.02,6.8851,-8.3705,-0.6324,0.4678,0.2563,4.1017,5.2549,3.9884,5.2155,0.2789,0.09641,0.10102,0.01008,0.001728
1,13.04,6.8926,-8.3761,-0.6272,0.4712,0.2583,4.1307,5.2929,4.2951,5.5223,0.2499,0.09652,0.10117,0.01008,0.001728
1,13.06,6.9003,-8.3816,-0.6221,0.4746,0.2601,4.1613,5.3317,4.2951,5.5223,0.2615,0.09665,0.10133,0.01008,0.001728
1,13.08,6.9080,-8.3871,-0.6169,0.4782,0.2618,4.1934,5.3714,3.9884,5.5223,0.2619,0.09677,0.10149,0.01008,0.001728
1,13.10,6.9158,-8.3926,-0.6116,0.4820,0.2633,4.2270,5.4120,4.2951,5.5223,0.2853,0.09691,0.10165,0.01008,0.001728
1,13.12,6.9237,-8.3981,-0.6064,0.4858,0.2647,4.2622,5.4535,4.2951,5.5223,0.2609,0.09705,0.10181,0.01008,0.001728
1,13.14,6.9317,-8.4036,-0.6011,0.4897,0.2660,4.2989,5.4958,4.2951,5.5223,0.2811,0.09720,0.10198,0.01008,0.001728
1,13.16,6.9398,-8.4091,-0.5958,0.4938,0.2671,4.3371,5.5390,4.2951,5.5223,0.2543,0.09735,0.10216,0.01008,0.001728
1,13.18,6.9480,-8.4147,-0.5904,0.4980,0.2680,4.3768,5.5829,4.6019,5.5223,0.2740,0.09751,0.10233,0.01008,0.001728
1,13.20,6.9563,-8.4202,-0.5851,0.5023,0.2688,4.4181,5.6278,4.2951,5.5223,0.2580,0.09767,0.10251,0.01008,0.001728
1,13.22,6.9647,-8.4257,-0.5797,0.5067,0.2694,4.4609,5.6734,4.6019,5.8291,0.2678,0.09784,0.10269,0.01008,0.001728
1,13.24,6.9732,-8.4312,-0.5743,0.5113,0.2699,4.5052,5.7198,4.2951,5.8291,0.2709,0.09802,0.10288,0.01008,0.001728
1,13.26,6.9818,-8.4368,-0.5689,0.5159,0.2702,4.5510,5.7671,4.6019,5.8291,0.2662,0.09820,0.10307,0.01008,0.001728
1,13.28,6.9905,-8.4423,-0.5635,0.5207,0.2704,4.5983,5.8151,4.6019,5.8291,0.2632,0.09839,0.10326,0.01008,0.001728
1,13.30,6.9993,-8.4478,-0.5581,0.5255,0.2704,4.6471,5.8639,4.6019,5.8291,0.2788,0.09859,0.10346,0.01008,0.001728
1,13.32,7.0082,-8.4534,-0.5527,0.5305,0.2702,4.6974,5.9134,4.6019,5.8291,0.2783,0.09879,0.10365,0.01008,0.001728
1,13.34,7.0173,-8.4589,-0.5473,0.5356,0.2699,4.7491,5.9638,4.6019,5.8291,0.2801,0.09900,0.10386,0.01008,0.001728
1,13.36,7.0264,-8.4645,-0.5419,0.5409,0.2694,4.8024,6.0148,4.9087,5.8291,0.2598,0.09921,0.10406,0.01008,0.001728
1,13.38,7.0357,-8.4700,-0.5365,0.5462,0.2688,4.8571,6.0666,4.6019,6.1359,0.2552,0.09943,0.10427,0.01008,0.001728
1,13.40,7.0451,-8.4756,-0.5311,0.5516,0.2680,4.9133,6.1191,4.9087,6.4427,0.2809,0.09965,0.10448,0.01008,0.001728
1,13.42,7.0547,-8.4811,-0.5258,0.5572,0.2670,4.9709,6.1723,5.2155,6.1359,0.2765,0.09988,0.10469,0.01008,0.001728
1,13.44,7.0643,-8.4867,-0.5204,0.5628,0.2658,5.0300,6.2262,5.2155,6.1359,0.2721,0.10012,0.10490,0.01008,0.001728
1,13.46,7.0741,-8.4923,-0.5151,0.5686,0.2645,5.0905,6.2808,5.2155,6.1359,0.2704,0.10036,0.10512,0.01008,0.001728
1,13.48,7.0840,-8.4979,-0.5098,0.5744,0.2631,5.1524,6.3361,5.2155,6.1359,0.2507,0.10061,0.10534,0.01008,0.001728
1,13.50,7.0940,-8.5034,-0.5045,0.5804,0.2614,5.2157,6.3921,5.2155,6.4427,0.2777,0.10086,0.10557,0.01008,0.001728
1,13.52,7.1042,-8.5090,-0.4993,0.5865,0.2596,5.2804,6.4487,5.2155,6.4427,0.2674,0.10112,0.10579,0.01008,0.001728
1,13.54,7.1145,-8.5146,-0.4941,0.5926,0.2576,5.3465,6.5059,5.5223,6.4427,0.2563,0.10139,0.10602,0.01008,0.001728
1,13.56,7.1250,-8.5202,-0.4890,0.5989,0.2555,5.4140,6.5638,5.5223,6.4427,0.2388,0.10166,0.10626,0.01008,0.001728
1,13.58,7.1356,-8.5258,-0.4839,0.6053,0.2532,5.4828,6.6223,5.5223,6.4427,0.2519,0.10193,0.10649,0.01008,0.001728
1,13.60,7.1463,-8.5314,-0.4788,0.6117,0.2507,5.5530,6.6814,5.5223,6.7495,0.2499,0.10221,0.10673,0.01008,0.001728
1,13.62,7.1572,-8.5370,-0.4738,0.6183,0.2481,5.6245,6.7411,5.5223,6.7495,0.2504,0.10250,0.10696,0.01007,0.001728
1,13.64,7.1682,-8.5426,-0.4688,0.6249,0.2453,5.6973,6.8013,5.8291,7.0563,0.2584,0.10279,0.10721,0.01007,0.001728
1,13.66,7.1794,-8.5483,-0.4639,0.6317,0.2424,5.7715,6.8622,5.8291,7.0563,0.2490,0.10309,0.10745,0.01007,0.001728
1,13.68,7.1907,-8.5539,-0.4591,0.6385,0.2393,5.8469,6.9236,5.8291,7.0563,0.2414,0.10339,0.10769,0.01007,0.001728
1,13.70,7.2021,-8.5595,-0.4543,0.6455,0.2360,5.9236,6.9856,5.8291,7.0563,0.2291,0.10369,0.10794,0.01007,0.001728
1,13.72,7.2137,-8.5651,-0.4496,0.6525,0.2326,6.0016,7.0481,6.1359,7.0563,0.2233,0.10401,0.10819,0.01007,0.001728
1,13.74,7.2255,-8.5708,-0.4449,0.6596,0.2290,6.0808,7.1111,6.1359,7.0563,0.2271,0.10432,0.10844,0.01007,0.001728
1,13.76,7.2374,-8.5764,-0.4403,0.6668,0.2252,6.1612,7.1747,6.1359,7.0563,0.2216,0.10464,0.10870,0.01007,0.001728
1,13.78,7.2495,-8.5821,-0.4358,0.6741,0.2213,6.2428,7.2387,6.1359,7.0563,0.2173,0.10497,0.10895,0.01007,0.001728
1,13.80,7.2617,-8.5878,-0.4314,0.6814,0.2173,6.3256,7.3033,6.1359,7.0563,0.2210,0.10530,0.10921,0.01007,0.001728
1,13.82,7.2741,-8.5934,-0.4271,0.6889,0.2130,6.4096,7.3683,6.4427,7.3631,0.2132,0.10564,0.10947,0.01006,0.001728
1,13.84,7.2867,-8.5991,-0.4228,0.6964,0.2087,6.4947,7.4338,6.4427,7.6699,0.2029,0.10598,0.10974,0.01006,0.001728
1,13.86,7.2994,-8.6048,-0.4186,0.7040,0.2042,6.5810,7.4998,6.7495,7.6699,0.2057,0.10632,0.11000,0.01006,0.001728
1,13.88,7.3123,-8.6105,-0.4145,0.7117,0.1995,6.6684,7.5662,6.4427,7.3631,0.1981,0.10667,0.11026,0.01006,0.001728
1,13.90,7.3253,-8.6162,-0.4105,0.7195,0.1947,6.7569,7.6330,6.7495,7.9767,0.1908,0.10703,0.11053,0.01006,0.001728
1,13.92,7.3385,-8.6219,-0.4067,0.7273,0.1898,6.8464,7.7003,6.7495,7.6699,0.1979,0.10739,0.11080,0.01006,0.001728
1,13.94,7.3519,-8.6277,-0.4029,0.7352,0.1847,6.9370,7.7680,6.7495,7.6699,0.2029,0.10775,0.11107,0.01006,0.001728
1,13.96,7.3654,-8.6334,-0.3992,0.7432,0.1794,7.0286,7.8360,7.0563,7.9767,0.1832,0.10811,0.11134,0.01005,0.001728
1,13.98,7.3791,-8.6391,-0.3956,0.7513,0.1740,7.1213,7.9045,7.3631,7.9767,0.1876,0.10849,0.11162,0.01005,0.001728
1,14.00,7.3930,-8.6449,-0.3921,0.7594,0.1685,7.2149,7.9733,7.3631,7.9767,0.1728,0.10886,0.11189,0.01005,0.001728
1,14.02,7.4071,-8.6507,-0.3887,0.7676,0.1629,7.3095,8.0425,7.3631,7.9767,0.1622,0.10924,0.11217,0.01005,0.001728
1,14.04,7.4213,-8.6565,-0.3855,0.7759,0.1571,7.4050,8.1121,7.3631,8.2835,0.1745,0.10962,0.11245,0.01005,0.001728
1,14.06,7.4357,-8.6623,-0.3823,0.7842,0.1512,7.5014,8.1819,7.6699,7.9767,0.1736,0.11001,0.11273,0.01005,0.001728
1,14.08,7.4502,-8.6681,-0.3793,0.7925,0.1452,7.5988,8.2521,7.3631,7.9767,0.1391,0.11040,0.11301,0.01004,0.001728
1,14.10,7.4650,-8.6740,-0.3764,0.8010,0.1390,7.6970,8.3227,7.6699,8.2835,0.1427,0.11079,0.11329,0.01004,0.001728
1,14.12,7.4799,-8.6798,-0.3736,0.8095,0.1328,7.7961,8.3935,7.9767,8.5903,0.1468,0.11118,0.11357,0.01004,0.001728
1,14.14,7.4949,-8.6857,-0.3710,0.8180,0.1264,7.8959,8.4646,7.9767,8.5903,0.1212,0.11158,0.11386,0.01004,0.001728
1,14.16,7.5102,-8.6916,-0.3684,0.8266,0.1199,7.9966,8.5360,7.9767,8.5903,0.1178,0.11199,0.11414,0.01004,0.001728
1,14.18,7.5256,-8.6976,-0.3660,0.8353,0.1132,8.0981,8.6077,8.2835,8.2835,0.1013,0.11239,0.11443,0.01003,0.001728
1,14.20,7.5412,-8.7035,-0.3638,0.8440,0.1065,8.2003,8.6796,8.2835,8.5903,0.1116,0.11280,0.11472,0.01003,0.001728
1,14.22,7.5570,-8.7095,-0.3616,0.8528,0.0997,8.3032,8.7518,8.2835,8.5903,0.0881,0.11321,0.11501,0.01003,0.001728
1,14.24,7.5730,-8.7156,-0.3596,0.8616,0.0927,8.4068,8.8242,8.2835,8.5903,0.0883,0.11363,0.11530,0.01003,0.001728
1,14.26,7.5891,-8.7216,-0.3578,0.8704,0.0857,8.5111,8.8968,8.5903,8.8971,0.0889,0.11404,0.11559,0.01003,0.001728
1,14.28,7.6054,-8.7277,-0.3561,0.8793,0.0786,8.6161,8.9697,8.2835,8.8971,0.0843,0.11446,0.11588,0.01002,0.001728
1,14.30,7.6219,-8.7338,-0.3545,0.8882,0.0714,8.7216,9.0427,8.8971,9.2039,0.0752,0.11489,0.11617,0.01002,0.001728
1,14.32,7.6386,-8.7400,-0.3531,0.8972,0.0640,8.8278,9.1159,8.5903,8.8971,0.0749,0.11531,0.11646,0.01002,0.001728
1,14.34,7.6554,-8.7461,-0.3518,0.9062,0.0566,8.9345,9.1893,8.8971,9.2039,0.0711,0.11574,0.11676,0.01002,0.001728
1,14.36,7.6724,-8.7524,-0.3507,0.9152,0.0491,9.0418,9.2629,8.8971,9.2039,0.0497,0.11617,0.11705,0.01001,0.001728
1,14.38,7.6896,-8.7587,-0.3497,0.9243,0.0416,9.1495,9.3366,9.5107,9.5107,0.0382,0.11660,0.11735,0.01001,0.001728
1,14.40,7.7070,-8.7650,-0.3488,0.9334,0.0339,9.2578,9.4105,9.2039,9.2039,0.0341,0.11703,0.11764,0.01001,0.001728
1,14.42,7.7245,-8.7714,-0.3482,0.9425,0.0262,9.3665,9.4845,9.5107,9.5107,0.0310,0.11747,0.11794,0.01001,0.001728
1,14.44,7.7423,-8.7778,-0.3476,0.9517,0.0184,9.4756,9.5586,9.5107,9.2039,0.0165,0.11790,0.11823,0.01001,0.001728
1,14.46,7.7602,-8.7843,-0.3473,0.9609,0.0106,9.5851,9.6328,9.5107,9.5107,0.0337,0.11834,0.11853,0.01000,0.001728
1,14.48,7.7782,-8.7908,-0.3471,0.9701,0.0027,9.6950,9.7071,9.8175,9.8175,-0.0099,0.11878,0.11883,0.01000,0.001728
1,14.50,7.7965,-8.7974,-0.3470,0.9793,-0.0053,9.8052,9.7815,9.5107,9.8175,0.0071,0.11922,0.11913,0.01000,0.001728
1,14.52,7.8149,-8.8041,-0.3471,0.9886,-0.0133,9.9158,9.8559,9.8175,9.8175,-0.0090,0.11966,0.11942,0.01000,0.001728
1,14.54,7.8335,-8.8108,-0.3474,0.9979,-0.0214,10.0266,9.9305,10.1243,9.8175,-0.0181,0.12011,0.11972,0.01001,0.001728
1,14.56,7.8522,-8.8176,-0.3478,1.0071,-0.0295,10.1377,10.0050,10.1243,10.1243,-0.0238,0.12055,0.12002,0.01001,0.001728
1,14.58,7.8712,-8.8245,-0.3484,1.0164,-0.0376,10.2490,10.0796,10.1243,10.1243,-0.0512,0.12100,0.12032,0.01001,0.001728
1,14.60,7.8903,-8.8314,-0.3492,1.0257,-0.0458,10.3605,10.1543,10.4311,10.1243,-0.0390,0.12144,0.12062,0.01001,0.001728
1,14.62,7.9096,-8.8384,-0.3501,1.0351,-0.0541,10.4721,10.2289,10.4311,10.1243,-0.0370,0.12189,0.12092,0.01002,0.001728
1,14.64,7.9290,-8.8456,-0.3511,1.0444,-0.0623,10.5839,10.3036,10.7379,10.4311,-0.0562,0.12234,0.12121,0.01002,0.001728
1,14.66,7.9486,-8.8528,-0.3524,1.0537,-0.0706,10.6958,10.3782,10.4311,10.4311,-0.0565,0.12278,0.12151,0.01002,0.001728
1,14.68,7.9684,-8.8600,-0.3538,1.0630,-0.0789,10.8078,10.4528,10.7379,10.1243,-0.0705,0.12323,0.12181,0.01002,0.001728
1,14.70,7.9883,-8.8674,-0.3554,1.0724,-0.0872,10.9199,10.5274,11.0447,10.4311,-0.1124,0.12368,0.12211,0.01003,0.001728
1,14.72,8.0084,-8.8749,-0.3571,1.0817,-0.0955,11.0319,10.6020,11.0447,10.1243,-0.1025,0.12413,0.12241,0.01003,0.001728
1,14.74,8.0287,-8.8825,-0.3590,1.0910,-0.1039,11.1439,10.6765,11.3515,10.4311,-0.1208,0.12458,0.12271,0.01003,0.001728
1,14.76,8.0491,-8.8902,-0.3611,1.1003,-0.1122,11.2559,10.7509,11.3515,11.0447,-0.0943,0.12502,0.12300,0.01003,0.001728
1,14.78,8.0697,-8.8980,-0.3634,1.1097,-0.1206,11.3678,10.8253,11.3515,11.0447,-0.1130,0.12547,0.12330,0.01004,0.001728
1,14.80,8.0904,-8.9059,-0.3658,1.1190,-0.1289,11.4796,10.8996,11.6583,11.0447,-0.1345,0.12592,0.12360,0.01004,0.001728
1,14.82,8.1113,-8.9139,-0.3684,1.1283,-0.1372,11.5913,10.9738,11.6583,11.0447,-0.1084,0.12637,0.12390,0.01004,0.001728
1,14.84,8.1323,-8.9221,-0.3711,1.1375,-0.1456,11.7028,11.0478,11.9651,10.7379,-0.1559,0.12681,0.12419,0.01004,0.001728
1,14.86,8.1535,-8.9303,-0.3740,1.1468,-0.1539,11.8141,11.1218,11.9651,11.0447,-0.1709,0.12726,0.12449,0.01005,0.001728
1,14.88,8.1749,-8.9388,-0.3771,1.1560,-0.1621,11.9252,11.1956,11.9651,11.0447,-0.1610,0.12770,0.12478,0.01005,0.001728
1,14.90,8.1964,-8.9473,-0.3803,1.1653,-0.1704,12.0361,11.2693,11.9651,11.3515,-0.1540,0.12814,0.12508,0.01005,0.001728
1,14.92,8.2180,-8.9560,-0.3837,1.1745,-0.1786,12.1467,11.3429,12.2718,11.3515,-0.1856,0.12859,0.12537,0.01005,0.001728
1,14.94,8.2397,-8.9648,-0.3873,1.1837,-0.1868,12.2569,11.4162,12.2718,11.3515,-0.1894,0.12903,0.12566,0.01006,0.001728
1,14.96,8.2616,-8.9738,-0.3910,1.1928,-0.1950,12.3668,11.4894,12.2718,11.3515,-0.1837,0.12947,0.12596,0.01006,0.001728
1,14.98,8.2837,-8.9829,-0.3949,1.2019,-0.2031,12.4764,11.5625,12.5786,11.6583,-0.2022,0.12991,0.12625,0.01006,0.001728
1,15.00,8.3059,-8.9922,-0.3990,1.2110,-0.2112,12.5855,11.6353,12.5786,11.6583,-0.2196,0.13034,0.12654,0.01006,0.001728
1,15.02,8.3282,-9.0017,-0.4032,1.2201,-0.2192,12.6942,11.7079,12.5786,11.6583,-0.2190,0.13078,0.12683,0.01007,0.001728
1,15.04,8.3506,-9.0113,-0.4076,1.2291,-0.2271,12.8024,11.7803,12.5786,11.6583,-0.2212,0.13121,0.12712,0.01007,0.001728
1,15.06,8.3731,-9.0211,-0.4122,1.2381,-0.2350,12.9102,11.8525,12.8854,11.6583,-0.2327,0.13164,0.12741,0.01007,0.001728
1,15.08,8.3958,-9.0311,-0.4169,1.2471,-0.2429,13.0174,11.9244,12.8854,11.9651,-0.2421,0.13207,0.12770,0.01007,0.001728
1,15.10,8.4186,-9.0412,-0.4217,1.2560,-0.2507,13.1241,11.9961,13.1922,12.2718,-0.2333,0.13250,0.12798,0.01008,0.001728
1,15.12,8.4415,-9.0516,-0.4267,1.2649,-0.2584,13.2303,12.0676,13.1922,11.9651,-0.2598,0.13292,0.12827,0.01008,0.001728
1,15.14,8.4645,-9.0621,-0.4319,1.2737,-0.2660,13.3358,12.1388,13.1922,12.2718,-0.2921,0.13334,0.12856,0.01008,0.001728
1,15.16,8.4876,-9.0728,-0.4372,1.2825,-0.2736,13.4406,12.2096,13.4990,11.9651,-0.2719,0.13376,0.12884,0.01008,0.001728
1,15.18,8.5108,-9.0838,-0.4427,1.2913,-0.2810,13.5449,12.2802,13.8058,12.2718,-0.3023,0.13418,0.12912,0.01008,0.001728
1,15.20,8.5341,-9.0949,-0.4483,1.2999,-0.2884,13.6484,12.3505,13.8058,12.5786,-0.2817,0.13459,0.12940,0.01009,0.001728
1,15.22,8.5575,-9.1062,-0.4541,1.3086,-0.2957,13.7512,12.4205,13.8058,12.2718,-0.2821,0.13500,0.12968,0.01009,0.001728
1,15.24,8.5810,-9.1178,-0.4600,1.3172,-0.3029,13.8533,12.4902,14.1126,12.5786,-0.2983,0.13541,0.12996,0.01009,0.001728
1,15.26,8.6045,-9.1295,-0.4660,1.3257,-0.3100,13.9546,12.5595,14.1126,12.5786,-0.3158,0.13582,0.13024,0.01009,0.001728
1,15.28,8.6282,-9.1415,-0.4722,1.3342,-0.3170,14.0551,12.6285,14.1126,12.5786,-0.3137,0.13622,0.13051,0.01010,0.001728
1,15.30,8.6519,-9.1537,-0.4786,1.3426,-0.3239,14.1547,12.6972,14.4194,12.8854,-0.3146,0.13662,0.13079,0.01010,0.001728
1,15.32,8.6757,-9.1662,-0.4851,1.3510,-0.3307,14.2536,12.7655,14.1126,12.8854,-0.3402,0.13701,0.13106,0.01010,0.001728
1,15.34,8.6996,-9.1789,-0.4917,1.3592,-0.3374,14.3515,12.8334,14.4194,12.5786,-0.3529,0.13741,0.13133,0.01010,0.001728
1,15.36,8.7235,-9.1918,-0.4984,1.3675,-0.3439,14.4485,12.9009,14.4194,12.8854,-0.3413,0.13779,0.13160,0.01010,0.001728
1,15.38,8.7475,-9.2049,-0.5053,1.3756,-0.3504,14.5446,12.9680,14.7262,12.8854,-0.3576,0.13818,0.13187,0.01011,0.001728
1,15.40,8.7715,-9.2183,-0.5123,1.3837,-0.3567,14.6398,13.0348,14.7262,12.8854,-0.3602,0.13856,0.13214,0.01011,0.001728
1,15.42,8.7956,-9.2320,-0.5194,1.3918,-0.3629,14.7340,13.1011,14.7262,13.1922,-0.3677,0.13894,0.13240,0.01011,0.001728
1,15.44,8.8197,-9.2459,-0.5267,1.3997,-0.3689,14.8271,13.1670,14.7262,13.1922,-0.3463,0.13931,0.13267,0.01011,0.001728
1,15.46,8.8438,-9.2601,-0.5341,1.4076,-0.3748,14.9192,13.2324,14.7262,13.1922,-0.3879,0.13968,0.13293,0.01011,0.001728
1,15.48,8.8680,-9.2745,-0.5416,1.4154,-0.3806,15.0103,13.2975,15.3398,13.1922,-0.3775,0.14004,0.13319,0.01011,0.001728
1,15.50,8.8922,-9.2892,-0.5492,1.4231,-0.3863,15.1003,13.3620,15.3398,13.4990,-0.3996,0.14040,0.13345,0.01012,0.001728
1,15.52,8.9164,-9.3041,-0.5569,1.4308,-0.3918,15.1892,13.4261,15.3398,13.4990,-0.3838,0.14076,0.13370,0.01012,0.001728
1,15.54,8.9407,-9.3193,-0.5647,1.4383,-0.3971,15.2769,13.4898,15.3398,13.4990,-0.3925,0.14111,0.13396,0.01012,0.001728
1,15.56,8.9649,-9.3348,-0.5727,1.4458,-0.4024,15.3635,13.5529,15.3398,13.8058,-0.4163,0.14145,0.13421,0.01012,0.001728
1,15.58,8.9891,-9.3506,-0.5807,1.4532,-0.4074,15.4490,13.6156,15.3398,13.4990,-0.4072,0.14180,0.13446,0.01012,0.001728
1,15.60,9.0134,-9.3666,-0.5889,1.4605,-0.4123,15.5332,13.6777,15.3398,13.8058,-0.4156,0.14213,0.13471,0.01012,0.001728
1,15.62,9.0376,-9.3830,-0.5971,1.4678,-0.4171,15.6162,13.7393,15.6466,13.4990,-0.4157,0.14246,0.13496,0.01013,0.001728
1,15.64,9.0618,-9.3996,-0.6055,1.4749,-0.4217,15.6980,13.8004,15.6466,13.8058,-0.4266,0.14279,0.13520,0.01013,0.001728
1,15.66,9.0860,-9.4165,-0.6139,1.4820,-0.4261,15.7785,13.8610,15.6466,14.1126,-0.4225,0.14311,0.13544,0.01013,0.001728
1,15.68,9.1101,-9.4336,-0.6224,1.4889,-0.4304,15.8577,13.9211,15.9534,13.8058,-0.4337,0.14343,0.13568,0.01013,0.001728
1,15.70,9.1343,-9.4511,-0.6310,1.4958,-0.4345,15.9357,13.9805,15.9534,14.1126,-0.4500,0.14374,0.13592,0.01013,0.001728
1,15.72,9.1583,-9.4689,-0.6397,1.5026,-0.4384,16.0123,14.0395,15.9534,14.1126,-0.4393,0.14405,0.13616,0.01013,0.001728
1,15.74,9.1824,-9.4869,-0.6485,1.5093,-0.4422,16.0875,14.0978,15.9534,13.8058,-0.4305,0.14435,0.13639,0.01013,0.001728
1,15.76,9.2063,-9.5052,-0.6573,1.5159,-0.4457,16.1614,14.1556,15.9534,14.4194,-0.4372,0.14465,0.13662,0.01013,0.001728
1,15.78,9.2303,-9.5239,-0.6663,1.5223,-0.4492,16.2340,14.2128,16.2602,14.4194,-0.4597,0.14494,0.13685,0.01013,0.001728
1,15.80,9.2541,-9.5428,-0.6752,1.5287,-0.4524,16.3051,14.2693,16.2602,14.4194,-0.4635,0.14522,0.13708,0.01014,0.001728
1,15.82,9.2779,-9.5620,-0.6843,1.5350,-0.4554,16.3748,14.3253,16.5670,14.1126,-0.4544,0.14550,0.13730,0.01014,0.001728
1,15.84,9.3016,-9.5815,-0.6934,1.5412,-0.4583,16.4431,14.3807,16.2602,14.4194,-0.4640,0.14577,0.13752,0.01014,0.001728
1,15.86,9.3252,-9.6013,-0.7026,1.5473,-0.4610,16.5099,14.4354,16.5670,14.4194,-0.4472,0.14604,0.13774,0.01014,0.001728
1,15.88,9.3487,-9.6214,-0.7118,1.5532,-0.4635,16.5753,14.4895,16.2602,14.4194,-0.4594,0.14630,0.13796,0.01014,0.001728
1,15.90,9.3722,-9.6418,-0.7211,1.5591,-0.4658,16.6392,14.5429,16.5670,14.4194,-0.4536,0.14656,0.13817,0.01014,0.001728
1,15.92,9.3955,-9.6625,-0.7304,1.5649,-0.4680,16.7015,14.5957,16.8738,14.7262,-0.4631,0.14681,0.13838,0.01014,0.001728
1,15.94,9.4187,-9.6835,-0.7397,1.5705,-0.4699,16.7624,14.6478,16.8738,14.7262,-0.4765,0.14705,0.13859,0.01014,0.001728
1,15.96,9.4418,-9.7048,-0.7491,1.5760,-0.4717,16.8218,14.6992,16.8738,14.7262,-0.4842,0.14729,0.13880,0.01014,0.001728
1,15.98,9.4648,-9.7264,-0.7586,1.5815,-0.4732,16.8795,14.7500,16.5670,14.7262,-0.4731,0.14752,0.13900,0.01014,0.001728
1,16.00,9.4876,-9.7483,-0.7680,1.5868,-0.4746,16.9358,14.8001,17.1806,14.7262,-0.4779,0.14774,0.13920,0.01014,0.001728
1,16.02,9.5104,-9.7704,-0.7775,1.5920,-0.4758,16.9905,14.8494,16.8738,14.7262,-0.4800,0.14796,0.13940,0.01014,0.001728
1,16.04,9.5329,-9.7928,-0.7870,1.5971,-0.4768,17.0435,14.8981,16.8738,15.0330,-0.4643,0.14817,0.13959,0.01014,0.001728
1,16.06,9.5554,-9.8156,-0.7966,1.6000,-0.4776,17.0745,14.9255,17.1806,14.7262,-0.4725,0.14830,0.13970,0.01014,0.001728
1,16.08,9.5776,-9.8386,-0.8061,1.6000,-0.4782,17.0759,14.9241,16.8738,14.7262,-0.4714,0.14830,0.13970,0.01014,0.001728
1,16.10,9.5997,-9.8618,-0.8157,1.6000,-0.4786,17.0768,14.9232,16.8738,15.0330,-0.4737,0.14831,0.13969,0.01014,0.001728
1,16.12,9.6215,-9.8852,-0.8253,1.6000,-0.4788,17.0772,14.9228,16.8738,15.0330,-0.4639,0.14831,0.13969,0.01014,0.001728
1,16.14,9.6431,-9.9088,-0.8348,1.6000,-0.4788,17.0772,14.9228,17.1806,14.7262,-0.4838,0.14831,0.13969,0.01014,0.001728
1,16.16,9.6645,-9.9326,-0.8444,1.6000,-0.4786,17.0768,14.9232,16.8738,14.7262,-0.4900,0.14831,0.13969,0.01014,0.001728
1,16.18,9.6856,-9.9566,-0.8540,1.6000,-0.4782,17.0759,14.9241,17.1806,15.0330,-0.4801,0.14830,0.13970,0.01014,0.001728
1,16.20,9.7065,-9.9809,-0.8635,1.6000,-0.4776,17.0746,14.9254,17.1806,15.0330,-0.4588,0.14830,0.13970,0.01014,0.001728
1,16.22,9.7272,-10.0053,-0.8731,1.6000,-0.4768,17.0729,14.9271,17.1806,14.7262,-0.4708,0.14829,0.13971,0.01014,0.001728
1,16.24,9.7476,-10.0299,-0.8826,1.6000,-0.4759,17.0707,14.9293,17.1806,15.0330,-0.4610,0.14828,0.13972,0.01014,0.001728
1,16.26,9.7678,-10.0547,-0.8921,1.6000,-0.4747,17.0681,14.9319,16.8738,15.0330,-0.4829,0.14827,0.13973,0.01014,0.001728
1,16.28,9.7878,-10.0797,-0.9016,1.6000,-0.4733,17.0650,14.9350,17.1806,14.7262,-0.4793,0.14826,0.13974,0.01014,0.001728
1,16.30,9.8075,-10.1049,-0.9111,1.6000,-0.4718,17.0615,14.9385,17.1806,14.7262,-0.4663,0.14825,0.13975,0.01014,0.001728
1,16.32,9.8270,-10.1303,-0.9205,1.6000,-0.4700,17.0575,14.9425,17.1806,14.7262,-0.4581,0.14823,0.13977,0.01014,0.001728
1,16.34,9.8463,-10.1558,-0.9299,1.6000,-0.4681,17.0531,14.9469,16.8738,15.0330,-0.4591,0.14821,0.13979,0.01014,0.001728
1,16.36,9.8653,-10.1816,-0.9393,1.6000,-0.4659,17.0483,14.9517,16.8738,15.0330,-0.4721,0.14819,0.13981,0.01014,0.001728
1,16.38,9.8841,-10.2075,-0.9486,1.6000,-0.4636,17.0430,14.9570,17.1806,14.4194,-0.4717,0.14817,0.13983,0.01014,0.001728
1,16.40,9.9026,-10.2336,-0.9579,1.6000,-0.4610,17.0373,14.9627,16.8738,15.0330,-0.4461,0.14815,0.13985,0.01014,0.001728
1,16.42,9.9209,-10.2599,-0.9671,1.6000,-0.4583,17.0312,14.9688,17.1806,15.0330,-0.4541,0.14812,0.13988,0.01014,0.001728
1,16.44,9.9389,-10.2863,-0.9763,1.6000,-0.4554,17.0247,14.9753,16.8738,15.0330,-0.4474,0.14810,0.13990,0.01014,0.001728
1,16.46,9.9567,-10.3129,-0.9854,1.6000,-0.4523,17.0177,14.9823,16.8738,14.7262,-0.4570,0.14807,0.13993,0.01014,0.001728
1,16.48,9.9743,-10.3396,-0.9944,1.6000,-0.4490,17.0103,14.9897,17.1806,15.0330,-0.4309,0.14804,0.13996,0.01013,0.001728
1,16.50,9.9916,-10.3665,-1.0034,1.6000,-0.4456,17.0025,14.9975,16.8738,15.0330,-0.4298,0.14801,0.13999,0.01013,0.001728
1,16.52,10.0087,-10.3936,-1.0123,1.6000,-0.4419,16.9943,15.0057,16.8738,15.0330,-0.4536,0.14798,0.14002,0.01013,0.001728
1,16.54,10.0255,-10.4208,-1.0212,1.6000,-0.4381,16.9856,15.0144,16.8738,15.0330,-0.4399,0.14794,0.14006,0.01013,0.001728
1,16.56,10.0421,-10.4482,-1.0299,1.6000,-0.4340,16.9766,15.0234,16.8738,14.7262,-0.4158,0.14791,0.14009,0.01013,0.001728
1,16.58,10.0585,-10.4757,-1.0386,1.6000,-0.4299,16.9672,15.0328,16.8738,14.7262,-0.4172,0.14787,0.14013,0.01013,0.001728
1,16.60,10.0746,-10.5033,-1.0472,1.6000,-0.4255,16.9573,15.0427,16.8738,15.0330,-0.4256,0.14783,0.14017,0.01013,0.001728
1,16.62,10.0905,-10.5311,-1.0557,1.6000,-0.4209,16.9471,15.0529,16.8738,15.0330,-0.4156,0.14779,0.14021,0.01013,0.001728
1,16.64,10.1061,-10.5590,-1.0641,1.6000,-0.4162,16.9365,15.0635,17.1806,15.0330,-0.4078,0.14775,0.14025,0.01012,0.001728
1,16.66,10.1215,-10.5870,-1.0725,1.6000,-0.4113,16.9255,15.0745,17.1806,15.0330,-0.3992,0.14770,0.14030,0.01012,0.001728
1,16.68,10.1367,-10.6152,-1.0807,1.6000,-0.4063,16.9141,15.0859,17.1806,15.0330,-0.4050,0.14766,0.14034,0.01012,0.001728
1,16.70,10.1517,-10.6435,-1.0888,1.6000,-0.4010,16.9023,15.0977,16.8738,15.0330,-0.4148,0.14761,0.14039,0.01012,0.001728
1,16.72,10.1664,-10.6719,-1.0968,1.6000,-0.3957,16.8902,15.1098,17.1806,15.0330,-0.3991,0.14756,0.14044,0.01012,0.001728
1,16.74,10.1809,-10.7005,-1.1047,1.6000,-0.3901,16.8777,15.1223,17.1806,15.3398,-0.3874,0.14751,0.14049,0.01012,0.001728
1,16.76,10.1951,-10.7291,-1.1125,1.6000,-0.3844,16.8649,15.1351,16.8738,15.0330,-0.3786,0.14746,0.14054,0.01012,0.001728
1,16.78,10.2092,-10.7579,-1.1202,1.6000,-0.3785,16.8517,15.1483,17.1806,15.3398,-0.3791,0.14741,0.14059,0.01011,0.001728
1,16.80,10.2230,-10.7867,-1.1278,1.6000,-0.3725,16.8382,15.1618,16.8738,15.3398,-0.3714,0.14735,0.14065,0.01011,0.001728
1,16.82,10.2366,-10.8157,-1.1353,1.6000,-0.3664,16.8243,15.1757,16.8738,15.3398,-0.3670,0.14730,0.14070,0.01011,0.001728
1,16.84,10.2500,-10.8447,-1.1426,1.6000,-0.3600,16.8101,15.1899,16.5670,15.3398,-0.3344,0.14724,0.14076,0.01011,0.001728
1,16.86,10.2632,-10.8739,-1.1498,1.6000,-0.3536,16.7956,15.2044,16.8738,15.3398,-0.3728,0.14718,0.14082,0.01011,0.001728
1,16.88,10.2762,-10.9031,-1.1569,1.6000,-0.3470,16.7807,15.2193,16.5670,15.3398,-0.3482,0.14712,0.14088,0.01010,0.001728
1,16.90,10.2889,-10.9325,-1.1638,1.6000,-0.3403,16.7656,15.2344,16.8738,15.3398,-0.3333,0.14706,0.14094,0.01010,0.001728
1,16.92,10.3015,-10.9619,-1.1706,1.6000,-0.3334,16.7501,15.2499,16.8738,15.3398,-0.3351,0.14700,0.14100,0.01010,0.001728
1,16.94,10.3139,-10.9914,-1.1773,1.6000,-0.3264,16.7344,15.2656,16.8738,15.3398,-0.3405,0.14694,0.14106,0.01010,0.001728
1,16.96,10.3261,-11.0210,-1.1838,1.6000,-0.3193,16.7184,15.2816,16.8738,15.3398,-0.3179,0.14687,0.14113,0.01010,0.001728
1,16.98,10.3380,-11.0507,-1.1902,1.6000,-0.3120,16.7020,15.2980,16.8738,15.3398,-0.2967,0.14681,0.14119,0.01009,0.001728
1,17.00,10.3498,-11.0804,-1.1964,1.6000,-0.3046,16.6854,15.3146,16.5670,15.3398,-0.3105,0.14674,0.14126,0.01009,0.001728
1,17.02,10.3614,-11.1103,-1.2025,1.6000,-0.2972,16.6686,15.3314,16.5670,15.3398,-0.3036,0.14667,0.14133,0.01009,0.001728
1,17.04,10.3729,-11.1401,-1.2085,1.6000,-0.2896,16.6515,15.3485,16.5670,15.3398,-0.2753,0.14661,0.14139,0.01009,0.001728
1,17.06,10.3841,-11.1701,-1.2142,1.6000,-0.2818,16.6341,15.3659,16.8738,15.6466,-0.2757,0.14654,0.14146,0.01008,0.001728
1,17.08,10.3952,-11.2001,-1.2199,1.6000,-0.2740,16.6165,15.3835,16.8738,15.6466,-0.2693,0.14647,0.14153,0.01008,0.001728
1,17.10,10.4061,-11.2302,-1.2254,1.6000,-0.2661,16.5987,15.4013,16.5670,15.6466,-0.2833,0.14639,0.14161,0.01008,0.001728
1,17.12,10.4169,-11.2603,-1.2307,1.6000,-0.2581,16.5807,15.4193,16.5670,15.6466,-0.2475,0.14632,0.14168,0.01008,0.001728
1,17.14,10.4275,-11.2905,-1.2358,1.6000,-0.2500,16.5624,15.4376,16.5670,15.6466,-0.2535,0.14625,0.14175,0.01007,0.001728
1,17.16,10.4379,-11.3208,-1.2408,1.6000,-0.2418,16.5440,15.4560,16.5670,15.6466,-0.2525,0.14618,0.14182,0.01007,0.001728
1,17.18,10.4482,-11.3511,-1.2457,1.6000,-0.2335,16.5253,15.4747,16.5670,15.3398,-0.2315,0.14610,0.14190,0.01007,0.001728
1,17.20,10.4584,-11.3814,-1.2503,1.6000,-0.2251,16.5065,15.4935,16.5670,15.6466,-0.2331,0.14603,0.14197,0.01007,0.001728
1,17.22,10.4684,-11.4118,-1.2549,1.6000,-0.2166,16.4874,15.5126,16.2602,15.6466,-0.2259,0.14595,0.14205,0.01006,0.001728
1,17.24,10.4783,-11.4423,-1.2592,1.6000,-0.2081,16.4682,15.5318,16.5670,15.6466,-0.2124,0.14587,0.14213,0.01006,0.001728
1,17.26,10.4880,-11.4727,-1.2633,1.6000,-0.1995,16.4489,15.5511,16.2602,15.6466,-0.1924,0.14580,0.14220,0.01006,0.001728
1,17.28,10.4976,-11.5033,-1.2673,1.6000,-0.1908,16.4294,15.5706,16.2602,15.6466,-0.2027,0.14572,0.14228,0.01006,0.001728
1,17.30,10.5071,-11.5338,-1.2712,1.6000,-0.1821,16.4098,15.5902,16.2602,15.3398,-0.1801,0.14564,0.14236,0.01005,0.001728
1,17.32,10.5165,-11.5644,-1.2748,1.6000,-0.1733,16.3900,15.6100,16.2602,15.9534,-0.1581,0.14556,0.14244,0.01005,0.001728
1,17.34,10.5258,-11.5950,-1.2783,1.6000,-0.1645,16.3701,15.6299,16.2602,15.6466,-0.1594,0.14548,0.14252,0.01005,0.001728
1,17.36,10.5350,-11.6257,-1.2816,1.6000,-0.1556,16.3501,15.6499,16.2602,15.3398,-0.1423,0.14540,0.14260,0.01005,0.001728
1,17.38,10.5441,-11.6564,-1.2847,1.6000,-0.1467,16.3300,15.6700,16.2602,15.3398,-0.1381,0.14532,0.14268,0.01004,0.001728
1,17.40,10.5531,-11.6871,-1.2876,1.6000,-0.1377,16.3099,15.6901,16.5670,15.6466,-0.1277,0.14524,0.14276,0.01004,0.001728
1,17.42,10.5620,-11.7178,-1.2904,1.6000,-0.1287,16.2896,15.7104,15.9534,15.6466,-0.1263,0.14516,0.14284,0.01004,0.001728
1,17.44,10.5708,-11.7486,-1.2929,1.6000,-0.1197,16.2693,15.7307,16.2602,15.6466,-0.1154,0.14508,0.14292,0.01004,0.001728
1,17.46,10.5795,-11.7794,-1.2953,1.6000,-0.1106,16.2489,15.7511,16.2602,15.6466,-0.0937,0.14500,0.14300,0.01003,0.001728
1,17.48,10.5882,-11.8102,-1.2975,1.6000,-0.1015,16.2284,15.7716,16.2602,15.9534,-0.0995,0.14491,0.14309,0.01003,0.001728
1,17.50,10.5968,-11.8410,-1.2996,1.6000,-0.0924,16.2079,15.7921,16.2602,15.9534,-0.0859,0.14483,0.14317,0.01003,0.001728
1,17.52,10.6053,-11.8718,-1.3014,1.6000,-0.0833,16.1874,15.8126,16.2602,15.9534,-0.0870,0.14475,0.14325,0.01002,0.001728
1,17.54,10.6138,-11.9027,-1.3031,1.6000,-0.0742,16.1669,15.8331,16.2602,15.9534,-0.0801,0.14467,0.14333,0.01002,0.001728
1,17.56,10.6223,-11.9335,-1.3046,1.6000,-0.0650,16.1463,15.8537,15.9534,15.9534,-0.0684,0.14459,0.14341,0.01002,0.001728
1,17.58,10.6307,-11.9644,-1.3059,1.6000,-0.0559,16.1258,15.8742,15.9534,15.9534,-0.0517,0.14450,0.14350,0.01002,0.001728
1,17.60,10.6390,-11.9953,-1.3070,1.6000,-0.0468,16.1052,15.8948,16.2602,15.6466,-0.0506,0.14442,0.14358,0.01001,0.001728
1,17.62,10.6474,-12.0262,-1.3079,1.5963,-0.0377,16.0474,15.8779,16.2602,15.6466,-0.0390,0.14419,0.14351,0.01001,0.001728
1,17.64,10.6556,-12.0570,-1.3087,1.5913,-0.0286,15.9774,15.8489,16.2602,15.9534,-0.0316,0.14391,0.14340,0.01001,0.001728
1,17.66,10.6639,-12.0878,-1.3092,1.5863,-0.0195,15.9065,15.8189,15.6466,15.9534,-0.0315,0.14363,0.14328,0.01001,0.001728
1,17.68,10.6721,-12.1184,-1.3096,1.5811,-0.0104,15.8345,15.7877,15.9534,15.6466,-0.0253,0.14334,0.14315,0.01000,0.001728
1,17.70,10.6802,-12.1490,-1.3098,1.5759,-0.0014,15.7617,15.7555,15.9534,15.6466,0.0097,0.14305,0.14302,0.01000,0.001728
1,17.72,10.6884,-12.1794,-1.3099,1.5705,0.0076,15.6879,15.7223,15.6466,15.6466,0.0104,0.14275,0.14289,0.01000,0.001728
1,17.74,10.6965,-12.2098,-1.3097,1.5651,0.0166,15.6132,15.6879,15.6466,15.9534,0.0227,0.14245,0.14275,0.01000,0.001728
1,17.76,10.7046,-12.2400,-1.3094,1.5595,0.0255,15.5376,15.6525,15.3398,15.9534,0.0325,0.14215,0.14261,0.01001,0.001728
1,17.78,10.7126,-12.2701,-1.3089,1.5539,0.0344,15.4612,15.6161,15.6466,15.6466,0.0403,0.14184,0.14246,0.01001,0.001728
1,17.80,10.7207,-12.3002,-1.3082,1.5481,0.0433,15.3839,15.5786,15.0330,15.6466,0.0357,0.14154,0.14231,0.01001,0.001728
1,17.82,10.7287,-12.3301,-1.3073,1.5423,0.0521,15.3058,15.5401,15.3398,15.6466,0.0561,0.14122,0.14216,0.01002,0.001728
1,17.84,10.7368,-12.3598,-1.3063,1.5364,0.0608,15.2270,15.5005,15.3398,15.3398,0.0620,0.14091,0.14200,0.01002,0.001728
1,17.86,10.7448,-12.3895,-1.3051,1.5304,0.0695,15.1474,15.4599,15.0330,15.3398,0.0838,0.14059,0.14184,0.01002,0.001728
1,17.88,10.7529,-12.4190,-1.3037,1.5243,0.0781,15.0670,15.4183,15.0330,15.3398,0.0989,0.14027,0.14167,0.01002,0.001728
1,17.90,10.7610,-12.4484,-1.3021,1.5181,0.0866,14.9860,15.3756,15.0330,15.3398,0.0926,0.13994,0.14150,0.01003,0.001728
1,17.92,10.7691,-12.4777,-1.3004,1.5118,0.0950,14.9043,15.3319,15.0330,15.3398,0.0830,0.13962,0.14133,0.01003,0.001728
1,17.94,10.7772,-12.5068,-1.2985,1.5055,0.1034,14.8219,15.2872,14.7262,15.3398,0.1060,0.13929,0.14115,0.01003,0.001728
1,17.96,10.7853,-12.5358,-1.2964,1.4990,0.1117,14.7388,15.2415,14.7262,15.0330,0.1061,0.13896,0.14097,0.01003,0.001728
1,17.98,10.7934,-12.5646,-1.2942,1.4925,0.1199,14.6552,15.1948,14.7262,15.0330,0.1253,0.13862,0.14078,0.01004,0.001728
1,18.00,10.8016,-12.5934,-1.2918,1.4859,0.1280,14.5710,15.1471,14.7262,15.0330,0.1340,0.13828,0.14059,0.01004,0.001728
1,18.02,10.8099,-12.6219,-1.2892,1.4792,0.1361,14.4862,15.0984,14.4194,15.0330,0.1412,0.13794,0.14039,0.01004,0.001728
1,18.04,10.8181,-12.6503,-1.2865,1.4725,0.1440,14.4009,15.0488,14.7262,15.0330,0.1427,0.13760,0.14020,0.01004,0.001728
1,18.06,10.8264,-12.6786,-1.2836,1.4657,0.1518,14.3150,14.9981,14.1126,15.3398,0.1394,0.13726,0.13999,0.01005,0.001728
1,18.08,10.8348,-12.7067,-1.2806,1.4588,0.1595,14.2287,14.9465,14.1126,15.0330,0.1525,0.13691,0.13979,0.01005,0.001728
1,18.10,10.8432,-12.7346,-1.2774,1.4518,0.1671,14.1419,14.8940,14.1126,14.7262,0.1554,0.13657,0.13958,0.01005,0.001728
1,18.12,10.8516,-12.7624,-1.2740,1.4448,0.1746,14.0547,14.8405,14.1126,15.0330,0.1723,0.13622,0.13936,0.01005,0.001728
1,18.14,10.8601,-12.7900,-1.2705,1.4377,0.1820,13.9671,14.7860,14.1126,15.0330,0.1957,0.13587,0.13914,0.01005,0.001728
1,18.16,10.8686,-12.8175,-1.2669,1.4305,0.1892,13.8791,14.7307,13.8058,14.7262,0.1847,0.13552,0.13892,0.01006,0.001728
1,18.18,10.8773,-12.8447,-1.2631,1.4233,0.1964,13.7907,14.6744,13.4990,14.4194,0.2045,0.13516,0.13870,0.01006,0.001728
1,18.20,10.8859,-12.8719,-1.2592,1.4160,0.2034,13.7020,14.6171,13.8058,14.4194,0.2212,0.13481,0.13847,0.01006,0.001728
1,18.22,10.8947,-12.8988,-1.2551,1.4086,0.2102,13.6130,14.5590,13.8058,14.4194,0.2065,0.13445,0.13824,0.01006,0.001728
1,18.24,10.9035,-12.9256,-1.2509,1.4012,0.2170,13.5236,14.5000,13.4990,14.4194,0.2301,0.13409,0.13800,0.01007,0.001728
1,18.26,10.9123,-12.9521,-1.2466,1.3937,0.2236,13.4341,14.4401,13.4990,14.4194,0.2222,0.13374,0.13776,0.01007,0.001728
1,18.28,10.9213,-12.9785,-1.2421,1.3862,0.2300,13.3442,14.3793,13.1922,14.4194,0.2216,0.13338,0.13752,0.01007,0.001728
1,18.30,10.9303,-13.0048,-1.2375,1.3786,0.2363,13.2542,14.3177,13.1922,14.4194,0.2302,0.13302,0.13727,0.01007,0.001728
1,18.32,10.9394,-13.0308,-1.2328,1.3710,0.2425,13.1640,14.2552,13.1922,14.1126,0.2592,0.13266,0.13702,0.01007,0.001728
1,18.34,10.9485,-13.0566,-1.2279,1.3633,0.2485,13.0736,14.1919,12.8854,14.4194,0.2632,0.13229,0.13677,0.01007,0.001728
1,18.36,10.9578,-13.0823,-1.2230,1.3555,0.2544,12.9830,14.1277,12.8854,14.1126,0.2655,0.13193,0.13651,0.01008,0.001728
1,18.38,10.9671,-13.1078,-1.2179,1.3478,0.2601,12.8924,14.0628,12.8854,14.1126,0.2435,0.13157,0.13625,0.01008,0.001728
1,18.40,10.9764,-13.1330,-1.2127,1.3399,0.2656,12.8016,13.9970,12.5786,14.1126,0.2818,0.13121,0.13599,0.01008,0.001728
1,18.42,10.9859,-13.1581,-1.2074,1.3321,0.2710,12.7108,13.9304,12.5786,13.8058,0.2748,0.13084,0.13572,0.01008,0.001728
1,18.44,10.9954,-13.1830,-1.2019,1.3241,0.2762,12.6199,13.8630,12.5786,13.8058,0.2736,0.13048,0.13545,0.01008,0.001728
1,18.46,11.0051,-13.2077,-1.1964,1.3162,0.2813,12.5290,13.7949,12.2718,14.1126,0.2780,0.13012,0.13518,0.01008,0.001728
1,18.48,11.0148,-13.2321,-1.1908,1.3082,0.2862,12.4382,13.7260,12.5786,13.4990,0.2916,0.12975,0.13490,0.01009,0.001728
1,18.50,11.0245,-13.2564,-1.1851,1.3002,0.2909,12.3473,13.6564,12.2718,13.4990,0.3024,0.12939,0.13463,0.01009,0.001728
1,18.52,11.0344,-13.2805,-1.1793,1.2921,0.2955,12.2565,13.5860,12.2718,13.4990,0.3037,0.12903,0.13434,0.01009,0.001728
1,18.54,11.0443,-13.3043,-1.1733,1.2840,0.2998,12.1657,13.5149,11.9651,13.4990,0.2991,0.12866,0.13406,0.01009,0.001728
1,18.56,11.0543,-13.3280,-1.1673,1.2759,0.3040,12.0751,13.4431,11.9651,13.4990,0.2937,0.12830,0.13377,0.01009,0.001728
1,18.58,11.0644,-13.3514,-1.1613,1.2678,0.3080,11.9845,13.3706,11.9651,13.4990,0.3076,0.12794,0.13348,0.01009,0.001728
1,18.60,11.0746,-13.3746,-1.1551,1.2596,0.3119,11.8941,13.2975,11.6583,12.8854,0.3130,0.12758,0.13319,0.01009,0.001728
1,18.62,11.0848,-13.3976,-1.1489,1.2514,0.3155,11.8038,13.2237,11.6583,13.1922,0.3067,0.12722,0.13289,0.01009,0.001728
1,18.64,11.0951,-13.4204,-1.1426,1.2431,0.3190,11.7138,13.1492,11.6583,13.1922,0.3208,0.12686,0.13260,0.01010,0.001728
1,18.66,11.1055,-13.4430,-1.1362,1.2349,0.3223,11.6239,13.0741,11.6583,13.1922,0.3337,0.12650,0.13230,0.01010,0.001728
1,18.68,11.1160,-13.4654,-1.1297,1.2266,0.3254,11.5343,12.9983,11.3515,13.1922,0.3287,0.12614,0.13199,0.01010,0.001728
1,18.70,11.1266,-13.4876,-1.1232,1.2183,0.3283,11.4448,12.9220,11.3515,12.8854,0.3446,0.12578,0.13169,0.01010,0.001728
1,18.72,11.1372,-13.5095,-1.1167,1.2100,0.3310,11.3557,12.8451,11.3515,12.8854,0.3334,0.12542,0.13138,0.01010,0.001728
1,18.74,11.1479,-13.5312,-1.1100,1.2017,0.3335,11.2669,12.7676,11.3515,12.5786,0.3215,0.12507,0.13107,0.01010,0.001728
1,18.76,11.1586,-13.5527,-1.1034,1.1934,0.3358,11.1783,12.6895,11.0447,12.5786,0.3348,0.12471,0.13076,0.01010,0.001728
1,18.78,11.1695,-13.5740,-1.0967,1.1851,0.3380,11.0901,12.6110,11.3515,12.5786,0.3302,0.12436,0.13044,0.01010,0.001728
1,18.80,11.1803,-13.5950,-1.0899,1.1767,0.3399,11.0022,12.5318,11.0447,12.5786,0.3478,0.12401,0.13013,0.01010,0.001728
1,18.82,11.1913,-13.6158,-1.0831,1.1683,0.3417,10.9147,12.4522,11.0447,12.2718,0.3484,0.12366,0.12981,0.01010,0.001728
1,18.84,11.2023,-13.6364,-1.0763,1.1600,0.3432,10.8276,12.3721,10.7379,12.5786,0.3381,0.12331,0.12949,0.01010,0.001728
1,18.86,11.2134,-13.6568,-1.0694,1.1516,0.3446,10.7409,12.2915,10.7379,12.2718,0.3624,0.12296,0.12917,0.01010,0.001728
1,18.88,11.2245,-13.6770,-1.0625,1.1433,0.3457,10.6546,12.2104,10.7379,11.9651,0.3481,0.12262,0.12884,0.01010,0.001728
1,18.90,11.2357,-13.6969,-1.0556,1.1349,0.3467,10.5687,12.1289,10.7379,12.2718,0.3676,0.12227,0.12852,0.01010,0.001728
1,18.92,11.2470,-13.7166,-1.0487,1.1265,0.3475,10.4833,12.0470,10.4311,11.9651,0.3429,0.12193,0.12819,0.01010,0.001728
1,18.94,11.2583,-13.7361,-1.0417,1.1182,0.3481,10.3984,11.9647,10.4311,11.9651,0.3395,0.12159,0.12786,0.01010,0.001728
1,18.96,11.2696,-13.7554,-1.0347,1.1098,0.3484,10.3140,11.8820,10.1243,11.9651,0.3526,0.12126,0.12753,0.01010,0.001728
1,18.98,11.2811,-13.7744,-1.0278,1.1014,0.3486,10.2301,11.7989,10.1243,11.9651,0.3573,0.12092,0.12720,0.01010,0.001728
1,19.00,11.2925,-13.7932,-1.0208,1.0931,0.3486,10.1468,11.7154,10.1243,11.9651,0.3529,0.12059,0.12686,0.01010,0.001728
1,19.02,11.3040,-13.8118,-1.0138,1.0848,0.3484,10.0639,11.6316,9.8175,11.3515,0.3528,0.12026,0.12653,0.01010,0.001728
1,19.04,11.3155,-13.8302,-1.0069,1.0765,0.3480,9.9817,11.5475,10.1243,11.6583,0.3399,0.11993,0.12619,0.01010,0.001728
1,19.06,11.3271,-13.8484,-0.9999,1.0682,0.3474,9.9000,11.4631,9.8175,11.3515,0.3548,0.11960,0.12585,0.01010,0.001728
1,19.08,11.3387,-13.8663,-0.9930,1.0599,0.3466,9.8189,11.3784,9.8175,11.3515,0.3419,0.11928,0.12551,0.01010,0.001728
1,19.10,11.3503,-13.8840,-0.9860,1.0516,0.3456,9.7384,11.2935,9.8175,11.0447,0.3388,0.11895,0.12517,0.01010,0.001728
1,19.12,11.3620,-13.9015,-0.9791,1.0433,0.3444,9.6586,11.2083,9.8175,11.0447,0.3609,0.11863,0.12483,0.01010,0.001728
1,19.14,11.3737,-13.9188,-0.9722,1.0351,0.3430,9.5794,11.1229,9.5107,11.0447,0.3560,0.11832,0.12449,0.01010,0.001728
1,19.16,11.3854,-13.9359,-0.9654,1.0269,0.3414,9.5008,11.0372,9.5107,11.0447,0.3373,0.11800,0.12415,0.01010,0.001728
1,19.18,11.3972,-13.9527,-0.9585,1.0187,0.3397,9.4230,10.9514,9.2039,11.0447,0.3427,0.11769,0.12381,0.01010,0.001728
1,19.20,11.4089,-13.9694,-0.9518,1.0106,0.3377,9.3458,10.8654,9.2039,10.7379,0.3463,0.11738,0.12346,0.01010,0.001728
1,19.22,11.4207,-13.9858,-0.9450,1.0024,0.3356,9.2693,10.7793,9.5107,10.7379,0.3445,0.11708,0.12312,0.01010,0.001728
1,19.24,11.4325,-14.0020,-0.9383,0.9943,0.3332,9.1935,10.6930,8.8971,10.4311,0.3421,0.11677,0.12277,0.01010,0.001728
1,19.26,11.4443,-14.0180,-0.9316,0.9863,0.3307,9.1184,10.6066,9.2039,10.7379,0.3383,0.11647,0.12243,0.01010,0.001728
1,19.28,11.4562,-14.0338,-0.9250,0.9782,0.3280,9.0441,10.5201,9.2039,10.7379,0.3194,0.11618,0.12208,0.01010,0.001728
1,19.30,11.4680,-14.0494,-0.9184,0.9702,0.3251,8.9705,10.4336,8.8971,10.4311,0.3240,0.11588,0.12173,0.01010,0.001728
1,19.32,11.4798,-14.0647,-0.9119,0.9622,0.3221,8.8977,10.3470,8.8971,10.4311,0.3166,0.11559,0.12139,0.01010,0.001728
1,19.34,11.4916,-14.0799,-0.9055,0.9543,0.3188,8.8256,10.2603,8.8971,10.1243,0.3358,0.11530,0.12104,0.01010,0.001728
1,19.36,11.5035,-14.0949,-0.8991,0.9464,0.3154,8.7544,10.1737,8.8971,10.1243,0.3335,0.11502,0.12069,0.01009,0.001728
1,19.38,11.5153,-14.1097,-0.8928,0.9385,0.3118,8.6839,10.0870,8.8971,10.1243,0.3087,0.11474,0.12035,0.01009,0.001728
1,19.40,11.5271,-14.1243,-0.8866,0.9307,0.3080,8.6142,10.0004,8.5903,10.1243,0.3242,0.11446,0.12000,0.01009,0.001728
1,19.42,11.5389,-14.1386,-0.8804,0.9230,0.3041,8.5454,9.9138,8.5903,9.8175,0.3292,0.11418,0.11966,0.01009,0.001728
1,19.44,11.5507,-14.1528,-0.8743,0.9152,0.3000,8.4773,9.8273,8.5903,9.8175,0.2931,0.11391,0.11931,0.01009,0.001728
1,19.46,11.5625,-14.1669,-0.8683,0.9076,0.2957,8.4101,9.7409,8.5903,9.8175,0.3055,0.11364,0.11896,0.01009,0.001728
1,19.48,11.5743,-14.1807,-0.8624,0.8999,0.2913,8.3437,9.6546,8.5903,9.8175,0.3049,0.11337,0.11862,0.01009,0.001728
1,19.50,11.5860,-14.1943,-0.8566,0.8923,0.2867,8.2782,9.5684,8.2835,9.5107,0.2840,0.11311,0.11827,0.01009,0.001728
1,19.52,11.5978,-14.2078,-0.8509,0.8848,0.2820,8.2135,9.4823,8.2835,9.8175,0.2673,0.11285,0.11793,0.01008,0.001728
1,19.54,11.6095,-14.2210,-0.8452,0.8773,0.2770,8.1497,9.3964,8.2835,9.2039,0.2669,0.11260,0.11759,0.01008,0.001728
1,19.56,11.6211,-14.2341,-0.8397,0.8699,0.2720,8.0868,9.3107,7.9767,9.2039,0.2733,0.11235,0.11724,0.01008,0.001728
1,19.58,11.6328,-14.2470,-0.8342,0.8625,0.2668,8.0248,9.2252,8.2835,9.2039,0.2735,0.11210,0.11690,0.01008,0.001728
1,19.60,11.6444,-14.2598,-0.8289,0.8552,0.2614,7.9636,9.1399,7.9767,9.2039,0.2487,0.11185,0.11656,0.01008,0.001728
1,19.62,11.6560,-14.2724,-0.8237,0.8479,0.2559,7.9033,9.0549,7.9767,8.8971,0.2797,0.11161,0.11622,0.01008,0.001728
1,19.64,11.6676,-14.2848,-0.8186,0.8407,0.2503,7.8439,8.9701,7.9767,8.8971,0.2467,0.11138,0.11588,0.01008,0.001728
1,19.66,11.6791,-14.2970,-0.8136,0.8336,0.2445,7.7855,8.8856,7.6699,8.8971,0.2609,0.11114,0.11554,0.01007,0.001728
1,19.68,11.6906,-14.3091,-0.8087,0.8265,0.2386,7.7279,8.8015,7.6699,8.8971,0.2370,0.11091,0.11521,0.01007,0.001728
1,19.70,11.7020,-14.3210,-0.8039,0.8194,0.2325,7.6713,8.7176,7.6699,8.8971,0.2201,0.11069,0.11487,0.01007,0.001728
1,19.72,11.7134,-14.3328,-0.7992,0.8125,0.2263,7.6155,8.6341,7.6699,8.5903,0.2092,0.11046,0.11454,0.01007,0.001728
1,19.74,11.7248,-14.3444,-0.7947,0.8056,0.2200,7.5607,8.5509,7.6699,8.5903,0.2126,0.11024,0.11420,0.01007,0.001728
1,19.76,11.7361,-14.3559,-0.7903,0.7987,0.2136,7.5068,8.4681,7.3631,8.5903,0.2209,0.11003,0.11387,0.01006,0.001728
1,19.78,11.7473,-14.3672,-0.7860,0.7920,0.2071,7.4539,8.3858,7.0563,8.5903,0.2041,0.10982,0.11354,0.01006,0.001728
1,19.80,11.7585,-14.3784,-0.7819,0.7853,0.2004,7.4018,8.3038,7.6699,8.2835,0.1964,0.10961,0.11322,0.01006,0.001728
1,19.82,11.7697,-14.3895,-0.7779,0.7787,0.1937,7.3507,8.2223,7.3631,8.5903,0.2112,0.10940,0.11289,0.01006,0.001728
1,19.84,11.7808,-14.4004,-0.7740,0.7721,0.1868,7.3006,8.1412,7.3631,8.2835,0.1999,0.10920,0.11256,0.01006,0.001728
1,19.86,11.7919,-14.4112,-0.7703,0.7656,0.1798,7.2514,8.0606,7.3631,7.9767,0.1797,0.10901,0.11224,0.01005,0.001728
1,19.88,11.8029,-14.4218,-0.7667,0.7592,0.1728,7.2031,7.9805,7.0563,7.9767,0.1856,0.10881,0.11192,0.01005,0.001728
1,19.90,11.8139,-14.4323,-0.7632,0.7528,0.1656,7.1558,7.9010,7.3631,7.9767,0.1739,0.10862,0.11160,0.01005,0.001728
1,19.92,11.8248,-14.4427,-0.7599,0.7466,0.1583,7.1094,7.8219,7.0563,7.9767,0.1591,0.10844,0.11129,0.01005,0.001728
1,19.94,11.8356,-14.4530,-0.7568,0.7404,0.1510,7.0639,7.7435,7.0563,7.6699,0.1599,0.10826,0.11097,0.01005,0.001728
1,19.96,11.8464,-14.4631,-0.7537,0.7342,0.1436,7.0194,7.6655,7.0563,7.6699,0.1398,0.10808,0.11066,0.01004,0.001728
1,19.98,11.8571,-14.4732,-0.7509,0.7282,0.1361,6.9759,7.5882,7.3631,7.3631,0.1430,0.10790,0.11035,0.01004,0.001728
