run,t,x,y,heading,speed,turn_rate,left_spin,right_spin,left_encoder,right_encoder,gyro,left_noise,right_noise,gyro_noise,gyro_bias,severity_left,severity_right,severity_gyro,fault_mode
0,0,0,0,0,1.1437,-0.528912,12.6271,10.247,12.5786,10.493,-0.527217,0.130508,0.120988,0.0101587,0.000628651,0,0.362677,0,bias
0,0.02,0.0228736,-0.000120982,-0.0105782,1.15055,-0.525978,12.6889,10.322,12.5786,10.493,-0.512103,0.130756,0.121288,0.0101578,0.000628651,0,0.362677,0,bias
0,0.04,0.0458816,-0.000485413,-0.0210978,1.15736,-0.522901,12.7502,10.3971,12.8854,10.493,-0.535125,0.131001,0.121588,0.0101569,0.000628651,0,0.362677,0,bias
0,0.06,0.0690207,-0.00109473,-0.0315558,1.16415,-0.519683,12.8108,10.4722,12.5786,10.493,-0.542668,0.131243,0.121889,0.0101559,0.000628651,0,0.362677,0,bias
0,0.08,0.0922879,-0.00195025,-0.0419495,1.1709,-0.516328,12.8708,10.5473,12.8854,10.493,-0.523136,0.131483,0.122189,0.0101549,0.000628651,0,0.362677,0,bias
0,0.1,0.11568,-0.00305313,-0.052276,1.17762,-0.512838,12.9301,10.6223,12.8854,10.493,-0.508029,0.13172,0.122489,0.0101539,0.000628651,0,0.362677,0,bias
0,0.12,0.139193,-0.00440439,-0.0625328,1.1843,-0.509215,12.9887,10.6973,13.1922,10.7998,-0.494713,0.131955,0.122789,0.0101528,0.000628651,0,0.362677,0,bias
0,0.14,0.162825,-0.00600492,-0.0727171,1.19094,-0.505463,13.0467,10.7721,12.8854,10.7998,-0.495663,0.132187,0.123088,0.0101516,0.000628651,0,0.362677,0,bias
0,0.16,0.186572,-0.00785547,-0.0828264,1.19753,-0.501585,13.1039,10.8467,13.1922,10.7998,-0.510313,0.132415,0.123387,0.0101505,0.000628651,0,0.362677,0,bias
0,0.18,0.21043,-0.00995663,-0.0928581,1.20408,-0.497584,13.1603,10.9212,13.1922,11.1066,-0.507202,0.132641,0.123685,0.0101493,0.000628651,0,0.362677,0,bias
0,0.2,0.234396,-0.0123089,-0.10281,1.21057,-0.493463,13.216,10.9954,13.1922,11.1066,-0.487345,0.132864,0.123982,0.010148,0.000628651,0,0.362677,0,bias
0,0.22,0.258467,-0.0149124,-0.112679,1.21702,-0.489224,13.2709,11.0694,13.1922,11.1066,-0.49523,0.133084,0.124278,0.0101468,0.000628651,0,0.362677,0,bias
0,0.24,0.282639,-0.0177676,-0.122463,1.2234,-0.484873,13.325,11.1431,13.1922,11.4134,-0.469092,0.1333,0.124572,0.0101455,0.000628651,0,0.362677,0,bias
0,0.26,0.306909,-0.0208742,-0.132161,1.22974,-0.480411,13.3783,11.2164,13.1922,11.4134,-0.466129,0.133513,0.124866,0.0101441,0.000628651,0,0.362677,0,bias
0,0.28,0.331274,-0.0242323,-0.141769,1.23601,-0.475842,13.4307,11.2894,13.499,11.4134,-0.478397,0.133723,0.125158,0.0101428,0.000628651,0,0.362677,0,bias
0,0.3,0.355729,-0.0278415,-0.151286,1.24221,-0.471169,13.4823,11.362,13.8058,11.7202,-0.45227,0.133929,0.125448,0.0101414,0.000628651,0,0.362677,0,bias
0,0.32,0.380271,-0.0317015,-0.160709,1.24836,-0.466397,13.533,11.4342,13.8058,11.4134,-0.478021,0.134132,0.125737,0.0101399,0.000628651,0,0.362677,0,bias
0,0.34,0.404898,-0.0358116,-0.170037,1.25443,-0.461529,13.5827,11.5059,13.499,11.7202,-0.473962,0.134331,0.126023,0.0101385,0.000628651,0,0.362677,0,bias
0,0.36,0.429604,-0.0401711,-0.179268,1.26043,-0.456567,13.6316,11.577,13.8058,11.7202,-0.448883,0.134526,0.126308,0.010137,0.000628651,0,0.362677,0,bias
0,0.38,0.454388,-0.0447792,-0.188399,1.26636,-0.451517,13.6795,11.6477,13.499,11.7202,-0.455312,0.134718,0.126591,0.0101355,0.000628651,0,0.362677,0,bias
0,0.4,0.479246,-0.0496349,-0.19743,1.27222,-0.446381,13.7265,11.7178,13.499,12.027,-0.450778,0.134906,0.126871,0.0101339,0.000628651,0,0.362677,0,bias
0,0.42,0.504173,-0.0547371,-0.206357,1.27799,-0.441163,13.7725,11.7873,13.8058,11.7202,-0.424491,0.13509,0.127149,0.0101323,0.000628651,0,0.362677,0,bias
0,0.44,0.529167,-0.0600845,-0.21518,1.28369,-0.435868,13.8176,11.8562,14.1126,12.027,-0.457563,0.13527,0.127425,0.0101308,0.000628651,0,0.362677,0,bias
0,0.46,0.554225,-0.0656757,-0.223898,1.2893,-0.430499,13.8616,11.9244,13.8058,12.027,-0.419701,0.135446,0.127697,0.0101291,0.000628651,0,0.362677,0,bias
0,0.48,0.579342,-0.0715092,-0.232508,1.29483,-0.425059,13.9046,11.9919,13.8058,12.3338,-0.437803,0.135619,0.127967,0.0101275,0.000628651,0,0.362677,0,bias
0,0.5,0.604516,-0.0775833,-0.241009,1.30026,-0.419553,13.9466,12.0586,13.8058,12.3338,-0.418427,0.135787,0.128235,0.0101259,0.000628651,0,0.362677,0,bias
0,0.52,0.629743,-0.0838962,-0.2494,1.30561,-0.413984,13.9876,12.1247,14.1126,12.3338,-0.419766,0.13595,0.128499,0.0101242,0.000628651,0,0.362677,0,bias
0,0.54,0.655021,-0.0904459,-0.25768,1.31087,-0.408357,14.0275,12.1899,14.1126,12.027,-0.420662,0.13611,0.12876,0.0101225,0.000628651,0,0.362677,0,bias
0,0.56,0.680345,-0.0972306,-0.265847,1.31603,-0.402676,14.0663,12.2543,14.1126,12.3338,-0.388945,0.136265,0.129017,0.0101208,0.000628651,0,0.362677,0,bias
0,0.58,0.705713,-0.104248,-0.2739,1.3211,-0.396944,14.1041,12.3179,14.1126,12.6406,-0.399223,0.136416,0.129271,0.0101191,0.000628651,0,0.362677,0,bias
0,0.6,0.731121,-0.111496,-0.281839,1.32607,-0.391166,14.1408,12.3805,14.4194,12.3338,-0.397978,0.136563,0.129522,0.0101173,0.000628651,0,0.362677,0,bias
0,0.62,0.756567,-0.118971,-0.289663,1.33093,-0.385345,14.1764,12.4423,14.1126,12.6406,-0.383087,0.136705,0.129769,0.0101156,0.000628651,0,0.362677,0,bias
0,0.64,0.782047,-0.126673,-0.297369,1.3357,-0.379486,14.2108,12.5031,14.1126,12.3338,-0.393032,0.136843,0.130013,0.0101138,0.000628651,0,0.362677,0,bias
0,0.66,0.807559,-0.134597,-0.304959,1.34036,-0.373592,14.2442,12.563,14.4194,12.6406,-0.374625,0.136977,0.130252,0.0101121,0.000628651,0,0.362677,0,bias
0,0.68,0.833099,-0.142741,-0.312431,1.34491,-0.367669,14.2764,12.6219,14.1126,12.9474,-0.379985,0.137105,0.130487,0.0101103,0.000628651,0,0.362677,0,bias
0,0.7,0.858664,-0.151103,-0.319784,1.34936,-0.361719,14.3074,12.6797,14.1126,12.9474,-0.383836,0.13723,0.130719,0.0101085,0.000628651,0,0.362677,0,bias
0,0.72,0.884252,-0.159679,-0.327019,1.35369,-0.355747,14.3373,12.7365,14.4194,12.6406,-0.354014,0.137349,0.130946,0.0101067,0.000628651,0,0.362677,0,bias
0,0.74,0.90986,-0.168467,-0.334134,1.35791,-0.349757,14.3661,12.7922,14.4194,12.9474,-0.342114,0.137464,0.131169,0.0101049,0.000628651,0,0.362677,0,bias
0,0.76,0.935485,-0.177463,-0.341129,1.36202,-0.343754,14.3937,12.8468,14.4194,12.9474,-0.335789,0.137575,0.131387,0.0101031,0.000628651,0,0.362677,0,bias
0,0.78,0.961124,-0.186665,-0.348004,1.36602,-0.33774,14.4201,12.9002,14.4194,13.2542,-0.329156,0.13768,0.131601,0.0101013,0.000628651,0,0.362677,0,bias
0,0.8,0.986775,-0.196068,-0.354759,1.36989,-0.331722,14.4453,12.9525,14.4194,12.9474,-0.345503,0.137781,0.13181,0.0100995,0.000628651,0,0.362677,0,bias
0,0.82,1.01244,-0.205671,-0.361393,1.37365,-0.325701,14.4693,13.0037,14.4194,12.9474,-0.339439,0.137877,0.132015,0.0100977,0.000628651,0,0.362677,0,bias
0,0.84,1.0381,-0.215468,-0.367907,1.37729,-0.319683,14.4922,13.0536,14.4194,12.9474,-0.329451,0.137969,0.132214,0.0100959,0.000628651,0,0.362677,0,bias
0,0.86,1.06377,-0.225457,-0.374301,1.3808,-0.313672,14.5138,13.1023,14.4194,13.2542,-0.309423,0.138055,0.132409,0.0100941,0.000628651,0,0.362677,0,bias
0,0.88,1.08944,-0.235635,-0.380574,1.3842,-0.307671,14.5342,13.1497,14.7262,13.2542,-0.296528,0.138137,0.132599,0.0100923,0.000628651,0,0.362677,0,bias
0,0.9,1.11512,-0.245997,-0.386728,1.38747,-0.301685,14.5535,13.1959,14.7262,13.561,-0.324923,0.138214,0.132784,0.0100905,0.000628651,0,0.362677,0,bias
0,0.92,1.14078,-0.256541,-0.392761,1.39061,-0.295718,14.5715,13.2407,14.7262,13.2542,-0.290814,0.138286,0.132963,0.0100887,0.000628651,0,0.362677,0,bias
0,0.94,1.16645,-0.267262,-0.398676,1.39363,-0.289773,14.5883,13.2843,14.7262,13.2542,-0.285922,0.138353,0.133137,0.0100869,0.000628651,0,0.362677,0,bias
0,0.96,1.1921,-0.278156,-0.404471,1.39652,-0.283855,14.6038,13.3265,14.4194,13.2542,-0.284325,0.138415,0.133306,0.0100852,0.000628651,0,0.362677,0,bias
0,0.98,1.21775,-0.28922,-0.410148,1.39928,-0.277968,14.6182,13.3673,14.4194,13.561,-0.280251,0.138473,0.133469,0.0100834,0.000628651,0,0.362677,0,bias
0,1,1.24338,-0.300451,-0.415708,1.40191,-0.272115,14.6313,13.4068,14.7262,13.2542,-0.276634,0.138525,0.133627,0.0100816,0.000628651,0,0.362677,0,bias
0,1.02,1.269,-0.311843,-0.42115,1.40441,-0.2663,14.6432,13.4449,14.7262,13.2542,-0.262641,0.138573,0.133779,0.0100799,0.000628651,0,0.362677,0,bias
0,1.04,1.2946,-0.323394,-0.426476,1.40677,-0.260528,14.6539,13.4815,14.7262,13.2542,-0.284069,0.138616,0.133926,0.0100782,0.000628651,0,0.362677,0,bias
0,1.06,1.32019,-0.3351,-0.431687,1.40901,-0.254802,14.6634,13.5167,14.7262,13.561,-0.259514,0.138653,0.134067,0.0100764,0.000628651,0,0.362677,0,bias
0,1.08,1.34575,-0.346955,-0.436783,1.4111,-0.249125,14.6716,13.5505,14.7262,13.8678,-0.248998,0.138686,0.134202,0.0100747,0.000628651,0,0.362677,0,bias
0,1.1,1.3713,-0.358958,-0.441765,1.41307,-0.243502,14.6786,13.5828,14.7262,13.561,-0.22628,0.138714,0.134331,0.0100731,0.000628651,0,0.362677,0,bias
0,1.12,1.39681,-0.371103,-0.446635,1.4149,-0.237936,14.6844,13.6136,14.7262,13.8678,-0.236828,0.138737,0.134455,0.0100714,0.000628651,0,0.362677,0,bias
0,1.14,1.42231,-0.383386,-0.451394,1.41659,-0.232431,14.6889,13.643,14.7262,13.8678,-0.225628,0.138756,0.134572,0.0100697,0.000628651,0,0.362677,0,bias
0,1.16,1.44777,-0.395804,-0.456042,1.41815,-0.226991,14.6923,13.6708,14.7262,13.561,-0.216004,0.138769,0.134683,0.0100681,0.000628651,0,0.362677,0,bias
0,1.18,1.47321,-0.408353,-0.460582,1.41957,-0.221618,14.6944,13.6971,14.4194,13.8678,-0.223049,0.138778,0.134788,0.0100665,0.000628651,0,0.362677,0,bias
0,1.2,1.49861,-0.421029,-0.465015,1.42086,-0.216317,14.6953,13.7219,14.4194,13.8678,-0.217705,0.138781,0.134887,0.0100649,0.000628651,0,0.362677,0,bias
0,1.22,1.52399,-0.433827,-0.469341,1.422,-0.211091,14.695,13.7451,14.7262,13.8678,-0.215258,0.13878,0.13498,0.0100633,0.000628651,0,0.362677,0,bias
0,1.24,1.54932,-0.446744,-0.473563,1.42301,-0.205943,14.6935,13.7667,15.033,13.8678,-0.210087,0.138774,0.135067,0.0100618,0.000628651,0,0.362677,0,bias
0,1.26,1.57462,-0.459775,-0.477682,1.42388,-0.200876,14.6908,13.7868,14.4194,13.561,-0.189314,0.138763,0.135147,0.0100603,0.000628651,0,0.362677,0,bias
0,1.28,1.59989,-0.472918,-0.481699,1.42461,-0.195895,14.6869,13.8054,14.7262,13.8678,-0.178737,0.138748,0.135221,0.0100588,0.000628651,0,0.362677,0,bias
0,1.3,1.62511,-0.486167,-0.485617,1.4252,-0.191001,14.6818,13.8223,14.4194,13.8678,-0.195125,0.138727,0.135289,0.0100573,0.000628651,0,0.362677,0,bias
0,1.32,1.6503,-0.49952,-0.489437,1.42566,-0.186198,14.6755,13.8376,14.7262,13.8678,-0.191738,0.138702,0.135351,0.0100559,0.000628651,0,0.362677,0,bias
0,1.34,1.67544,-0.512972,-0.493161,1.42597,-0.18149,14.6681,13.8514,14.4194,13.8678,-0.172756,0.138672,0.135406,0.0100544,0.000628651,0,0.362677,0,bias
0,1.36,1.70053,-0.526519,-0.496791,1.42615,-0.176878,14.6595,13.8635,14.7262,13.8678,-0.189245,0.138638,0.135454,0.0100531,0.000628651,0,0.362677,0,bias
0,1.38,1.72558,-0.540157,-0.500328,1.42619,-0.172367,14.6497,13.8741,14.7262,14.1746,-0.170374,0.138599,0.135496,0.0100517,0.000628651,0,0.362677,0,bias
0,1.4,1.75059,-0.553884,-0.503776,1.42609,-0.167958,14.6388,13.883,15.033,13.8678,-0.161498,0.138555,0.135532,0.0100504,0.000628651,0,0.362677,0,bias
0,1.42,1.77554,-0.567694,-0.507135,1.42585,-0.163655,14.6267,13.8903,14.7262,14.1746,-0.163099,0.138507,0.135561,0.0100491,0.000628651,0,0.362677,0,bias
0,1.44,1.80045,-0.581585,-0.510408,1.42547,-0.159461,14.6135,13.8959,14.4194,13.8678,-0.128025,0.138454,0.135584,0.0100478,0.000628651,0,0.362677,0,bias
0,1.46,1.8253,-0.595552,-0.513597,1.42496,-0.155377,14.5992,13.9,14.7262,13.561,-0.161265,0.138397,0.1356,0.0100466,0.000628651,0,0.362677,0,bias
0,1.48,1.8501,-0.609593,-0.516705,1.42431,-0.151407,14.5838,13.9024,14.7262,13.8678,-0.137112,0.138335,0.13561,0.0100454,0.000628651,0,0.362677,0,bias
0,1.5,1.87485,-0.623703,-0.519733,1.42352,-0.147552,14.5672,13.9032,14.7262,13.8678,-0.151667,0.138269,0.135613,0.0100443,0.000628651,0,0.362677,0,bias
0,1.52,1.89954,-0.637879,-0.522684,1.4226,-0.143816,14.5496,13.9024,14.4194,13.8678,-0.157983,0.138198,0.13561,0.0100431,0.000628651,0,0.362677,0,bias
0,1.54,1.92417,-0.652118,-0.52556,1.42154,-0.140201,14.5309,13.9,14.7262,14.1746,-0.152186,0.138124,0.1356,0.0100421,0.000628651,0,0.362677,0,bias
0,1.56,1.94874,-0.666416,-0.528364,1.42035,-0.136708,14.5111,13.8959,14.4194,13.8678,-0.145757,0.138044,0.135584,0.010041,0.000628651,0,0.362677,0,bias
0,1.58,1.97326,-0.68077,-0.531098,1.41903,-0.133339,14.4903,13.8902,14.1126,13.8678,-0.11969,0.137961,0.135561,0.01004,0.000628651,0,0.362677,0,bias
0,1.6,1.99771,-0.695177,-0.533765,1.41757,-0.130098,14.4684,13.883,14.4194,14.1746,-0.134378,0.137874,0.135532,0.010039,0.000628651,0,0.362677,0,bias
0,1.62,2.0221,-0.709633,-0.536367,1.41598,-0.126985,14.4455,13.8741,14.7262,13.8678,-0.130191,0.137782,0.135496,0.0100381,0.000628651,0,0.362677,0,bias
0,1.64,2.04642,-0.724136,-0.538907,1.41426,-0.124003,14.4216,13.8636,14.7262,13.8678,-0.135632,0.137686,0.135454,0.0100372,0.000628651,0,0.362677,0,bias
0,1.66,2.07068,-0.738682,-0.541387,1.4124,-0.121154,14.3966,13.8514,14.4194,13.8678,-0.109823,0.137587,0.135406,0.0100363,0.000628651,0,0.362677,0,bias
0,1.68,2.09487,-0.753268,-0.54381,1.41042,-0.118438,14.3707,13.8378,14.1126,13.8678,-0.109251,0.137483,0.135351,0.0100355,0.000628651,0,0.362677,0,bias
0,1.7,2.11899,-0.767892,-0.546179,1.40832,-0.115858,14.3438,13.8225,14.1126,13.8678,-0.123565,0.137375,0.13529,0.0100348,0.000628651,0,0.362677,0,bias
0,1.72,2.14305,-0.78255,-0.548496,1.40608,-0.113414,14.316,13.8056,14.7262,13.8678,-0.117332,0.137264,0.135222,0.010034,0.000628651,0,0.362677,0,bias
0,1.74,2.16703,-0.79724,-0.550764,1.40372,-0.111109,14.2872,13.7872,14.1126,13.8678,-0.11054,0.137149,0.135149,0.0100333,0.000628651,0,0.362677,0,bias
0,1.76,2.19093,-0.811959,-0.552986,1.40124,-0.108944,14.2575,13.7672,14.4194,13.8678,-0.110179,0.13703,0.135069,0.0100327,0.000628651,0,0.362677,0,bias
0,1.78,2.21476,-0.826704,-0.555165,1.39863,-0.106919,14.2268,13.7457,14.1126,13.561,-0.0786439,0.136907,0.134983,0.0100321,0.000628651,0,0.362677,0,bias
0,1.8,2.23852,-0.841474,-0.557304,1.3959,-0.105036,14.1953,13.7227,14.4194,13.561,-0.117824,0.136781,0.134891,0.0100315,0.000628651,0,0.362677,0,bias
0,1.82,2.2622,-0.856264,-0.559404,1.39305,-0.103296,14.1629,13.6981,14.1126,13.8678,-0.102319,0.136652,0.134792,0.010031,0.000628651,0,0.362677,0,bias
0,1.84,2.2858,-0.871074,-0.56147,1.39008,-0.101699,14.1296,13.672,14.1126,13.561,-0.0868036,0.136519,0.134688,0.0100305,0.000628651,0,0.362677,0,bias
0,1.86,2.30931,-0.885901,-0.563504,1.387,-0.100247,14.0955,13.6444,14.1126,13.561,-0.101832,0.136382,0.134578,0.0100301,0.000628651,0,0.362677,0,bias
0,1.88,2.33275,-0.900741,-0.565509,1.3838,-0.0989402,14.0606,13.6154,14.1126,13.2542,-0.0971515,0.136242,0.134461,0.0100297,0.000628651,0,0.362677,0,bias
0,1.9,2.3561,-0.915595,-0.567488,1.38049,-0.0977787,14.0249,13.5849,13.8058,13.561,-0.103571,0.136099,0.134339,0.0100293,0.000628651,0,0.362677,0,bias
0,1.92,2.37937,-0.930458,-0.569444,1.37706,-0.0967634,13.9883,13.5529,14.1126,13.561,-0.110519,0.135953,0.134212,0.010029,0.000628651,0,0.362677,0,bias
0,1.94,2.40255,-0.94533,-0.571379,1.37353,-0.0958944,13.951,13.5195,14.1126,13.561,-0.104883,0.135804,0.134078,0.0100288,0.000628651,0,0.362677,0,bias
0,1.96,2.42564,-0.960208,-0.573297,1.36988,-0.0951721,13.913,13.4847,14.1126,13.561,-0.091522,0.135652,0.133939,0.0100286,0.000628651,0,0.362677,0,bias
0,1.98,2.44865,-0.97509,-0.5752,1.36613,-0.0945967,13.8742,13.4485,13.8058,13.561,-0.0819013,0.135497,0.133794,0.0100284,0.000628651,0,0.362677,0,bias
0,2,2.47156,-0.989975,-0.577092,1.36228,-0.0941682,13.8347,13.4109,13.8058,13.561,-0.131369,0.135339,0.133644,0.0100283,0.000628651,0,0.362677,0,bias
0,2.02,2.49438,-1.00486,-0.578976,1.35832,-0.0938865,13.7945,13.372,13.8058,13.561,-0.0947324,0.135178,0.133488,0.0100282,0.000628651,0,0.362677,0,bias
0,2.04,2.5171,-1.01975,-0.580853,1.35427,-0.0937514,13.7536,13.3317,13.8058,13.2542,-0.08899,0.135014,0.133327,0.0100281,0.000628651,0,0.362677,0,bias
0,2.06,2.53973,-1.03463,-0.582728,1.35011,-0.0937628,13.7121,13.2901,13.8058,13.2542,-0.0808021,0.134848,0.133161,0.0100281,0.000628651,0,0.362677,0,bias
0,2.08,2.56226,-1.04951,-0.584604,1.34586,-0.0939203,13.6699,13.2473,13.499,13.561,-0.0915186,0.13468,0.132989,0.0100282,0.000628651,0,0.362677,0,bias
0,2.1,2.5847,-1.06439,-0.586482,1.34151,-0.0942234,13.6271,13.2031,13.499,13.2542,-0.102821,0.134509,0.132812,0.0100283,0.000628651,0,0.362677,0,bias
0,2.12,2.60703,-1.07926,-0.588366,1.33707,-0.0946715,13.5838,13.1577,13.8058,13.2542,-0.0996266,0.134335,0.132631,0.0100284,0.000628651,0,0.362677,0,bias
0,2.14,2.62926,-1.09412,-0.59026,1.33255,-0.0952639,13.5398,13.1111,13.499,13.2542,-0.0850341,0.134159,0.132445,0.0100286,0.000628651,0,0.362677,0,bias
0,2.16,2.65139,-1.10897,-0.592165,1.32793,-0.096,13.4953,13.0633,13.499,13.2542,-0.0991424,0.133981,0.132253,0.0100288,0.000628651,0,0.362677,0,bias
0,2.18,2.67341,-1.12382,-0.594085,1.32323,-0.0968788,13.4503,13.0143,13.499,12.9474,-0.0933012,0.133801,0.132057,0.0100291,0.000628651,0,0.362677,0,bias
0,2.2,2.69533,-1.13865,-0.596023,1.31845,-0.0978994,13.4048,12.9642,13.1922,13.2542,-0.0995768,0.133619,0.131857,0.0100294,0.000628651,0,0.362677,0,bias
0,2.22,2.71713,-1.15348,-0.597981,1.31359,-0.0990606,13.3587,12.913,13.499,12.9474,-0.0952188,0.133435,0.131652,0.0100297,0.000628651,0,0.362677,0,bias
0,2.24,2.73883,-1.16829,-0.599962,1.30864,-0.100361,13.3123,12.8606,13.1922,12.9474,-0.11682,0.133249,0.131443,0.0100301,0.000628651,0,0.362677,0,bias
0,2.26,2.76042,-1.18309,-0.601969,1.30363,-0.1018,13.2653,12.8072,13.1922,12.9474,-0.0864987,0.133061,0.131229,0.0100305,0.000628651,0,0.362677,0,bias
0,2.28,2.78189,-1.19788,-0.604005,1.29854,-0.103376,13.218,12.7528,13.1922,12.6406,-0.117043,0.132872,0.131011,0.010031,0.000628651,0,0.362677,0,bias
0,2.3,2.80325,-1.21265,-0.606073,1.29338,-0.105088,13.1702,12.6973,13.1922,12.6406,-0.0875002,0.132681,0.130789,0.0100315,0.000628651,0,0.362677,0,bias
0,2.32,2.8245,-1.22741,-0.608174,1.28815,-0.106933,13.1221,12.6409,13.1922,12.6406,-0.0859717,0.132488,0.130563,0.0100321,0.000628651,0,0.362677,0,bias
0,2.34,2.84563,-1.24215,-0.610313,1.28285,-0.108911,13.0736,12.5835,12.8854,12.6406,-0.0934857,0.132294,0.130334,0.0100327,0.000628651,0,0.362677,0,bias
0,2.36,2.86664,-1.25688,-0.612491,1.2775,-0.111019,13.0248,12.5252,12.8854,12.6406,-0.108195,0.132099,0.130101,0.0100333,0.000628651,0,0.362677,0,bias
0,2.38,2.88753,-1.27159,-0.614712,1.27208,-0.113256,12.9756,12.466,13.1922,12.6406,-0.126426,0.131902,0.129864,0.010034,0.000628651,0,0.362677,0,bias
0,2.4,2.90829,-1.28628,-0.616977,1.2666,-0.115619,12.9262,12.4059,13.1922,12.6406,-0.118796,0.131705,0.129624,0.0100347,0.000628651,0,0.362677,0,bias
0,2.42,2.92894,-1.30096,-0.619289,1.26107,-0.118107,12.8765,12.345,12.8854,12.3338,-0.116241,0.131506,0.12938,0.0100354,0.000628651,0,0.362677,0,bias
0,2.44,2.94946,-1.31563,-0.621651,1.25549,-0.120718,12.8265,12.2833,12.8854,12.3338,-0.111948,0.131306,0.129133,0.0100362,0.000628651,0,0.362677,0,bias
0,2.46,2.96985,-1.33028,-0.624066,1.24986,-0.12345,12.7764,12.2208,12.8854,12.3338,-0.115451,0.131105,0.128883,0.010037,0.000628651,0,0.362677,0,bias
0,2.48,2.99012,-1.34491,-0.626535,1.24418,-0.126299,12.726,12.1576,12.8854,12.027,-0.131726,0.130904,0.128631,0.0100379,0.000628651,0,0.362677,0,bias
0,2.5,3.01026,-1.35952,-0.629061,1.23846,-0.129264,12.6754,12.0938,12.8854,12.3338,-0.12636,0.130702,0.128375,0.0100388,0.000628651,0,0.362677,0,bias
0,2.52,3.03027,-1.37412,-0.631646,1.2327,-0.132343,12.6247,12.0292,12.8854,12.027,-0.146564,0.130499,0.128117,0.0100397,0.000628651,0,0.362677,0,bias
0,2.54,3.05015,-1.38871,-0.634293,1.22689,-0.135532,12.5739,11.964,12.5786,12.027,-0.142897,0.130296,0.127856,0.0100407,0.000628651,0,0.362677,0,bias
0,2.56,3.06989,-1.40328,-0.637003,1.22106,-0.13883,12.5229,11.8982,12.5786,11.7202,-0.144432,0.130092,0.127593,0.0100416,0.000628651,0,0.362677,0,bias
0,2.58,3.0895,-1.41783,-0.63978,1.21519,-0.142233,12.4719,11.8318,12.2718,12.027,-0.133622,0.129888,0.127327,0.0100427,0.000628651,0,0.362677,0,bias
0,2.6,3.10898,-1.43237,-0.642625,1.20929,-0.145739,12.4208,11.7649,12.2718,11.7202,-0.150947,0.129683,0.12706,0.0100437,0.000628651,0,0.362677,0,bias
0,2.62,3.12832,-1.44689,-0.64554,1.20336,-0.149345,12.3696,11.6976,12.5786,11.7202,-0.132704,0.129478,0.12679,0.0100448,0.000628651,0,0.362677,0,bias
0,2.64,3.14752,-1.4614,-0.648526,1.19741,-0.153049,12.3184,11.6297,12.2718,11.7202,-0.14796,0.129274,0.126519,0.0100459,0.000628651,0,0.362677,0,bias
0,2.66,3.16659,-1.47589,-0.651587,1.19143,-0.156846,12.2672,11.5614,12.2718,11.7202,-0.17067,0.129069,0.126246,0.0100471,0.000628651,0,0.362677,0,bias
0,2.68,3.18551,-1.49037,-0.654724,1.18544,-0.160734,12.2161,11.4928,12.5786,11.4134,-0.150863,0.128864,0.125971,0.0100482,0.000628651,0,0.362677,0,bias
0,2.7,3.20429,-1.50484,-0.657939,1.17943,-0.16471,12.1649,11.4237,11.9651,11.7202,-0.167948,0.12866,0.125695,0.0100494,0.000628651,0,0.362677,0,bias
0,2.72,3.22293,-1.51929,-0.661233,1.17341,-0.168771,12.1139,11.3544,12.2718,11.4134,-0.157079,0.128455,0.125418,0.0100506,0.000628651,0,0.362677,0,bias
0,2.74,3.24143,-1.53374,-0.664609,1.16738,-0.172913,12.0629,11.2848,11.9651,11.1066,-0.179924,0.128252,0.125139,0.0100519,0.000628651,0,0.362677,0,bias
0,2.76,3.25978,-1.54817,-0.668067,1.16135,-0.177133,12.012,11.2149,11.9651,11.1066,-0.168765,0.128048,0.12486,0.0100531,0.000628651,0,0.362677,0,bias
0,2.78,3.27799,-1.56259,-0.67161,1.1553,-0.181428,11.9612,11.1448,11.9651,11.1066,-0.195777,0.127845,0.124579,0.0100544,0.000628651,0,0.362677,0,bias
0,2.8,3.29605,-1.577,-0.675238,1.14926,-0.185795,11.9106,11.0746,11.9651,11.4134,-0.188175,0.127643,0.124298,0.0100557,0.000628651,0,0.362677,0,bias
0,2.82,3.31397,-1.5914,-0.678954,1.14322,-0.190229,11.8602,11.0042,12.2718,11.1066,-0.201037,0.127441,0.124017,0.0100571,0.000628651,0,0.362677,0,bias
0,2.84,3.33174,-1.60579,-0.682759,1.13718,-0.194728,11.8099,10.9337,11.6583,11.1066,-0.203529,0.12724,0.123735,0.0100584,0.000628651,0,0.362677,0,bias
0,2.86,3.34935,-1.62018,-0.686653,1.13115,-0.199288,11.7599,10.8631,11.9651,10.7998,-0.189058,0.12704,0.123452,0.0100598,0.000628651,0,0.362677,0,bias
0,2.88,3.36682,-1.63455,-0.690639,1.12513,-0.203904,11.7101,10.7925,11.6583,10.7998,-0.192404,0.12684,0.12317,0.0100612,0.000628651,0,0.362677,0,bias
0,2.9,3.38414,-1.64892,-0.694717,1.11912,-0.208575,11.6605,10.7219,11.3515,10.7998,-0.208587,0.126642,0.122888,0.0100626,0.000628651,0,0.362677,0,bias
0,2.92,3.4013,-1.66329,-0.698888,1.11313,-0.213295,11.6112,10.6514,11.6583,10.7998,-0.201999,0.126445,0.122606,0.010064,0.000628651,0,0.362677,0,bias
0,2.94,3.41831,-1.67765,-0.703154,1.10716,-0.21806,11.5622,10.5809,11.6583,10.7998,-0.206554,0.126249,0.122324,0.0100654,0.000628651,0,0.362677,0,bias
0,2.96,3.43517,-1.692,-0.707516,1.10121,-0.222869,11.5135,10.5106,11.6583,10.493,-0.221168,0.126054,0.122042,0.0100669,0.000628651,0,0.362677,0,bias
0,2.98,3.45188,-1.70635,-0.711973,1.09528,-0.227715,11.4651,10.4404,11.6583,10.493,-0.224049,0.125861,0.121762,0.0100683,0.000628651,0,0.362677,0,bias
0,3,3.46843,-1.7207,-0.716527,1.08938,-0.232596,11.4171,10.3704,11.3515,10.493,-0.232991,0.125668,0.121482,0.0100698,0.000628651,0,0.362677,0,bias
0,3.02,3.48483,-1.73505,-0.721179,1.08351,-0.237508,11.3694,10.3007,11.3515,10.1862,-0.24586,0.125478,0.121203,0.0100713,0.000628651,0,0.362677,0,bias
0,3.04,3.50107,-1.7494,-0.725929,1.07767,-0.242446,11.3222,10.2312,11.3515,10.1862,-0.23389,0.125289,0.120925,0.0100727,0.000628651,0,0.362677,0,bias
0,3.06,3.51715,-1.76374,-0.730778,1.07186,-0.247407,11.2753,10.162,11.0447,9.87942,-0.257347,0.125101,0.120648,0.0100742,0.000628651,0,0.362677,0,bias
0,3.08,3.53308,-1.77809,-0.735726,1.0661,-0.252386,11.2288,10.0931,11.3515,10.1862,-0.248412,0.124915,0.120372,0.0100757,0.000628651,0,0.362677,0,bias
0,3.1,3.54885,-1.79244,-0.740774,1.06037,-0.25738,11.1828,10.0246,11.0447,10.1862,-0.259752,0.124731,0.120098,0.0100772,0.000628651,0,0.362677,0,bias
0,3.12,3.56446,-1.80679,-0.745922,1.05469,-0.262385,11.1372,9.95649,11.0447,9.57263,-0.270403,0.124549,0.119826,0.0100787,0.000628651,0,0.362677,0,bias
0,3.14,3.57992,-1.82115,-0.751169,1.04905,-0.267397,11.0921,9.88884,11.0447,10.1862,-0.265148,0.124369,0.119555,0.0100802,0.000628651,0,0.362677,0,bias
0,3.16,3.59522,-1.83551,-0.756517,1.04346,-0.272411,11.0475,9.82167,11.3515,9.87942,-0.27433,0.12419,0.119287,0.0100817,0.000628651,0,0.362677,0,bias
0,3.18,3.61035,-1.84988,-0.761966,1.03792,-0.277423,11.0034,9.755,10.4311,9.87942,-0.271278,0.124014,0.11902,0.0100832,0.000628651,0,0.362677,0,bias
0,3.2,3.62533,-1.86425,-0.767514,1.03244,-0.28243,10.9598,9.68888,11.0447,9.57263,-0.280852,0.123839,0.118756,0.0100847,0.000628651,0,0.362677,0,bias
0,3.22,3.64015,-1.87863,-0.773163,1.02701,-0.287428,10.9168,9.62334,10.7379,9.57263,-0.293992,0.123667,0.118493,0.0100862,0.000628651,0,0.362677,0,bias
0,3.24,3.65481,-1.89301,-0.778911,1.02163,-0.292411,10.8743,9.55842,10.7379,9.87942,-0.29176,0.123497,0.118234,0.0100877,0.000628651,0,0.362677,0,bias
0,3.26,3.66931,-1.90741,-0.784759,1.01632,-0.297377,10.8323,9.49414,10.7379,9.57263,-0.294553,0.123329,0.117977,0.0100892,0.000628651,0,0.362677,0,bias
0,3.28,3.68365,-1.92182,-0.790707,1.01108,-0.302321,10.791,9.43054,10.7379,9.57263,-0.320747,0.123164,0.117722,0.0100907,0.000628651,0,0.362677,0,bias
0,3.3,3.69783,-1.93623,-0.796753,1.00589,-0.307238,10.7502,9.36765,10.7379,9.57263,-0.320117,0.123001,0.117471,0.0100922,0.000628651,0,0.362677,0,bias
0,3.32,3.71185,-1.95066,-0.802898,1.00078,-0.312126,10.7101,9.30551,10.7379,9.57263,-0.306918,0.12284,0.117222,0.0100936,0.000628651,0,0.362677,0,bias
0,3.34,3.72571,-1.96511,-0.809141,0.995734,-0.316979,10.6705,9.24414,10.4311,9.26583,-0.30391,0.122682,0.116977,0.0100951,0.000628651,0,0.362677,0,bias
0,3.36,3.7394,-1.97956,-0.81548,0.990762,-0.321794,10.6317,9.18359,10.7379,9.26583,-0.316711,0.122527,0.116734,0.0100965,0.000628651,0,0.362677,0,bias
0,3.38,3.75294,-1.99403,-0.821916,0.985865,-0.326567,10.5934,9.12387,10.7379,8.95903,-0.328871,0.122374,0.116495,0.010098,0.000628651,0,0.362677,0,bias
0,3.4,3.76632,-2.00852,-0.828447,0.981044,-0.331294,10.5558,9.06502,10.4311,8.95903,-0.332013,0.122223,0.11626,0.0100994,0.000628651,0,0.362677,0,bias
0,3.42,3.77953,-2.02302,-0.835073,0.976301,-0.33597,10.5189,9.00708,10.7379,8.95903,-0.315881,0.122076,0.116028,0.0101008,0.000628651,0,0.362677,0,bias
0,3.44,3.79259,-2.03754,-0.841793,0.97164,-0.340592,10.4827,8.95007,10.7379,8.95903,-0.341388,0.121931,0.1158,0.0101022,0.000628651,0,0.362677,0,bias
0,3.46,3.80548,-2.05208,-0.848605,0.967061,-0.345156,10.4472,8.89401,10.4311,8.95903,-0.352015,0.121789,0.115576,0.0101035,0.000628651,0,0.362677,0,bias
0,3.48,3.81822,-2.06663,-0.855508,0.962568,-0.349657,10.4124,8.83895,10.4311,8.95903,-0.354196,0.12165,0.115356,0.0101049,0.000628651,0,0.362677,0,bias
0,3.5,3.83079,-2.08121,-0.862501,0.958161,-0.354093,10.3783,8.7849,10.7379,8.95903,-0.354501,0.121513,0.11514,0.0101062,0.000628651,0,0.362677,0,bias
0,3.52,3.84321,-2.09581,-0.869583,0.953843,-0.358458,10.345,8.7319,10.4311,8.95903,-0.354097,0.12138,0.114928,0.0101075,0.000628651,0,0.362677,0,bias
0,3.54,3.85546,-2.11043,-0.876752,0.949615,-0.36275,10.3123,8.67997,10.1243,8.95903,-0.353915,0.121249,0.11472,0.0101088,0.000628651,0,0.362677,0,bias
0,3.56,3.86756,-2.12507,-0.884007,0.94548,-0.366964,10.2805,8.62913,10.1243,8.65224,-0.362565,0.121122,0.114517,0.0101101,0.000628651,0,0.362677,0,bias
0,3.58,3.8795,-2.13974,-0.891346,0.941439,-0.371096,10.2494,8.57943,10.1243,8.34544,-0.37329,0.120997,0.114318,0.0101113,0.000628651,0,0.362677,0,bias
0,3.6,3.89127,-2.15443,-0.898768,0.937494,-0.375144,10.219,8.53087,10.1243,8.65224,-0.371659,0.120876,0.114123,0.0101125,0.000628651,0,0.362677,0,bias
0,3.62,3.90289,-2.16914,-0.906271,0.933647,-0.379102,10.1894,8.48349,10.4311,8.34544,-0.378702,0.120758,0.113934,0.0101137,0.000628651,0,0.362677,0,bias
0,3.64,3.91435,-2.18389,-0.913853,0.929898,-0.382969,10.1607,8.4373,10.1243,8.65224,-0.381166,0.120643,0.113749,0.0101149,0.000628651,0,0.362677,0,bias
0,3.66,3.92565,-2.19866,-0.921512,0.92625,-0.386739,10.1327,8.39234,10.1243,8.34544,-0.382489,0.120531,0.113569,0.010116,0.000628651,0,0.362677,0,bias
0,3.68,3.93679,-2.21346,-0.929247,0.922705,-0.39041,10.1055,8.34863,10.1243,8.34544,-0.388005,0.120422,0.113395,0.0101171,0.000628651,0,0.362677,0,bias
0,3.7,3.94778,-2.22828,-0.937055,0.919263,-0.393977,10.0791,8.30618,10.1243,8.03865,-0.383651,0.120316,0.113225,0.0101182,0.000628651,0,0.362677,0,bias
0,3.72,3.95861,-2.24314,-0.944935,0.915926,-0.397438,10.0535,8.26502,10.1243,8.34544,-0.400628,0.120214,0.11306,0.0101192,0.000628651,0,0.362677,0,bias
0,3.74,3.96928,-2.25803,-0.952884,0.912695,-0.40079,10.0287,8.22517,10.1243,8.34544,-0.40184,0.120115,0.112901,0.0101202,0.000628651,0,0.362677,0,bias
0,3.76,3.9798,-2.27295,-0.960899,0.909571,-0.404028,10.0048,8.18665,10.1243,8.34544,-0.397999,0.120019,0.112747,0.0101212,0.000628651,0,0.362677,0,bias
0,3.78,3.99016,-2.28791,-0.96898,0.906557,-0.407149,9.98165,8.14948,10.1243,8.03865,-0.398716,0.119927,0.112598,0.0101221,0.000628651,0,0.362677,0,bias
0,3.8,4.00036,-2.30289,-0.977123,0.903652,-0.410152,9.95936,8.11368,9.81748,8.34544,-0.419682,0.119837,0.112455,0.010123,0.000628651,0,0.362677,0,bias
0,3.82,4.01041,-2.31792,-0.985326,0.900859,-0.413031,9.93791,8.07927,9.81748,8.34544,-0.414388,0.119752,0.112317,0.0101239,0.000628651,0,0.362677,0,bias
0,3.84,4.0203,-2.33297,-0.993587,0.898177,-0.415785,9.91729,8.04626,9.81748,8.03865,-0.422137,0.119669,0.112185,0.0101247,0.000628651,0,0.362677,0,bias
0,3.86,4.03004,-2.34807,-1.0019,0.895609,-0.41841,9.89751,8.01466,10.1243,8.03865,-0.419306,0.11959,0.112059,0.0101255,0.000628651,0,0.362677,0,bias
0,3.88,4.03963,-2.3632,-1.01027,0.893154,-0.420903,9.87857,7.98451,9.81748,8.03865,-0.428399,0.119514,0.111938,0.0101263,0.000628651,0,0.362677,0,bias
0,3.9,4.04906,-2.37837,-1.01869,0.890815,-0.423262,9.86049,7.95581,9.81748,8.03865,-0.433069,0.119442,0.111823,0.010127,0.000628651,0,0.362677,0,bias
0,3.92,4.05834,-2.39358,-1.02715,0.888591,-0.425484,9.84324,7.92857,9.81748,7.73185,-0.430476,0.119373,0.111714,0.0101276,0.000628651,0,0.362677,0,bias
0,3.94,4.06747,-2.40882,-1.03566,0.886483,-0.427565,9.82685,7.90281,9.81748,7.73185,-0.420333,0.119307,0.111611,0.0101283,0.000628651,0,0.362677,0,bias
0,3.96,4.07644,-2.42411,-1.04421,0.884492,-0.429505,9.81131,7.87854,9.81748,7.73185,-0.444261,0.119245,0.111514,0.0101289,0.000628651,0,0.362677,0,bias
0,3.98,4.08527,-2.43944,-1.0528,0.882619,-0.431299,9.79662,7.85577,9.51068,8.03865,-0.442388,0.119186,0.111423,0.0101294,0.000628651,0,0.362677,0,bias
0,4,4.09394,-2.45482,-1.06143,0.880865,-0.432946,9.78278,7.83452,9.51068,7.73185,-0.409246,0.119131,0.111338,0.0101299,0.000628651,0,0.362677,0,bias
0,4.02,4.10247,-2.47024,-1.07009,0.879229,-0.434442,9.76978,7.81479,9.81748,8.03865,-0.431659,0.119079,0.111259,0.0101303,0.000628651,0,0.362677,0,bias
0,4.04,4.11084,-2.4857,-1.07878,0.877712,-0.435787,9.75764,7.7966,9.81748,7.73185,-0.43952,0.119031,0.111186,0.0101307,0.000628651,0,0.362677,0,bias
0,4.06,4.11907,-2.50121,-1.08749,0.876315,-0.436977,9.74635,7.77995,9.81748,7.73185,-0.438294,0.118985,0.11112,0.0101311,0.000628651,0,0.362677,0,bias
0,4.08,4.12714,-2.51676,-1.09623,0.875037,-0.438011,9.7359,7.76485,9.51068,7.73185,-0.445226,0.118944,0.111059,0.0101314,0.000628651,0,0.362677,0,bias
0,4.1,4.13507,-2.53236,-1.10499,0.87388,-0.438887,9.7263,7.75131,9.51068,7.73185,-0.433439,0.118905,0.111005,0.0101317,0.000628651,0,0.362677,0,bias
0,4.12,4.14285,-2.54801,-1.11377,0.872843,-0.439602,9.71754,7.73933,9.81748,8.03865,-0.437993,0.11887,0.110957,0.0101319,0.000628651,0,0.362677,0,bias
0,4.14,4.15049,-2.56371,-1.12256,0.871927,-0.440155,9.70961,7.72892,9.81748,8.03865,-0.446541,0.118838,0.110916,0.010132,0.000628651,0,0.362677,0,bias
0,4.16,4.15798,-2.57946,-1.13137,0.87113,-0.440544,9.70253,7.72008,9.51068,7.73185,-0.457771,0.11881,0.11088,0.0101322,0.000628651,0,0.362677,0,bias
0,4.18,4.16532,-2.59526,-1.14018,0.870455,-0.440768,9.69627,7.71282,9.51068,7.73185,-0.454528,0.118785,0.110851,0.0101322,0.000628651,0,0.362677,0,bias
0,4.2,4.17252,-2.61111,-1.14899,0.869899,-0.440824,9.69085,7.70714,9.81748,8.03865,-0.436533,0.118763,0.110829,0.0101322,0.000628651,0,0.362677,0,bias
0,4.22,4.17957,-2.62702,-1.15781,0.869464,-0.440712,9.68624,7.70304,9.81748,7.73185,-0.422525,0.118745,0.110812,0.0101322,0.000628651,0,0.362677,0,bias
0,4.24,4.18648,-2.64297,-1.16662,0.869149,-0.440431,9.68246,7.70052,9.81748,8.03865,-0.440452,0.11873,0.110802,0.0101321,0.000628651,0,0.362677,0,bias
0,4.26,4.19324,-2.65899,-1.17543,0.868954,-0.439978,9.67949,7.69959,9.51068,7.73185,-0.445487,0.118718,0.110798,0.010132,0.000628651,0,0.362677,0,bias
0,4.28,4.19987,-2.67505,-1.18423,0.868878,-0.439352,9.67733,7.70024,9.51068,7.73185,-0.461981,0.118709,0.110801,0.0101318,0.000628651,0,0.362677,0,bias
0,4.3,4.20635,-2.69118,-1.19302,0.868922,-0.438554,9.67596,7.70247,9.81748,7.73185,-0.439012,0.118704,0.11081,0.0101316,0.000628651,0,0.362677,0,bias
0,4.32,4.21268,-2.70736,-1.20179,0.869084,-0.437581,9.67539,7.70628,9.81748,7.73185,-0.442444,0.118702,0.110825,0.0101313,0.000628651,0,0.362677,0,bias
0,4.34,4.21888,-2.7236,-1.21054,0.869364,-0.436433,9.67561,7.71167,9.81748,7.73185,-0.425911,0.118702,0.110847,0.0101309,0.000628651,0,0.362677,0,bias
0,4.36,4.22494,-2.7399,-1.21927,0.869762,-0.435109,9.67661,7.71862,9.51068,7.73185,-0.441432,0.118706,0.110874,0.0101305,0.000628651,0,0.362677,0,bias
0,4.38,4.23086,-2.75625,-1.22797,0.870277,-0.433609,9.67839,7.72715,9.51068,7.73185,-0.439042,0.118714,0.110909,0.0101301,0.000628651,0,0.362677,0,bias
0,4.4,4.23664,-2.77267,-1.23664,0.870908,-0.431931,9.68092,7.73723,9.81748,8.03865,-0.448383,0.118724,0.110949,0.0101296,0.000628651,0,0.362677,0,bias
0,4.42,4.24228,-2.78915,-1.24528,0.871655,-0.430076,9.68422,7.74888,9.51068,8.03865,-0.430917,0.118737,0.110996,0.010129,0.000628651,0,0.362677,0,bias
0,4.44,4.24779,-2.80569,-1.25389,0.872516,-0.428044,9.68826,7.76206,9.81748,7.73185,-0.424059,0.118753,0.111048,0.0101284,0.000628651,0,0.362677,0,bias
0,4.46,4.25315,-2.8223,-1.26245,0.873492,-0.425833,9.69304,7.77679,9.81748,7.73185,-0.421851,0.118772,0.111107,0.0101277,0.000628651,0,0.362677,0,bias
0,4.48,4.25838,-2.83896,-1.27096,0.87458,-0.423444,9.69855,7.79305,9.51068,7.73185,-0.408645,0.118794,0.111172,0.010127,0.000628651,0,0.362677,0,bias
0,4.5,4.26348,-2.8557,-1.27943,0.875781,-0.420876,9.70478,7.81083,9.81748,7.73185,-0.420694,0.118819,0.111243,0.0101263,0.000628651,0,0.362677,0,bias
0,4.52,4.26844,-2.8725,-1.28785,0.877092,-0.418131,9.71171,7.83012,9.81748,7.73185,-0.427618,0.118847,0.11132,0.0101254,0.000628651,0,0.362677,0,bias
0,4.54,4.27327,-2.88936,-1.29621,0.878513,-0.415208,9.71935,7.85091,9.81748,8.03865,-0.40597,0.118877,0.111404,0.0101246,0.000628651,0,0.362677,0,bias
0,4.56,4.27796,-2.90629,-1.30452,0.880043,-0.412107,9.72767,7.87319,9.51068,8.03865,-0.407983,0.118911,0.111493,0.0101236,0.000628651,0,0.362677,0,bias
0,4.58,4.28252,-2.92329,-1.31276,0.881681,-0.408829,9.73667,7.89694,9.81748,8.03865,-0.416268,0.118947,0.111588,0.0101226,0.000628651,0,0.362677,0,bias
0,4.6,4.28695,-2.94036,-1.32093,0.883425,-0.405374,9.74634,7.92215,9.51068,7.73185,-0.388242,0.118985,0.111689,0.0101216,0.000628651,0,0.362677,0,bias
0,4.62,4.29125,-2.9575,-1.32904,0.885273,-0.401743,9.75665,7.94881,9.81748,8.03865,-0.404167,0.119027,0.111795,0.0101205,0.000628651,0,0.362677,0,bias
0,4.64,4.29542,-2.9747,-1.33708,0.887226,-0.397936,9.76761,7.9769,9.81748,8.03865,-0.410455,0.11907,0.111908,0.0101194,0.000628651,0,0.362677,0,bias
0,4.66,4.29946,-2.99198,-1.34504,0.88928,-0.393955,9.7792,8.0064,9.81748,8.03865,-0.418787,0.119117,0.112026,0.0101182,0.000628651,0,0.362677,0,bias
0,4.68,4.30337,-3.00933,-1.35291,0.891435,-0.3898,9.7914,8.0373,9.81748,8.03865,-0.384303,0.119166,0.112149,0.0101169,0.000628651,0,0.362677,0,bias
0,4.7,4.30716,-3.02675,-1.36071,0.89369,-0.385473,9.80421,8.06958,9.81748,8.03865,-0.386015,0.119217,0.112278,0.0101156,0.000628651,0,0.362677,0,bias
0,4.72,4.31082,-3.04425,-1.36842,0.896042,-0.380974,9.81761,8.10322,9.81748,8.03865,-0.384106,0.11927,0.112413,0.0101143,0.000628651,0,0.362677,0,bias
0,4.74,4.31436,-3.06182,-1.37604,0.898489,-0.376304,9.83158,8.13821,10.1243,8.03865,-0.37921,0.119326,0.112553,0.0101129,0.000628651,0,0.362677,0,bias
0,4.76,4.31777,-3.07946,-1.38357,0.901031,-0.371466,9.84611,8.17452,9.51068,8.34544,-0.362462,0.119384,0.112698,0.0101114,0.000628651,0,0.362677,0,bias
0,4.78,4.32106,-3.09718,-1.391,0.903666,-0.36646,9.8612,8.21213,9.81748,8.34544,-0.361375,0.119445,0.112849,0.0101099,0.000628651,0,0.362677,0,bias
0,4.8,4.32422,-3.11497,-1.39832,0.906392,-0.361287,9.87681,8.25102,9.81748,8.34544,-0.363361,0.119507,0.113004,0.0101084,0.000628651,0,0.362677,0,bias
0,4.82,4.32727,-3.13284,-1.40555,0.909206,-0.355951,9.89295,8.29117,10.1243,8.34544,-0.370102,0.119572,0.113165,0.0101068,0.000628651,0,0.362677,0,bias
0,4.84,4.3302,-3.15079,-1.41267,0.912108,-0.350451,9.90959,8.33256,10.1243,8.65224,-0.359525,0.119638,0.11333,0.0101051,0.000628651,0,0.362677,0,bias
0,4.86,4.33301,-3.16881,-1.41968,0.915094,-0.344791,9.92672,8.37516,9.81748,8.34544,-0.348008,0.119707,0.113501,0.0101034,0.000628651,0,0.362677,0,bias
0,4.88,4.3357,-3.18692,-1.42657,0.918164,-0.338972,9.94433,8.41895,9.81748,8.34544,-0.341148,0.119777,0.113676,0.0101017,0.000628651,0,0.362677,0,bias
0,4.9,4.33828,-3.2051,-1.43335,0.921315,-0.332995,9.96239,8.46391,9.81748,8.34544,-0.344346,0.11985,0.113856,0.0100999,0.000628651,0,0.362677,0,bias
0,4.92,4.34074,-3.22336,-1.44001,0.924546,-0.326864,9.9809,8.51001,9.81748,8.34544,-0.313922,0.119924,0.11404,0.0100981,0.000628651,0,0.362677,0,bias
0,4.94,4.34309,-3.2417,-1.44655,0.927853,-0.32058,9.99984,8.55723,10.1243,8.34544,-0.325977,0.119999,0.114229,0.0100962,0.000628651,0,0.362677,0,bias
0,4.96,4.34533,-3.26012,-1.45296,0.931236,-0.314146,10.0192,8.60553,9.81748,8.65224,-0.328122,0.120077,0.114422,0.0100942,0.000628651,0,0.362677,0,bias
0,4.98,4.34746,-3.27862,-1.45924,0.934691,-0.307563,10.0389,8.65489,10.1243,8.65224,-0.30221,0.120156,0.11462,0.0100923,0.000628651,0,0.362677,0,bias
0,5,4.34949,-3.29721,-1.4654,0.938217,-0.300835,10.059,8.70529,10.1243,8.95903,-0.318519,0.120236,0.114821,0.0100903,0.000628651,0,0.362677,0,bias
0,5.02,4.35141,-3.31587,-1.47141,0.941811,-0.293963,10.0795,8.7567,10.4311,8.95903,-0.287553,0.120318,0.115027,0.0100882,0.000628651,0,0.362677,0,bias
0,5.04,4.35322,-3.33462,-1.47729,0.945472,-0.286951,10.1004,8.80908,10.4311,8.95903,-0.278037,0.120401,0.115236,0.0100861,0.000628651,0,0.362677,0,bias
0,5.06,4.35493,-3.35345,-1.48303,0.949197,-0.279802,10.1215,8.86241,10.1243,8.95903,-0.277481,0.120486,0.11545,0.0100839,0.000628651,0,0.362677,0,bias
0,5.08,4.35654,-3.37237,-1.48863,0.952983,-0.272517,10.143,8.91666,10.1243,9.26583,-0.274961,0.120572,0.115667,0.0100818,0.000628651,0,0.362677,0,bias
0,5.1,4.35805,-3.39137,-1.49408,0.956828,-0.2651,10.1648,8.9718,10.1243,8.95903,-0.272088,0.120659,0.115887,0.0100795,0.000628651,0,0.362677,0,bias
0,5.12,4.35947,-3.41045,-1.49938,0.96073,-0.257554,10.1868,9.0278,10.1243,9.26583,-0.253355,0.120747,0.116111,0.0100773,0.000628651,0,0.362677,0,bias
0,5.14,4.36079,-3.42962,-1.50453,0.964686,-0.249882,10.2091,9.08463,9.81748,9.26583,-0.252782,0.120836,0.116339,0.010075,0.000628651,0,0.362677,0,bias
0,5.16,4.36202,-3.44888,-1.50953,0.968695,-0.242087,10.2316,9.14225,10.1243,9.26583,-0.235789,0.120927,0.116569,0.0100726,0.000628651,0,0.362677,0,bias
0,5.18,4.36316,-3.46822,-1.51437,0.972753,-0.234172,10.2544,9.20064,10.1243,9.57263,-0.245725,0.121018,0.116803,0.0100703,0.000628651,0,0.362677,0,bias
0,5.2,4.36421,-3.48764,-1.51905,0.976857,-0.22614,10.2774,9.25976,10.1243,9.26583,-0.211207,0.12111,0.117039,0.0100678,0.000628651,0,0.362677,0,bias
0,5.22,4.36518,-3.50716,-1.52358,0.981007,-0.217995,10.3006,9.31958,10.4311,9.26583,-0.217992,0.121202,0.117278,0.0100654,0.000628651,0,0.362677,0,bias
0,5.24,4.36606,-3.52676,-1.52794,0.985198,-0.20974,10.3239,9.38006,10.1243,9.26583,-0.215564,0.121296,0.11752,0.0100629,0.000628651,0,0.362677,0,bias
0,5.26,4.36687,-3.54644,-1.53213,0.989428,-0.201379,10.3474,9.44118,10.4311,9.57263,-0.211365,0.12139,0.117765,0.0100604,0.000628651,0,0.362677,0,bias
0,5.28,4.36759,-3.56622,-1.53616,0.993696,-0.192915,10.371,9.5029,10.4311,9.57263,-0.203166,0.121484,0.118012,0.0100579,0.000628651,0,0.362677,0,bias
0,5.3,4.36824,-3.58608,-1.54002,0.997997,-0.184351,10.3948,9.56518,10.4311,9.57263,-0.196704,0.121579,0.118261,0.0100553,0.000628651,0,0.362677,0,bias
0,5.32,4.36882,-3.60603,-1.5437,1.00233,-0.175691,10.4186,9.628,10.4311,9.57263,-0.168718,0.121674,0.118512,0.0100527,0.000628651,0,0.362677,0,bias
0,5.34,4.36933,-3.62607,-1.54722,1.00669,-0.16694,10.4425,9.69131,10.4311,9.87942,-0.169248,0.12177,0.118765,0.0100501,0.000628651,0,0.362677,0,bias
0,5.36,4.36977,-3.6462,-1.55056,1.01108,-0.1581,10.4665,9.75508,10.4311,9.87942,-0.157521,0.121866,0.11902,0.0100474,0.000628651,0,0.362677,0,bias
0,5.38,4.37014,-3.66642,-1.55372,1.01549,-0.149175,10.4906,9.81928,10.4311,9.87942,-0.141047,0.121962,0.119277,0.0100448,0.000628651,0,0.362677,0,bias
0,5.4,4.37046,-3.68673,-1.5567,1.01992,-0.140169,10.5146,9.88386,10.4311,10.1862,-0.145891,0.122059,0.119535,0.0100421,0.000628651,0,0.362677,0,bias
0,5.42,4.37072,-3.70713,-1.55951,1.02438,-0.131087,10.5387,9.94881,10.7379,9.87942,-0.128103,0.122155,0.119795,0.0100393,0.000628651,0,0.362677,0,bias
0,5.44,4.37092,-3.72761,-1.56213,1.02884,-0.121932,10.5628,10.0141,10.4311,10.1862,-0.119537,0.122251,0.120056,0.0100366,0.000628651,0,0.362677,0,bias
0,5.46,4.37108,-3.74819,-1.56457,1.03332,-0.112708,10.5868,10.0796,10.7379,9.87942,-0.117031,0.122347,0.120318,0.0100338,0.000628651,0,0.362677,0,bias
0,5.48,4.37118,-3.76885,-1.56682,1.03781,-0.103419,10.6108,10.1454,10.4311,10.1862,-0.109738,0.122443,0.120582,0.010031,0.000628651,0,0.362677,0,bias
0,5.5,4.37124,-3.78961,-1.56889,1.04231,-0.0940694,10.6347,10.2114,10.7379,10.1862,-0.0938517,0.122539,0.120846,0.0100282,0.000628651,0,0.362677,0,bias
0,5.52,4.37126,-3.81046,-1.57077,1.04681,-0.0846628,10.6586,10.2776,10.7379,10.493,-0.0752558,0.122634,0.12111,0.0100254,0.000628651,0,0.362677,0,bias
0,5.54,4.37125,-3.83139,-1.57246,1.05131,-0.0752036,10.6823,10.3439,10.4311,10.493,-0.0753174,0.122729,0.121376,0.0100226,0.000628651,0,0.362677,0,bias
0,5.56,4.3712,-3.85242,-1.57397,1.05582,-0.065696,10.706,10.4103,10.7379,10.493,-0.0652243,0.122824,0.121641,0.0100197,0.000628651,0,0.362677,0,bias
0,5.58,4.37112,-3.87353,-1.57528,1.06031,-0.056144,10.7295,10.4768,10.7379,10.493,-0.0647498,0.122918,0.121907,0.0100168,0.000628651,0,0.362677,0,bias
0,5.6,4.37101,-3.89474,-1.5764,1.06481,-0.046552,10.7528,10.5433,10.7379,10.493,-0.0455242,0.123011,0.122173,0.010014,0.000628651,0,0.362677,0,bias
0,5.62,4.37088,-3.91604,-1.57733,1.06929,-0.0369241,10.776,10.6098,10.7379,10.7998,-0.0293647,0.123104,0.122439,0.0100111,0.000628651,0,0.362677,0,bias
0,5.64,4.37073,-3.93742,-1.57807,1.07376,-0.0272647,10.799,10.6763,11.0447,11.1066,-0.0271617,0.123196,0.122705,0.0100082,0.000628651,0,0.362677,0,bias
0,5.66,4.37057,-3.9589,-1.57862,1.07822,-0.0175779,10.8218,10.7427,11.0447,10.7998,-0.0130063,0.123287,0.122971,0.0100053,0.000628651,0,0.362677,0,bias
0,5.68,4.3704,-3.98046,-1.57897,1.08266,-0.00786814,10.8444,10.8089,10.7379,10.7998,-0.000655378,0.123377,0.123236,0.0100024,0.000628651,0,0.362677,0,bias
0,5.7,4.37022,-4.00211,-1.57913,1.08709,0.00186036,10.8667,10.8751,10.7379,10.7998,0.0078424,0.123467,0.1235,0.0100006,0.000628651,0,0.362677,0,bias
0,5.72,4.37004,-4.02385,-1.57909,1.09149,0.0116033,10.8888,10.941,11.0447,10.7998,-0.0058357,0.123555,0.123764,0.0100035,0.000628651,0,0.362677,0,bias
0,5.74,4.36986,-4.04568,-1.57886,1.09586,0.0213563,10.9106,11.0067,10.7379,11.1066,0.0237358,0.123642,0.124027,0.0100064,0.000628651,0,0.362677,0,bias
0,5.76,4.36969,-4.0676,-1.57843,1.10021,0.031115,10.9321,11.0721,11.0447,11.4134,0.0415133,0.123728,0.124288,0.0100093,0.000628651,0,0.362677,0,bias
0,5.78,4.36953,-4.0896,-1.57781,1.10452,0.0408752,10.9533,11.1372,11.0447,11.1066,0.0380395,0.123813,0.124549,0.0100123,0.000628651,0,0.362677,0,bias
0,5.8,4.36938,-4.11169,-1.57699,1.10881,0.0506324,10.9742,11.202,11.0447,11.1066,0.0355107,0.123897,0.124808,0.0100152,0.000628651,0,0.362677,0,bias
0,5.82,4.36925,-4.13387,-1.57598,1.11306,0.0603825,10.9947,11.2664,11.0447,11.4134,0.0591189,0.123979,0.125066,0.0100181,0.000628651,0,0.362677,0,bias
0,5.84,4.36915,-4.15613,-1.57477,1.11727,0.0701209,11.0149,11.3304,11.0447,11.4134,0.065419,0.12406,0.125322,0.010021,0.000628651,0,0.362677,0,bias
0,5.86,4.36908,-4.17848,-1.57337,1.12144,0.0798435,11.0347,11.394,11.0447,11.4134,0.0781134,0.124139,0.125576,0.010024,0.000628651,0,0.362677,0,bias
0,5.88,4.36904,-4.2009,-1.57177,1.12556,0.089546,11.0542,11.4571,11.0447,11.7202,0.0944056,0.124217,0.125828,0.0100269,0.000628651,0,0.362677,0,bias
0,5.9,4.36904,-4.22342,-1.56998,1.12964,0.0992239,11.0732,11.5197,11.0447,11.4134,0.106692,0.124293,0.126079,0.0100298,0.000628651,0,0.362677,0,bias
0,5.92,4.36908,-4.24601,-1.568,1.13368,0.108873,11.0918,11.5817,11.0447,11.7202,0.107989,0.124367,0.126327,0.0100327,0.000628651,0,0.362677,0,bias
0,5.94,4.36917,-4.26868,-1.56582,1.13766,0.118489,11.11,11.6432,11.0447,11.7202,0.100222,0.12444,0.126573,0.0100355,0.000628651,0,0.362677,0,bias
0,5.96,4.36931,-4.29143,-1.56345,1.14159,0.128068,11.1277,11.704,11.0447,12.027,0.123111,0.124511,0.126816,0.0100384,0.000628651,0,0.362677,0,bias
0,5.98,4.3695,-4.31426,-1.56089,1.14546,0.137606,11.145,11.7642,11.3515,11.7202,0.1312,0.12458,0.127057,0.0100413,0.000628651,0,0.362677,0,bias
0,6,4.36976,-4.33717,-1.55814,1.14928,0.147098,11.1618,11.8237,11.3515,12.027,0.130131,0.124647,0.127295,0.0100441,0.000628651,0,0.362677,0,bias
0,6.02,4.37009,-4.36016,-1.55519,1.15303,0.15654,11.1781,11.8825,11.3515,11.7202,0.155381,0.124712,0.12753,0.010047,0.000628651,0,0.362677,0,bias
0,6.04,4.37048,-4.38321,-1.55206,1.15673,0.165928,11.1939,11.9406,11.3515,12.027,0.177802,0.124776,0.127762,0.0100498,0.000628651,0,0.362677,0,bias
0,6.06,4.37095,-4.40634,-1.54874,1.16035,0.175258,11.2092,11.9979,11.3515,11.7202,0.171137,0.124837,0.127991,0.0100526,0.000628651,0,0.362677,0,bias
0,6.08,4.37151,-4.42954,-1.54524,1.16391,0.184526,11.224,12.0543,11.3515,12.027,0.18298,0.124896,0.128217,0.0100554,0.000628651,0,0.362677,0,bias
0,6.1,4.37214,-4.45281,-1.54155,1.16741,0.193728,11.2382,12.1099,11.3515,12.3338,0.185096,0.124953,0.12844,0.0100581,0.000628651,0,0.362677,0,bias
0,6.12,4.37287,-4.47615,-1.53767,1.17083,0.202859,11.2518,12.1647,11.3515,12.027,0.191262,0.125007,0.128659,0.0100609,0.000628651,0,0.362677,0,bias
0,6.14,4.3737,-4.49955,-1.53362,1.17417,0.211917,11.2649,12.2185,11.0447,12.3338,0.212263,0.12506,0.128874,0.0100636,0.000628651,0,0.362677,0,bias
0,6.16,4.37462,-4.52302,-1.52938,1.17744,0.220896,11.2774,12.2715,11.3515,12.3338,0.219674,0.12511,0.129086,0.0100663,0.000628651,0,0.362677,0,bias
0,6.18,4.37564,-4.54654,-1.52496,1.18064,0.229794,11.2893,12.3234,11.0447,12.3338,0.22876,0.125157,0.129294,0.0100689,0.000628651,0,0.362677,0,bias
0,6.2,4.37678,-4.57013,-1.52036,1.18375,0.238607,11.3006,12.3744,11.0447,12.6406,0.264282,0.125203,0.129497,0.0100716,0.000628651,0,0.362677,0,bias
0,6.22,4.37803,-4.59377,-1.51559,1.18678,0.247329,11.3113,12.4243,11.3515,12.3338,0.245226,0.125245,0.129697,0.0100742,0.000628651,0,0.362677,0,bias
0,6.24,4.3794,-4.61747,-1.51065,1.18973,0.255959,11.3214,12.4732,11.0447,12.3338,0.2617,0.125286,0.129893,0.0100768,0.000628651,0,0.362677,0,bias
0,6.26,4.38089,-4.64121,-1.50553,1.19259,0.264492,11.3308,12.521,11.3515,12.3338,0.268136,0.125323,0.130084,0.0100793,0.000628651,0,0.362677,0,bias
0,6.28,4.38251,-4.66501,-1.50024,1.19537,0.272925,11.3396,12.5677,11.3515,12.9474,0.266489,0.125358,0.130271,0.0100819,0.000628651,0,0.362677,0,bias
0,6.3,4.38426,-4.68885,-1.49478,1.19805,0.281254,11.3477,12.6133,11.3515,12.6406,0.252355,0.125391,0.130453,0.0100844,0.000628651,0,0.362677,0,bias
0,6.32,4.38615,-4.71274,-1.48915,1.20065,0.289476,11.3551,12.6578,11.3515,12.6406,0.285471,0.125421,0.130631,0.0100868,0.000628651,0,0.362677,0,bias
0,6.34,4.38817,-4.73667,-1.48336,1.20315,0.297587,11.3619,12.701,11.0447,12.6406,0.29038,0.125448,0.130804,0.0100893,0.000628651,0,0.362677,0,bias
0,6.36,4.39035,-4.76063,-1.47741,1.20555,0.305584,11.368,12.7431,11.3515,12.6406,0.303364,0.125472,0.130972,0.0100917,0.000628651,0,0.362677,0,bias
0,6.38,4.39267,-4.78463,-1.4713,1.20786,0.313464,11.3734,12.7839,11.3515,12.9474,0.288394,0.125493,0.131136,0.010094,0.000628651,0,0.362677,0,bias
0,6.4,4.39514,-4.80866,-1.46503,1.21008,0.321224,11.378,12.8235,11.3515,12.9474,0.318201,0.125512,0.131294,0.0100964,0.000628651,0,0.362677,0,bias
0,6.42,4.39778,-4.83272,-1.45861,1.21219,0.32886,11.382,12.8618,11.0447,12.9474,0.332889,0.125528,0.131447,0.0100987,0.000628651,0,0.362677,0,bias
0,6.44,4.40057,-4.8568,-1.45203,1.2142,0.336369,11.3852,12.8989,11.3515,12.9474,0.329516,0.125541,0.131596,0.0101009,0.000628651,0,0.362677,0,bias
0,6.46,4.40353,-4.88091,-1.4453,1.21612,0.343749,11.3877,12.9346,11.3515,12.9474,0.324978,0.125551,0.131738,0.0101031,0.000628651,0,0.362677,0,bias
0,6.48,4.40665,-4.90503,-1.43843,1.21792,0.350997,11.3895,12.969,11.3515,12.9474,0.346501,0.125558,0.131876,0.0101053,0.000628651,0,0.362677,0,bias
0,6.5,4.40995,-4.92916,-1.43141,1.21963,0.358109,11.3905,13.002,11.3515,12.9474,0.3678,0.125562,0.132008,0.0101074,0.000628651,0,0.362677,0,bias
0,6.52,4.41343,-4.9533,-1.42425,1.22122,0.365083,11.3908,13.0337,11.6583,13.2542,0.351515,0.125563,0.132135,0.0101095,0.000628651,0,0.362677,0,bias
0,6.54,4.41708,-4.97745,-1.41694,1.22271,0.371917,11.3903,13.0639,11.0447,13.2542,0.373267,0.125561,0.132256,0.0101116,0.000628651,0,0.362677,0,bias
0,6.56,4.42092,-5.0016,-1.40951,1.22409,0.378608,11.3891,13.0928,11.3515,13.2542,0.37148,0.125556,0.132371,0.0101136,0.000628651,0,0.362677,0,bias
0,6.58,4.42494,-5.02575,-1.40193,1.22537,0.385153,11.3871,13.1203,11.3515,13.2542,0.389802,0.125548,0.132481,0.0101155,0.000628651,0,0.362677,0,bias
0,6.6,4.42916,-5.0499,-1.39423,1.22653,0.39155,11.3843,13.1463,11.0447,13.2542,0.390675,0.125537,0.132585,0.0101175,0.000628651,0,0.362677,0,bias
0,6.62,4.43356,-5.07403,-1.3864,1.22758,0.397796,11.3807,13.1708,11.3515,13.561,0.392953,0.125523,0.132683,0.0101193,0.000628651,0,0.362677,0,bias
0,6.64,4.43816,-5.09815,-1.37844,1.22852,0.40389,11.3764,13.1939,11.6583,13.2542,0.402191,0.125506,0.132776,0.0101212,0.000628651,0,0.362677,0,bias
0,6.66,4.44295,-5.12224,-1.37037,1.22934,0.40983,11.3713,13.2155,11.6583,13.2542,0.412403,0.125485,0.132862,0.0101229,0.000628651,0,0.362677,0,bias
0,6.68,4.44795,-5.14632,-1.36217,1.23005,0.415613,11.3654,13.2356,11.3515,13.2542,0.412297,0.125462,0.132943,0.0101247,0.000628651,0,0.362677,0,bias
0,6.7,4.45314,-5.17036,-1.35386,1.23065,0.421237,11.3587,13.2543,11.3515,13.2542,0.416357,0.125435,0.133017,0.0101264,0.000628651,0,0.362677,0,bias
0,6.72,4.45854,-5.19438,-1.34543,1.23113,0.426701,11.3512,13.2714,11.3515,13.2542,0.426962,0.125405,0.133085,0.010128,0.000628651,0,0.362677,0,bias
0,6.74,4.46414,-5.21835,-1.3369,1.23149,0.432003,11.3429,13.2869,11.3515,13.2542,0.421955,0.125372,0.133148,0.0101296,0.000628651,0,0.362677,0,bias
0,6.76,4.46996,-5.24229,-1.32826,1.23174,0.437141,11.3338,13.301,11.3515,13.561,0.441561,0.125335,0.133204,0.0101311,0.000628651,0,0.362677,0,bias
0,6.78,4.47598,-5.26617,-1.31951,1.23187,0.442114,11.324,13.3135,11.3515,13.561,0.430792,0.125296,0.133254,0.0101326,0.000628651,0,0.362677,0,bias
0,6.8,4.48221,-5.29001,-1.31067,1.23189,0.44692,11.3133,13.3244,11.3515,13.2542,0.44416,0.125253,0.133298,0.0101341,0.000628651,0,0.362677,0,bias
0,6.82,4.48865,-5.31379,-1.30173,1.23178,0.451558,11.3018,13.3338,11.3515,13.561,0.444259,0.125207,0.133335,0.0101355,0.000628651,0,0.362677,0,bias
0,6.84,4.49531,-5.33751,-1.2927,1.23156,0.456026,11.2895,13.3416,11.3515,13.561,0.441553,0.125158,0.133367,0.0101368,0.000628651,0,0.362677,0,bias
0,6.86,4.50218,-5.36116,-1.28358,1.23122,0.460325,11.2764,13.3479,11.3515,13.2542,0.452015,0.125106,0.133392,0.0101381,0.000628651,0,0.362677,0,bias
0,6.88,4.50926,-5.38475,-1.27438,1.23076,0.464451,11.2626,13.3526,11.3515,13.561,0.455832,0.12505,0.13341,0.0101393,0.000628651,0,0.362677,0,bias
0,6.9,4.51656,-5.40826,-1.26509,1.23018,0.468405,11.2479,13.3557,11.3515,13.561,0.456441,0.124991,0.133423,0.0101405,0.000628651,0,0.362677,0,bias
0,6.92,4.52408,-5.43168,-1.25572,1.22948,0.472186,11.2324,13.3572,11.3515,13.561,0.464094,0.12493,0.133429,0.0101417,0.000628651,0,0.362677,0,bias
0,6.94,4.53181,-5.45503,-1.24627,1.22866,0.475793,11.2161,13.3572,11.0447,13.561,0.471396,0.124864,0.133429,0.0101427,0.000628651,0,0.362677,0,bias
0,6.96,4.53975,-5.47828,-1.23676,1.22773,0.479225,11.199,13.3556,11.0447,13.561,0.479943,0.124796,0.133422,0.0101438,0.000628651,0,0.362677,0,bias
0,6.98,4.54791,-5.50144,-1.22717,1.22668,0.482482,11.1812,13.3523,11.3515,13.561,0.485048,0.124725,0.133409,0.0101447,0.000628651,0,0.362677,0,bias
0,7,4.55629,-5.5245,-1.21752,1.2255,0.485563,11.1625,13.3476,11.6583,13.2542,0.476535,0.12465,0.13339,0.0101457,0.000628651,0,0.362677,0,bias
0,7.02,4.56488,-5.54745,-1.20781,1.22421,0.488468,11.1431,13.3412,11.0447,13.561,0.477275,0.124572,0.133365,0.0101465,0.000628651,0,0.362677,0,bias
0,7.04,4.57369,-5.5703,-1.19804,1.22281,0.491198,11.1229,13.3332,11.0447,13.561,0.459382,0.124491,0.133333,0.0101474,0.000628651,0,0.362677,0,bias
0,7.06,4.5827,-5.59303,-1.18822,1.22128,0.493751,11.1019,13.3237,11.0447,13.561,0.488425,0.124407,0.133295,0.0101481,0.000628651,0,0.362677,0,bias
0,7.08,4.59193,-5.61564,-1.17835,1.21964,0.496127,11.0801,13.3126,10.7379,13.561,0.482441,0.12432,0.133251,0.0101488,0.000628651,0,0.362677,0,bias
0,7.1,4.60138,-5.63814,-1.16842,1.21788,0.498328,11.0575,13.3,11.0447,13.2542,0.4998,0.12423,0.1332,0.0101495,0.000628651,0,0.362677,0,bias
0,7.12,4.61103,-5.6605,-1.15846,1.216,0.500352,11.0342,13.2858,11.0447,13.2542,0.501564,0.124137,0.133143,0.0101501,0.000628651,0,0.362677,0,bias
0,7.14,4.62088,-5.68273,-1.14845,1.21401,0.502201,11.0101,13.27,11.0447,13.2542,0.478682,0.124041,0.13308,0.0101507,0.000628651,0,0.362677,0,bias
0,7.16,4.63095,-5.70483,-1.13841,1.2119,0.503875,10.9853,13.2527,11.0447,13.2542,0.482509,0.123941,0.133011,0.0101512,0.000628651,0,0.362677,0,bias
0,7.18,4.64121,-5.72679,-1.12833,1.20968,0.505373,10.9597,13.2339,11.0447,13.2542,0.507828,0.123839,0.132936,0.0101516,0.000628651,0,0.362677,0,bias
0,7.2,4.65168,-5.7486,-1.11822,1.20735,0.506698,10.9334,13.2136,10.7379,13.2542,0.512237,0.123734,0.132854,0.010152,0.000628651,0,0.362677,0,bias
0,7.22,4.66235,-5.77026,-1.10809,1.2049,0.507849,10.9064,13.1917,10.7379,13.2542,0.512343,0.123625,0.132767,0.0101524,0.000628651,0,0.362677,0,bias
0,7.24,4.67322,-5.79177,-1.09793,1.20235,0.508828,10.8786,13.1683,11.0447,13.2542,0.520082,0.123514,0.132673,0.0101526,0.000628651,0,0.362677,0,bias
0,7.26,4.68428,-5.81312,-1.08775,1.19968,0.509635,10.8501,13.1435,11.0447,13.561,0.516214,0.1234,0.132574,0.0101529,0.000628651,0,0.362677,0,bias
0,7.28,4.69553,-5.83431,-1.07756,1.1969,0.510272,10.8209,13.1171,10.7379,13.561,0.533564,0.123284,0.132468,0.0101531,0.000628651,0,0.362677,0,bias
0,7.3,4.70697,-5.85534,-1.06735,1.19401,0.510738,10.791,13.0893,10.7379,13.2542,0.517479,0.123164,0.132357,0.0101532,0.000628651,0,0.362677,0,bias
0,7.32,4.7186,-5.8762,-1.05714,1.19102,0.511037,10.7604,13.06,10.7379,13.2542,0.516618,0.123041,0.13224,0.0101533,0.000628651,0,0.362677,0,bias
0,7.34,4.73041,-5.89688,-1.04692,1.18792,0.511168,10.7291,13.0293,10.7379,13.2542,0.515247,0.122916,0.132117,0.0101534,0.000628651,0,0.362677,0,bias
0,7.36,4.7424,-5.91739,-1.0367,1.18472,0.511134,10.6971,12.9972,10.7379,13.2542,0.517297,0.122788,0.131989,0.0101533,0.000628651,0,0.362677,0,bias
0,7.38,4.75457,-5.93772,-1.02647,1.18141,0.510936,10.6645,12.9637,10.7379,13.2542,0.524023,0.122658,0.131855,0.0101533,0.000628651,0,0.362677,0,bias
0,7.4,4.76691,-5.95788,-1.01625,1.178,0.510576,10.6312,12.9288,10.7379,12.9474,0.498781,0.122525,0.131715,0.0101532,0.000628651,0,0.362677,0,bias
0,7.42,4.77941,-5.97784,-1.00604,1.17449,0.510054,10.5973,12.8925,10.7379,12.9474,0.500286,0.122389,0.13157,0.010153,0.000628651,0,0.362677,0,bias
0,7.44,4.79209,-5.99762,-0.995842,1.17088,0.509374,10.5627,12.8549,10.7379,12.9474,0.514797,0.122251,0.131419,0.0101528,0.000628651,0,0.362677,0,bias
0,7.46,4.80492,-6.01721,-0.985654,1.16717,0.508536,10.5275,12.8159,10.4311,12.9474,0.510625,0.12211,0.131264,0.0101526,0.000628651,0,0.362677,0,bias
0,7.48,4.81791,-6.0366,-0.975484,1.16337,0.507544,10.4917,12.7756,10.7379,12.9474,0.50985,0.121967,0.131103,0.0101523,0.000628651,0,0.362677,0,bias
0,7.5,4.83106,-6.0558,-0.965333,1.15947,0.506398,10.4553,12.7341,10.4311,12.9474,0.515433,0.121821,0.130936,0.0101519,0.000628651,0,0.362677,0,bias
0,7.52,4.84435,-6.0748,-0.955205,1.15548,0.505101,10.4183,12.6912,10.4311,12.6406,0.516142,0.121673,0.130765,0.0101515,0.000628651,0,0.362677,0,bias
0,7.54,4.85779,-6.0936,-0.945103,1.15139,0.503656,10.3807,12.6472,10.4311,12.9474,0.497205,0.121523,0.130589,0.0101511,0.000628651,0,0.362677,0,bias
0,7.56,4.87137,-6.11219,-0.93503,1.14722,0.502065,10.3426,12.6019,10.4311,12.6406,0.504006,0.12137,0.130407,0.0101506,0.000628651,0,0.362677,0,bias
0,7.58,4.88509,-6.13059,-0.924988,1.14296,0.500329,10.3039,12.5553,10.1243,12.6406,0.495207,0.121215,0.130221,0.0101501,0.000628651,0,0.362677,0,bias
0,7.6,4.89894,-6.14877,-0.914982,1.13862,0.498452,10.2646,12.5077,10.1243,12.3338,0.507978,0.121059,0.130031,0.0101495,0.000628651,0,0.362677,0,bias
0,7.62,4.91291,-6.16675,-0.905013,1.13419,0.496436,10.2249,12.4588,10.4311,12.3338,0.483062,0.1209,0.129835,0.0101489,0.000628651,0,0.362677,0,bias
0,7.64,4.92701,-6.18452,-0.895084,1.12968,0.494284,10.1846,12.4089,10.1243,12.6406,0.501261,0.120738,0.129636,0.0101483,0.000628651,0,0.362677,0,bias
0,7.66,4.94123,-6.20208,-0.885198,1.12508,0.491998,10.1438,12.3578,10.1243,12.6406,0.482058,0.120575,0.129431,0.0101476,0.000628651,0,0.362677,0,bias
0,7.68,4.95556,-6.21943,-0.875358,1.12042,0.489582,10.1026,12.3057,10.1243,12.3338,0.489237,0.12041,0.129223,0.0101469,0.000628651,0,0.362677,0,bias
0,7.7,4.97,-6.23656,-0.865567,1.11567,0.487038,10.0609,12.2525,10.1243,12.027,0.494476,0.120244,0.12901,0.0101461,0.000628651,0,0.362677,0,bias
0,7.72,4.98455,-6.25348,-0.855826,1.11085,0.484368,10.0187,12.1984,10.1243,12.027,0.491088,0.120075,0.128793,0.0101453,0.000628651,0,0.362677,0,bias
0,7.74,4.9992,-6.27019,-0.846138,1.10596,0.481577,9.97609,12.1432,10.1243,12.3338,0.491794,0.119904,0.128573,0.0101445,0.000628651,0,0.362677,0,bias
0,7.76,5.01394,-6.28668,-0.836507,1.10101,0.478667,9.93306,12.0871,9.81748,12.3338,0.486233,0.119732,0.128348,0.0101436,0.000628651,0,0.362677,0,bias
0,7.78,5.02877,-6.30295,-0.826934,1.09598,0.475642,9.88961,12.03,10.1243,12.3338,0.482952,0.119558,0.12812,0.0101427,0.000628651,0,0.362677,0,bias
0,7.8,5.04369,-6.31901,-0.817421,1.09089,0.472504,9.84577,11.972,9.81748,12.3338,0.461902,0.119383,0.127888,0.0101418,0.000628651,0,0.362677,0,bias
0,7.82,5.05869,-6.33485,-0.807971,1.08574,0.469257,9.80156,11.9132,9.81748,11.7202,0.468843,0.119206,0.127653,0.0101408,0.000628651,0,0.362677,0,bias
0,7.84,5.07377,-6.35048,-0.798586,1.08053,0.465904,9.75698,11.8535,9.81748,12.027,0.471232,0.119028,0.127414,0.0101398,0.000628651,0,0.362677,0,bias
0,7.86,5.08892,-6.36589,-0.789267,1.07526,0.462448,9.71205,11.7931,9.51068,11.7202,0.456961,0.118848,0.127172,0.0101387,0.000628651,0,0.362677,0,bias
0,7.88,5.10414,-6.38109,-0.780019,1.06993,0.458893,9.6668,11.7318,9.81748,11.7202,0.468286,0.118667,0.126927,0.0101377,0.000628651,0,0.362677,0,bias
0,7.9,5.11942,-6.39607,-0.770841,1.06455,0.455243,9.62124,11.6698,9.51068,11.7202,0.471195,0.118485,0.126679,0.0101366,0.000628651,0,0.362677,0,bias
0,7.92,5.13476,-6.41083,-0.761736,1.05913,0.451501,9.57538,11.6071,9.51068,12.027,0.437844,0.118302,0.126429,0.0101355,0.000628651,0,0.362677,0,bias
0,7.94,5.15015,-6.42538,-0.752706,1.05365,0.44767,9.52924,11.5438,9.51068,11.4134,0.440731,0.118117,0.126175,0.0101343,0.000628651,0,0.362677,0,bias
0,7.96,5.1656,-6.43972,-0.743752,1.04813,0.443755,9.48284,11.4797,9.51068,11.7202,0.447492,0.117931,0.125919,0.0101331,0.000628651,0,0.362677,0,bias
0,7.98,5.18109,-6.45384,-0.734877,1.04257,0.439759,9.4362,11.4151,9.51068,11.4134,0.426944,0.117745,0.12566,0.0101319,0.000628651,0,0.362677,0,bias
0,8,5.19662,-6.46775,-0.726082,1.03696,0.435685,9.38933,11.3499,9.51068,11.7202,0.432624,0.117557,0.1254,0.0101307,0.000628651,0,0.362677,0,bias
0,8.02,5.21219,-6.48146,-0.717368,1.03132,0.431537,9.34225,11.2842,9.20388,11.1066,0.425271,0.117369,0.125137,0.0101295,0.000628651,0,0.362677,0,bias
0,8.04,5.22779,-6.49495,-0.708738,1.02564,0.42732,9.29498,11.2179,9.51068,11.1066,0.417436,0.11718,0.124872,0.0101282,0.000628651,0,0.362677,0,bias
0,8.06,5.24342,-6.50823,-0.700191,1.01994,0.423037,9.24753,11.1512,9.20388,11.1066,0.426355,0.11699,0.124605,0.0101269,0.000628651,0,0.362677,0,bias
0,8.08,5.25907,-6.52131,-0.69173,1.0142,0.418691,9.19993,11.084,9.20388,11.1066,0.417416,0.1168,0.124336,0.0101256,0.000628651,0,0.362677,0,bias
0,8.1,5.27475,-6.53418,-0.683357,1.00843,0.414288,9.1522,11.0165,9.20388,11.1066,0.42049,0.116609,0.124066,0.0101243,0.000628651,0,0.362677,0,bias
0,8.12,5.29044,-6.54685,-0.675071,1.00265,0.40983,9.10434,10.9486,9.20388,10.7998,0.402375,0.116417,0.123794,0.0101229,0.000628651,0,0.362677,0,bias
0,8.14,5.30615,-6.55932,-0.666874,0.996836,0.405322,9.05638,10.8803,9.20388,10.7998,0.408507,0.116226,0.123521,0.0101216,0.000628651,0,0.362677,0,bias
0,8.16,5.32186,-6.57159,-0.658768,0.991007,0.400767,9.00834,10.8118,8.89709,10.7998,0.412725,0.116033,0.123247,0.0101202,0.000628651,0,0.362677,0,bias
0,8.18,5.33758,-6.58366,-0.650753,0.985162,0.39617,8.96024,10.743,8.89709,11.1066,0.387295,0.115841,0.122972,0.0101189,0.000628651,0,0.362677,0,bias
0,8.2,5.35331,-6.59553,-0.642829,0.979305,0.391535,8.91209,10.674,8.89709,10.7998,0.361861,0.115648,0.122696,0.0101175,0.000628651,0,0.362677,0,bias
0,8.22,5.36903,-6.60721,-0.634998,0.973436,0.386865,8.86392,10.6048,8.89709,10.7998,0.395364,0.115456,0.122419,0.0101161,0.000628651,0,0.362677,0,bias
0,8.24,5.38475,-6.6187,-0.627261,0.96756,0.382164,8.81573,10.5355,8.89709,10.493,0.369613,0.115263,0.122142,0.0101146,0.000628651,0,0.362677,0,bias
0,8.26,5.40046,-6.63,-0.619618,0.96168,0.377438,8.76756,10.466,8.89709,10.1862,0.367799,0.11507,0.121864,0.0101132,0.000628651,0,0.362677,0,bias
0,8.28,5.41616,-6.64111,-0.612069,0.955797,0.372689,8.71942,10.3965,8.89709,10.493,0.369643,0.114878,0.121586,0.0101118,0.000628651,0,0.362677,0,bias
0,8.3,5.43184,-6.65203,-0.604615,0.949915,0.367922,8.67132,10.327,8.59029,10.7998,0.379017,0.114685,0.121308,0.0101104,0.000628651,0,0.362677,0,bias
0,8.32,5.44751,-6.66278,-0.597257,0.944036,0.36314,8.6233,10.2574,8.59029,10.493,0.362871,0.114493,0.12103,0.0101089,0.000628651,0,0.362677,0,bias
0,8.34,5.46316,-6.67334,-0.589994,0.938164,0.358349,8.57535,10.1879,8.59029,10.1862,0.349498,0.114301,0.120752,0.0101075,0.000628651,0,0.362677,0,bias
0,8.36,5.47879,-6.68372,-0.582827,0.932301,0.353551,8.52752,10.1185,8.59029,10.1862,0.346284,0.11411,0.120474,0.0101061,0.000628651,0,0.362677,0,bias
0,8.38,5.4944,-6.69393,-0.575756,0.926449,0.348751,8.4798,10.0492,8.59029,9.87942,0.335039,0.113919,0.120197,0.0101046,0.000628651,0,0.362677,0,bias
0,8.4,5.50997,-6.70396,-0.568781,0.920612,0.343953,8.43223,9.98002,8.59029,9.87942,0.336987,0.113729,0.11992,0.0101032,0.000628651,0,0.362677,0,bias
0,8.42,5.52552,-6.71382,-0.561902,0.914793,0.339161,8.38482,9.91104,8.2835,9.87942,0.328502,0.113539,0.119644,0.0101017,0.000628651,0,0.362677,0,bias
0,8.44,5.54104,-6.72352,-0.555119,0.908994,0.334379,8.33759,9.84229,8.2835,9.87942,0.325456,0.11335,0.119369,0.0101003,0.000628651,0,0.362677,0,bias
0,8.46,5.55652,-6.73305,-0.548431,0.903218,0.329611,8.29055,9.77381,8.2835,9.87942,0.317289,0.113162,0.119095,0.0100989,0.000628651,0,0.362677,0,bias
0,8.48,5.57196,-6.74242,-0.541839,0.897468,0.324861,8.24374,9.70561,8.2835,9.87942,0.331661,0.112975,0.118822,0.0100975,0.000628651,0,0.362677,0,bias
0,8.5,5.58737,-6.75162,-0.535342,0.891746,0.320132,8.19716,9.63776,8.2835,9.57263,0.312705,0.112789,0.118551,0.010096,0.000628651,0,0.362677,0,bias
0,8.52,5.60274,-6.76067,-0.528939,0.886055,0.31543,8.15084,9.57027,8.2835,9.57263,0.315538,0.112603,0.118281,0.0100946,0.000628651,0,0.362677,0,bias
0,8.54,5.61807,-6.76957,-0.52263,0.880399,0.310756,8.10479,9.50319,7.9767,9.26583,0.312959,0.112419,0.118013,0.0100932,0.000628651,0,0.362677,0,bias
0,8.56,5.63335,-6.77831,-0.516415,0.874779,0.306117,8.05903,9.43655,7.9767,9.57263,0.313517,0.112236,0.117746,0.0100918,0.000628651,0,0.362677,0,bias
0,8.58,5.64859,-6.7869,-0.510293,0.869198,0.301514,8.01358,9.37039,7.9767,9.57263,0.324897,0.112054,0.117482,0.0100905,0.000628651,0,0.362677,0,bias
0,8.6,5.66379,-6.79535,-0.504263,0.86366,0.296953,7.96846,9.30474,7.9767,9.26583,0.289325,0.111874,0.117219,0.0100891,0.000628651,0,0.362677,0,bias
0,8.62,5.67894,-6.80365,-0.498324,0.858166,0.292436,7.92368,9.23964,8.2835,9.26583,0.292619,0.111695,0.116959,0.0100877,0.000628651,0,0.362677,0,bias
0,8.64,5.69404,-6.81181,-0.492475,0.85272,0.287968,7.87927,9.17513,7.9767,9.57263,0.288045,0.111517,0.116701,0.0100864,0.000628651,0,0.362677,0,bias
0,8.66,5.70909,-6.81983,-0.486716,0.847324,0.283552,7.83525,9.11123,7.9767,8.95903,0.27502,0.111341,0.116445,0.0100851,0.000628651,0,0.362677,0,bias
0,8.68,5.72409,-6.82771,-0.481045,0.84198,0.279192,7.79162,9.04798,7.6699,8.95903,0.27656,0.111166,0.116192,0.0100838,0.000628651,0,0.362677,0,bias
0,8.7,5.73904,-6.83546,-0.475461,0.836692,0.274891,7.74841,8.98542,7.6699,9.26583,0.280202,0.110994,0.115942,0.0100825,0.000628651,0,0.362677,0,bias
0,8.72,5.75394,-6.84308,-0.469963,0.831461,0.270653,7.70564,8.92358,7.6699,8.95903,0.269549,0.110823,0.115694,0.0100812,0.000628651,0,0.362677,0,bias
0,8.74,5.76878,-6.85057,-0.46455,0.82629,0.266482,7.66332,8.86249,7.6699,8.95903,0.265845,0.110653,0.11545,0.0100799,0.000628651,0,0.362677,0,bias
0,8.76,5.78358,-6.85793,-0.45922,0.821183,0.262381,7.62147,8.80218,7.36311,8.95903,0.264209,0.110486,0.115209,0.0100787,0.000628651,0,0.362677,0,bias
0,8.78,5.79832,-6.86517,-0.453973,0.81614,0.258352,7.58011,8.7427,7.6699,8.95903,0.265663,0.11032,0.114971,0.0100775,0.000628651,0,0.362677,0,bias
0,8.8,5.81301,-6.8723,-0.448806,0.811166,0.254401,7.53925,8.68406,7.6699,8.95903,0.258207,0.110157,0.114736,0.0100763,0.000628651,0,0.362677,0,bias
0,8.82,5.82764,-6.8793,-0.443718,0.806261,0.250529,7.49892,8.6263,7.6699,8.34544,0.254384,0.109996,0.114505,0.0100752,0.000628651,0,0.362677,0,bias
0,8.84,5.84222,-6.88618,-0.438707,0.801429,0.24674,7.45912,8.56945,7.36311,8.34544,0.243023,0.109836,0.114278,0.010074,0.000628651,0,0.362677,0,bias
0,8.86,5.85675,-6.89296,-0.433772,0.796671,0.243037,7.41988,8.51355,7.6699,8.34544,0.25669,0.10968,0.114054,0.0100729,0.000628651,0,0.362677,0,bias
0,8.88,5.87122,-6.89962,-0.428911,0.791991,0.239424,7.38121,8.45862,7.36311,8.34544,0.238619,0.109525,0.113834,0.0100718,0.000628651,0,0.362677,0,bias
0,8.9,5.88565,-6.90617,-0.424123,0.787391,0.235902,7.34313,8.40469,7.36311,8.34544,0.257083,0.109373,0.113619,0.0100708,0.000628651,0,0.362677,0,bias
0,8.92,5.90001,-6.91262,-0.419405,0.782871,0.232476,7.30564,8.35179,7.36311,8.34544,0.245398,0.109223,0.113407,0.0100697,0.000628651,0,0.362677,0,bias
0,8.94,5.91433,-6.91896,-0.414755,0.778436,0.229148,7.26878,8.29994,7.36311,8.65224,0.240308,0.109075,0.1132,0.0100687,0.000628651,0,0.362677,0,bias
0,8.96,5.92859,-6.9252,-0.410172,0.774087,0.22592,7.23255,8.24919,7.36311,8.03865,0.221788,0.10893,0.112997,0.0100678,0.000628651,0,0.362677,0,bias
0,8.98,5.9428,-6.93134,-0.405654,0.769826,0.222796,7.19697,8.19955,7.36311,8.34544,0.20276,0.108788,0.112798,0.0100668,0.000628651,0,0.362677,0,bias
0,9,5.95696,-6.93739,-0.401198,0.765655,0.219778,7.16205,8.15105,7.36311,8.34544,0.235144,0.108648,0.112604,0.0100659,0.000628651,0,0.362677,0,bias
0,9.02,5.97107,-6.94334,-0.396803,0.761576,0.216869,7.12781,8.10372,7.05631,8.34544,0.196094,0.108511,0.112415,0.0100651,0.000628651,0,0.362677,0,bias
0,9.04,5.98513,-6.94919,-0.392465,0.757592,0.214071,7.09426,8.05758,7.36311,8.03865,0.218831,0.108377,0.11223,0.0100642,0.000628651,0,0.362677,0,bias
0,9.06,5.99915,-6.95496,-0.388184,0.753704,0.211386,7.06142,8.01266,7.05631,8.34544,0.215476,0.108246,0.112051,0.0100634,0.000628651,0,0.362677,0,bias
0,9.08,6.01311,-6.96063,-0.383956,0.749914,0.208818,7.0293,7.96898,6.74952,8.03865,0.206746,0.108117,0.111876,0.0100626,0.000628651,0,0.362677,0,bias
0,9.1,6.02703,-6.96622,-0.37978,0.746224,0.206367,6.99791,7.92656,7.05631,8.03865,0.213657,0.107992,0.111706,0.0100619,0.000628651,0,0.362677,0,bias
0,9.12,6.0409,-6.97173,-0.375652,0.742635,0.204036,6.96727,7.88543,7.05631,8.03865,0.200753,0.107869,0.111542,0.0100612,0.000628651,0,0.362677,0,bias
0,9.14,6.05473,-6.97715,-0.371572,0.739151,0.201828,6.93739,7.84562,7.05631,7.73185,0.205293,0.10775,0.111382,0.0100605,0.000628651,0,0.362677,0,bias
0,9.16,6.06851,-6.98249,-0.367535,0.735771,0.199744,6.90829,7.80713,7.05631,7.73185,0.203158,0.107633,0.111229,0.0100599,0.000628651,0,0.362677,0,bias
0,9.18,6.08226,-6.98775,-0.36354,0.732498,0.197786,6.87996,7.77,7.05631,7.73185,0.196994,0.10752,0.11108,0.0100593,0.000628651,0,0.362677,0,bias
0,9.2,6.09596,-6.99293,-0.359584,0.729334,0.195956,6.85244,7.73424,6.74952,7.73185,0.211703,0.10741,0.110937,0.0100588,0.000628651,0,0.362677,0,bias
0,9.22,6.10962,-6.99803,-0.355665,0.72628,0.194256,6.82573,7.69988,6.74952,7.73185,0.188772,0.107303,0.1108,0.0100583,0.000628651,0,0.362677,0,bias
0,9.24,6.12325,-7.00307,-0.35178,0.723338,0.192687,6.79983,7.66692,7.05631,7.73185,0.201814,0.107199,0.110668,0.0100578,0.000628651,0,0.362677,0,bias
0,9.26,6.13684,-7.00803,-0.347926,0.720508,0.19125,6.77477,7.6354,6.74952,8.03865,0.205067,0.107099,0.110542,0.0100574,0.000628651,0,0.362677,0,bias
0,9.28,6.1504,-7.01291,-0.344101,0.717794,0.189948,6.75055,7.60532,6.74952,7.42505,0.204954,0.107002,0.110421,0.010057,0.000628651,0,0.362677,0,bias
0,9.3,6.16392,-7.01773,-0.340302,0.715194,0.188781,6.72719,7.5767,6.74952,7.42505,0.196904,0.106909,0.110307,0.0100566,0.000628651,0,0.362677,0,bias
0,9.32,6.17741,-7.02248,-0.336527,0.712712,0.18775,6.70469,7.54956,6.74952,7.42505,0.172195,0.106819,0.110198,0.0100563,0.000628651,0,0.362677,0,bias
0,9.34,6.19088,-7.02716,-0.332772,0.710349,0.186857,6.68306,7.52392,6.74952,7.73185,0.192459,0.106732,0.110096,0.0100561,0.000628651,0,0.362677,0,bias
0,9.36,6.20431,-7.03178,-0.329035,0.708105,0.186103,6.66231,7.49978,6.74952,7.73185,0.19261,0.106649,0.109999,0.0100558,0.000628651,0,0.362677,0,bias
0,9.38,6.21772,-7.03633,-0.325313,0.705981,0.185489,6.64246,7.47716,6.74952,7.42505,0.185771,0.10657,0.109909,0.0100556,0.000628651,0,0.362677,0,bias
0,9.4,6.23111,-7.04081,-0.321603,0.703979,0.185015,6.62351,7.45608,6.44272,7.42505,0.18472,0.106494,0.109824,0.0100555,0.000628651,0,0.362677,0,bias
0,9.42,6.24448,-7.04524,-0.317903,0.7021,0.184682,6.60546,7.43653,6.74952,7.73185,0.174399,0.106422,0.109746,0.0100554,0.000628651,0,0.362677,0,bias
0,9.44,6.25782,-7.04961,-0.314209,0.700344,0.184491,6.58834,7.41855,6.74952,7.42505,0.190422,0.106353,0.109674,0.0100553,0.000628651,0,0.362677,0,bias
0,9.46,6.27115,-7.05391,-0.310519,0.698713,0.184443,6.57214,7.40213,6.74952,7.42505,0.175346,0.106289,0.109609,0.0100553,0.000628651,0,0.362677,0,bias
0,9.48,6.28447,-7.05815,-0.30683,0.697208,0.184537,6.55687,7.38729,6.74952,7.42505,0.180003,0.106227,0.109549,0.0100554,0.000628651,0,0.362677,0,bias
0,9.5,6.29777,-7.06234,-0.303139,0.695828,0.184774,6.54254,7.37402,6.74952,7.42505,0.179029,0.10617,0.109496,0.0100554,0.000628651,0,0.362677,0,bias
0,9.52,6.31106,-7.06647,-0.299444,0.694575,0.185155,6.52916,7.36235,6.44272,7.42505,0.172036,0.106117,0.109449,0.0100555,0.000628651,0,0.362677,0,bias
0,9.54,6.32434,-7.07055,-0.295741,0.69345,0.185679,6.51672,7.35228,6.44272,7.73185,0.206444,0.106067,0.109409,0.0100557,0.000628651,0,0.362677,0,bias
0,9.56,6.33761,-7.07456,-0.292027,0.692453,0.186346,6.50525,7.34381,6.44272,7.42505,0.188307,0.106021,0.109375,0.0100559,0.000628651,0,0.362677,0,bias
0,9.58,6.35088,-7.07852,-0.2883,0.691584,0.187156,6.49474,7.33694,6.44272,7.42505,0.196354,0.105979,0.109348,0.0100561,0.000628651,0,0.362677,0,bias
0,9.6,6.36415,-7.08243,-0.284557,0.690845,0.18811,6.4852,7.33169,6.44272,7.42505,0.177435,0.105941,0.109327,0.0100564,0.000628651,0,0.362677,0,bias
0,9.62,6.37742,-7.08629,-0.280795,0.690234,0.189206,6.47663,7.32806,6.44272,7.42505,0.194895,0.105907,0.109312,0.0100568,0.000628651,0,0.362677,0,bias
0,9.64,6.39069,-7.09009,-0.277011,0.689754,0.190445,6.46904,7.32604,6.44272,7.42505,0.166906,0.105876,0.109304,0.0100571,0.000628651,0,0.362677,0,bias
0,9.66,6.40397,-7.09383,-0.273202,0.689404,0.191825,6.46243,7.32564,6.44272,7.42505,0.203659,0.10585,0.109303,0.0100575,0.000628651,0,0.362677,0,bias
0,9.68,6.41725,-7.09753,-0.269366,0.689183,0.193347,6.4568,7.32687,6.44272,7.42505,0.188535,0.105827,0.109307,0.010058,0.000628651,0,0.362677,0,bias
0,9.7,6.43054,-7.10117,-0.265499,0.689094,0.19501,6.45217,7.32971,6.44272,7.11826,0.206655,0.105809,0.109319,0.0100585,0.000628651,0,0.362677,0,bias
0,9.72,6.44385,-7.10476,-0.261598,0.689134,0.196812,6.44852,7.33417,6.44272,7.11826,0.208118,0.105794,0.109337,0.010059,0.000628651,0,0.362677,0,bias
0,9.74,6.45717,-7.1083,-0.257662,0.689306,0.198752,6.44586,7.34025,6.74952,7.42505,0.211581,0.105783,0.109361,0.0100596,0.000628651,0,0.362677,0,bias
0,9.76,6.47051,-7.11179,-0.253687,0.689607,0.200831,6.4442,7.34794,6.44272,7.11826,0.197859,0.105777,0.109392,0.0100602,0.000628651,0,0.362677,0,bias
0,9.78,6.48387,-7.11522,-0.24967,0.690039,0.203046,6.44354,7.35725,6.44272,7.42505,0.204717,0.105774,0.109429,0.0100609,0.000628651,0,0.362677,0,bias
0,9.8,6.49725,-7.1186,-0.24561,0.690601,0.205397,6.44387,7.36816,6.44272,7.42505,0.203852,0.105775,0.109473,0.0100616,0.000628651,0,0.362677,0,bias
0,9.82,6.51065,-7.12194,-0.241502,0.691293,0.207882,6.4452,7.38067,6.44272,7.42505,0.204972,0.105781,0.109523,0.0100624,0.000628651,0,0.362677,0,bias
0,9.84,6.52408,-7.12521,-0.237344,0.692115,0.2105,6.44752,7.39477,6.44272,7.42505,0.205668,0.10579,0.109579,0.0100631,0.000628651,0,0.362677,0,bias
0,9.86,6.53754,-7.12844,-0.233134,0.693066,0.213249,6.45085,7.41047,6.44272,7.42505,0.213233,0.105803,0.109642,0.010064,0.000628651,0,0.362677,0,bias
0,9.88,6.55104,-7.13161,-0.228869,0.694146,0.216128,6.45517,7.42775,6.44272,7.42505,0.224954,0.105821,0.109711,0.0100648,0.000628651,0,0.362677,0,bias
0,9.9,6.56456,-7.13473,-0.224546,0.695354,0.219134,6.46049,7.44659,6.44272,7.42505,0.215179,0.105842,0.109786,0.0100657,0.000628651,0,0.362677,0,bias
0,9.92,6.57813,-7.1378,-0.220164,0.69669,0.222267,6.4668,7.467,6.44272,7.73185,0.229739,0.105867,0.109868,0.0100667,0.000628651,0,0.362677,0,bias
0,9.94,6.59173,-7.14081,-0.215718,0.698153,0.225524,6.4741,7.48896,6.44272,7.42505,0.238461,0.105896,0.109956,0.0100677,0.000628651,0,0.362677,0,bias
0,9.96,6.60538,-7.14377,-0.211208,0.699743,0.228904,6.4824,7.51246,6.44272,7.73185,0.229368,0.10593,0.11005,0.0100687,0.000628651,0,0.362677,0,bias
0,9.98,6.61907,-7.14667,-0.20663,0.701459,0.232404,6.49168,7.53749,6.44272,7.42505,0.245154,0.105967,0.11015,0.0100697,0.000628651,0,0.362677,0,bias
0,10,6.63281,-7.14952,-0.201982,0.703299,0.236022,6.50194,7.56404,6.44272,7.42505,0.233742,0.106008,0.110256,0.0100708,0.000628651,0,0.362677,0,bias
0,10.02,6.64659,-7.15231,-0.197261,0.705264,0.239755,6.51319,7.59209,6.44272,7.42505,0.244791,0.106053,0.110368,0.0100719,0.000628651,0,0.362677,0,bias
0,10.04,6.66043,-7.15504,-0.192466,0.707352,0.243603,6.52542,7.62163,6.74952,7.73185,0.249506,0.106102,0.110487,0.0100731,0.000628651,0,0.362677,0,bias
0,10.06,6.67432,-7.15771,-0.187594,0.709563,0.247561,6.53861,7.65264,6.44272,7.73185,0.249433,0.106154,0.110611,0.0100743,0.000628651,0,0.362677,0,bias
0,10.08,6.68827,-7.16033,-0.182643,0.711894,0.251629,6.55278,7.68511,6.74952,7.73185,0.242191,0.106211,0.11074,0.0100755,0.000628651,0,0.362677,0,bias
0,10.1,6.70228,-7.16288,-0.17761,0.714346,0.255802,6.5679,7.71901,6.74952,7.73185,0.251731,0.106272,0.110876,0.0100767,0.000628651,0,0.362677,0,bias
0,10.12,6.71635,-7.16536,-0.172494,0.716917,0.260079,6.58399,7.75435,6.44272,7.73185,0.260102,0.106336,0.111017,0.010078,0.000628651,0,0.362677,0,bias
0,10.14,6.73048,-7.16779,-0.167293,0.719605,0.264457,6.60103,7.79108,6.44272,7.73185,0.247878,0.106404,0.111164,0.0100793,0.000628651,0,0.362677,0,bias
0,10.16,6.74468,-7.17015,-0.162004,0.72241,0.268932,6.61901,7.8292,6.74952,8.03865,0.291568,0.106476,0.111317,0.0100807,0.000628651,0,0.362677,0,bias
0,10.18,6.75894,-7.17244,-0.156625,0.725331,0.273503,6.63793,7.86869,6.74952,8.03865,0.286182,0.106552,0.111475,0.0100821,0.000628651,0,0.362677,0,bias
0,10.2,6.77328,-7.17466,-0.151155,0.728365,0.278166,6.65778,7.90952,6.74952,8.03865,0.27446,0.106631,0.111638,0.0100834,0.000628651,0,0.362677,0,bias
0,10.22,6.78769,-7.17682,-0.145592,0.731512,0.282918,6.67855,7.95168,6.74952,7.73185,0.283147,0.106714,0.111807,0.0100849,0.000628651,0,0.362677,0,bias
0,10.24,6.80217,-7.1789,-0.139933,0.734769,0.287756,6.70024,7.99514,6.74952,8.03865,0.282626,0.106801,0.111981,0.0100863,0.000628651,0,0.362677,0,bias
0,10.26,6.81672,-7.18091,-0.134178,0.738136,0.292677,6.72284,8.03988,6.74952,8.03865,0.29903,0.106891,0.11216,0.0100878,0.000628651,0,0.362677,0,bias
0,10.28,6.83136,-7.18284,-0.128325,0.741611,0.297677,6.74633,8.08588,6.74952,8.34544,0.307847,0.106985,0.112344,0.0100893,0.000628651,0,0.362677,0,bias
0,10.3,6.84608,-7.18469,-0.122371,0.745191,0.302754,6.77072,8.13311,6.74952,8.03865,0.312158,0.107083,0.112532,0.0100908,0.000628651,0,0.362677,0,bias
0,10.32,6.86087,-7.18647,-0.116316,0.748877,0.307904,6.79598,8.18155,6.74952,8.34544,0.315319,0.107184,0.112726,0.0100924,0.000628651,0,0.362677,0,bias
0,10.34,6.87576,-7.18816,-0.110158,0.752665,0.313123,6.82212,8.23117,7.05631,8.34544,0.301367,0.107288,0.112925,0.0100939,0.000628651,0,0.362677,0,bias
0,10.36,6.89072,-7.18977,-0.103895,0.756553,0.318408,6.84911,8.28195,6.74952,8.65224,0.308392,0.107396,0.113128,0.0100955,0.000628651,0,0.362677,0,bias
0,10.38,6.90578,-7.19129,-0.0975273,0.760541,0.323756,6.87696,8.33386,6.74952,8.34544,0.334796,0.107508,0.113335,0.0100971,0.000628651,0,0.362677,0,bias
0,10.4,6.92092,-7.19272,-0.0910521,0.764626,0.329163,6.90564,8.38688,6.74952,8.34544,0.342056,0.107623,0.113548,0.0100987,0.000628651,0,0.362677,0,bias
0,10.42,6.93615,-7.19406,-0.0844689,0.768806,0.334626,6.93516,8.44097,7.05631,8.65224,0.332619,0.107741,0.113764,0.0101004,0.000628651,0,0.362677,0,bias
0,10.44,6.95148,-7.19531,-0.0777764,0.77308,0.34014,6.96548,8.49611,7.05631,8.34544,0.350679,0.107862,0.113984,0.010102,0.000628651,0,0.362677,0,bias
0,10.46,6.9669,-7.19646,-0.0709736,0.777444,0.345702,6.99661,8.55227,7.05631,8.65224,0.349016,0.107986,0.114209,0.0101037,0.000628651,0,0.362677,0,bias
0,10.48,6.98241,-7.19751,-0.0640595,0.781898,0.351309,7.02854,8.60942,7.05631,8.65224,0.340285,0.108114,0.114438,0.0101054,0.000628651,0,0.362677,0,bias
0,10.5,6.99802,-7.19845,-0.0570333,0.786439,0.356955,7.06124,8.66754,7.05631,8.65224,0.358111,0.108245,0.11467,0.0101071,0.000628651,0,0.362677,0,bias
0,10.52,7.01373,-7.19929,-0.0498942,0.791064,0.362639,7.0947,8.72658,7.05631,8.95903,0.357411,0.108379,0.114906,0.0101088,0.000628651,0,0.362677,0,bias
0,10.54,7.02953,-7.20002,-0.0426414,0.795772,0.368355,7.12892,8.78652,7.36311,8.95903,0.392911,0.108516,0.115146,0.0101105,0.000628651,0,0.362677,0,bias
0,10.56,7.04543,-7.20064,-0.0352743,0.800561,0.3741,7.16388,8.84733,7.05631,8.95903,0.37011,0.108656,0.115389,0.0101122,0.000628651,0,0.362677,0,bias
0,10.58,7.06144,-7.20115,-0.0277923,0.805427,0.37987,7.19956,8.90898,7.36311,8.95903,0.397267,0.108798,0.115636,0.010114,0.000628651,0,0.362677,0,bias
0,10.6,7.07754,-7.20153,-0.0201949,0.810369,0.385661,7.23596,8.97143,7.36311,9.26583,0.390714,0.108944,0.115886,0.0101157,0.000628651,0,0.362677,0,bias
0,10.62,7.09375,-7.2018,-0.0124817,0.815385,0.391468,7.27305,9.03465,7.05631,9.26583,0.377622,0.109092,0.116139,0.0101174,0.000628651,0,0.362677,0,bias
0,10.64,7.11005,-7.20194,-0.00465237,0.820471,0.397289,7.31082,9.09861,7.36311,9.26583,0.394792,0.109243,0.116394,0.0101192,0.000628651,0,0.362677,0,bias
0,10.66,7.12646,-7.20195,0.0032934,0.825627,0.403118,7.34925,9.16328,7.36311,9.26583,0.388073,0.109397,0.116653,0.0101209,0.000628651,0,0.362677,0,bias
0,10.68,7.14298,-7.20183,0.0113558,0.830848,0.408952,7.38834,9.22862,7.36311,9.26583,0.406377,0.109553,0.116914,0.0101227,0.000628651,0,0.362677,0,bias
0,10.7,7.15959,-7.20157,0.0195348,0.836133,0.414786,7.42806,9.2946,7.6699,9.26583,0.418852,0.109712,0.117178,0.0101244,0.000628651,0,0.362677,0,bias
0,10.72,7.17631,-7.20118,0.0278305,0.841479,0.420618,7.4684,9.36118,7.36311,9.57263,0.42096,0.109874,0.117445,0.0101262,0.000628651,0,0.362677,0,bias
0,10.74,7.19313,-7.20064,0.0362429,0.846883,0.426441,7.50934,9.42832,7.6699,9.26583,0.421319,0.110037,0.117713,0.0101279,0.000628651,0,0.362677,0,bias
0,10.76,7.21005,-7.19995,0.0447717,0.852344,0.432253,7.55087,9.49601,7.9767,9.57263,0.437123,0.110203,0.117984,0.0101297,0.000628651,0,0.362677,0,bias
0,10.78,7.22708,-7.19912,0.0534168,0.857857,0.438049,7.59296,9.56418,7.6699,9.57263,0.460573,0.110372,0.118257,0.0101314,0.000628651,0,0.362677,0,bias
0,10.8,7.24421,-7.19812,0.0621778,0.863422,0.443826,7.63561,9.63282,7.6699,9.87942,0.455644,0.110542,0.118531,0.0101331,0.000628651,0,0.362677,0,bias
0,10.82,7.26144,-7.19697,0.0710543,0.869034,0.449578,7.67879,9.70189,7.6699,9.57263,0.43216,0.110715,0.118808,0.0101349,0.000628651,0,0.362677,0,bias
0,10.84,7.27877,-7.19566,0.0800458,0.874692,0.455302,7.72249,9.77135,7.6699,9.87942,0.459331,0.11089,0.119085,0.0101366,0.000628651,0,0.362677,0,bias
0,10.86,7.2962,-7.19418,0.0891519,0.880392,0.460993,7.76669,9.84116,7.6699,9.87942,0.471497,0.111067,0.119365,0.0101383,0.000628651,0,0.362677,0,bias
0,10.88,7.31373,-7.19254,0.0983717,0.886133,0.466649,7.81137,9.91129,7.9767,9.87942,0.461021,0.111245,0.119645,0.01014,0.000628651,0,0.362677,0,bias
0,10.9,7.33136,-7.19071,0.107705,0.89191,0.472263,7.85651,9.98169,7.9767,10.1862,0.465308,0.111426,0.119927,0.0101417,0.000628651,0,0.362677,0,bias
0,10.92,7.34908,-7.18871,0.11715,0.897722,0.477833,7.9021,10.0523,7.9767,10.1862,0.49718,0.111608,0.120209,0.0101433,0.000628651,0,0.362677,0,bias
0,10.94,7.36691,-7.18653,0.126707,0.903566,0.483354,7.94811,10.1232,7.9767,9.87942,0.489943,0.111792,0.120493,0.010145,0.000628651,0,0.362677,0,bias
0,10.96,7.38482,-7.18416,0.136374,0.909438,0.488823,7.99453,10.1942,7.9767,10.493,0.485637,0.111978,0.120777,0.0101466,0.000628651,0,0.362677,0,bias
0,10.98,7.40283,-7.1816,0.14615,0.915337,0.494235,8.04134,10.2654,8.2835,10.493,0.504026,0.112165,0.121062,0.0101483,0.000628651,0,0.362677,0,bias
0,11,7.42093,-7.17884,0.156035,0.921258,0.499585,8.08851,10.3366,7.9767,10.1862,0.501588,0.112354,0.121347,0.0101499,0.000628651,0,0.362677,0,bias
0,11.02,7.43911,-7.17589,0.166027,0.9272,0.504871,8.13604,10.408,8.2835,10.493,0.499878,0.112544,0.121632,0.0101515,0.000628651,0,0.362677,0,bias
0,11.04,7.45739,-7.17273,0.176124,0.93316,0.510088,8.1839,10.4793,7.9767,10.493,0.516333,0.112736,0.121917,0.010153,0.000628651,0,0.362677,0,bias
0,11.06,7.47574,-7.16937,0.186326,0.939134,0.515232,8.23207,10.5506,8.2835,10.493,0.510499,0.112928,0.122202,0.0101546,0.000628651,0,0.362677,0,bias
0,11.08,7.49418,-7.16579,0.19663,0.94512,0.5203,8.28052,10.6219,8.2835,10.493,0.522951,0.113122,0.122487,0.0101561,0.000628651,0,0.362677,0,bias
0,11.1,7.5127,-7.162,0.207036,0.951115,0.525287,8.32925,10.693,8.2835,10.7998,0.511466,0.113317,0.122772,0.0101576,0.000628651,0,0.362677,0,bias
0,11.12,7.5313,-7.15799,0.217542,0.957116,0.530189,8.37823,10.7641,8.2835,11.1066,0.552456,0.113513,0.123056,0.0101591,0.000628651,0,0.362677,0,bias
0,11.14,7.54997,-7.15376,0.228146,0.96312,0.535003,8.42744,10.835,8.59029,10.7998,0.515457,0.11371,0.12334,0.0101605,0.000628651,0,0.362677,0,bias
0,11.16,7.56871,-7.14931,0.238846,0.969125,0.539725,8.47687,10.9056,8.2835,11.1066,0.542648,0.113907,0.123623,0.0101619,0.000628651,0,0.362677,0,bias
0,11.18,7.58751,-7.14462,0.24964,0.975127,0.544352,8.52648,10.9761,8.59029,11.1066,0.529296,0.114106,0.123904,0.0101633,0.000628651,0,0.362677,0,bias
0,11.2,7.60638,-7.1397,0.260528,0.981124,0.548879,8.57626,11.0462,8.2835,11.1066,0.541126,0.114305,0.124185,0.0101647,0.000628651,0,0.362677,0,bias
0,11.22,7.62532,-7.13454,0.271505,0.987112,0.553303,8.62619,11.1161,8.89709,11.1066,0.571083,0.114505,0.124464,0.010166,0.000628651,0,0.362677,0,bias
0,11.24,7.64431,-7.12914,0.282571,0.99309,0.55762,8.67625,11.1855,8.59029,11.4134,0.560518,0.114705,0.124742,0.0101673,0.000628651,0,0.362677,0,bias
0,11.26,7.66335,-7.1235,0.293724,0.999053,0.561827,8.72642,11.2546,8.59029,11.1066,0.557551,0.114906,0.125019,0.0101685,0.000628651,0,0.362677,0,bias
0,11.28,7.68244,-7.1176,0.30496,1.005,0.565921,8.77668,11.3233,8.89709,11.1066,0.547816,0.115107,0.125293,0.0101698,0.000628651,0,0.362677,0,bias
0,11.3,7.70158,-7.11146,0.316279,1.01093,0.569898,8.827,11.3915,8.89709,11.4134,0.557377,0.115308,0.125566,0.010171,0.000628651,0,0.362677,0,bias
0,11.32,7.72076,-7.10506,0.327676,1.01683,0.573754,8.87737,11.4593,8.89709,11.4134,0.570183,0.115509,0.125837,0.0101721,0.000628651,0,0.362677,0,bias
0,11.34,7.73997,-7.09841,0.339152,1.02271,0.577487,8.92776,11.5265,8.89709,11.7202,0.582053,0.115711,0.126106,0.0101732,0.000628651,0,0.362677,0,bias
0,11.36,7.75922,-7.09149,0.350701,1.02856,0.581093,8.97816,11.5931,8.89709,11.7202,0.592865,0.115913,0.126372,0.0101743,0.000628651,0,0.362677,0,bias
0,11.38,7.7785,-7.08431,0.362323,1.03438,0.584569,9.02854,11.6591,8.59029,11.7202,0.569155,0.116114,0.126636,0.0101754,0.000628651,0,0.362677,0,bias
0,11.4,7.7978,-7.07687,0.374015,1.04017,0.587911,9.07889,11.7245,8.89709,12.027,0.586493,0.116316,0.126898,0.0101764,0.000628651,0,0.362677,0,bias
0,11.42,7.81712,-7.06915,0.385773,1.04592,0.591118,9.12918,11.7892,9.20388,12.027,0.576442,0.116517,0.127157,0.0101773,0.000628651,0,0.362677,0,bias
0,11.44,7.83646,-7.06117,0.397595,1.05163,0.594186,9.17939,11.8532,9.20388,12.027,0.59506,0.116718,0.127413,0.0101783,0.000628651,0,0.362677,0,bias
0,11.46,7.8558,-7.05291,0.409479,1.0573,0.597111,9.2295,11.9165,9.20388,12.027,0.60596,0.116918,0.127666,0.0101791,0.000628651,0,0.362677,0,bias
0,11.48,7.87515,-7.04437,0.421421,1.06292,0.599892,9.27949,11.979,9.20388,12.027,0.603651,0.117118,0.127916,0.01018,0.000628651,0,0.362677,0,bias
0,11.5,7.89449,-7.03556,0.433419,1.0685,0.602526,9.32934,12.0407,9.20388,12.027,0.600007,0.117317,0.128163,0.0101808,0.000628651,0,0.362677,0,bias
0,11.52,7.91383,-7.02647,0.445469,1.07403,0.605009,9.37903,12.1016,9.51068,11.7202,0.613347,0.117516,0.128406,0.0101815,0.000628651,0,0.362677,0,bias
0,11.54,7.93316,-7.0171,0.45757,1.0795,0.60734,9.42853,12.1616,9.51068,12.027,0.600369,0.117714,0.128646,0.0101822,0.000628651,0,0.362677,0,bias
0,11.56,7.95247,-7.00744,0.469716,1.08492,0.609515,9.47784,12.2207,9.51068,12.3338,0.606335,0.117911,0.128883,0.0101829,0.000628651,0,0.362677,0,bias
0,11.58,7.97176,-6.9975,0.481907,1.09029,0.611533,9.52692,12.2788,9.81748,12.3338,0.604152,0.118108,0.129115,0.0101835,0.000628651,0,0.362677,0,bias
0,11.6,7.99102,-6.98728,0.494137,1.09559,0.613391,9.57576,12.336,9.51068,12.3338,0.621438,0.118303,0.129344,0.010184,0.000628651,0,0.362677,0,bias
0,11.62,8.01025,-6.97677,0.506405,1.10083,0.615087,9.62434,12.3922,9.81748,12.3338,0.617239,0.118497,0.129569,0.0101845,0.000628651,0,0.362677,0,bias
0,11.64,8.02943,-6.96597,0.518707,1.106,0.616619,9.67263,12.4474,9.81748,12.6406,0.607203,0.118691,0.12979,0.010185,0.000628651,0,0.362677,0,bias
0,11.66,8.04858,-6.95489,0.531039,1.11111,0.617985,9.72063,12.5016,9.81748,12.3338,0.623208,0.118883,0.130006,0.0101854,0.000628651,0,0.362677,0,bias
0,11.68,8.06767,-6.94351,0.543399,1.11615,0.619182,9.7683,12.5546,9.81748,12.6406,0.598089,0.119073,0.130218,0.0101858,0.000628651,0,0.362677,0,bias
0,11.7,8.0867,-6.93185,0.555783,1.12111,0.62021,9.81562,12.6066,10.1243,12.6406,0.621098,0.119262,0.130426,0.0101861,0.000628651,0,0.362677,0,bias
0,11.72,8.10568,-6.91991,0.568187,1.126,0.621066,9.86259,12.6574,9.81748,12.6406,0.626912,0.11945,0.13063,0.0101863,0.000628651,0,0.362677,0,bias
0,11.74,8.12458,-6.90767,0.580608,1.13081,0.621748,9.90918,12.707,10.1243,12.6406,0.649806,0.119637,0.130828,0.0101865,0.000628651,0,0.362677,0,bias
0,11.76,8.14341,-6.89515,0.593043,1.13554,0.622255,9.95536,12.7555,9.81748,12.9474,0.614468,0.119821,0.131022,0.0101867,0.000628651,0,0.362677,0,bias
0,11.78,8.16217,-6.88234,0.605488,1.14019,0.622585,10.0011,12.8028,10.1243,12.6406,0.616501,0.120005,0.131211,0.0101868,0.000628651,0,0.362677,0,bias
0,11.8,8.18084,-6.86924,0.61794,1.14476,0.622738,10.0465,12.8488,10.1243,12.9474,0.620907,0.120186,0.131395,0.0101868,0.000628651,0,0.362677,0,bias
0,11.82,8.19941,-6.85586,0.630395,1.14924,0.622711,10.0913,12.8935,10.1243,12.6406,0.611159,0.120365,0.131574,0.0101868,0.000628651,0,0.362677,0,bias
0,11.84,8.2179,-6.8422,0.642849,1.15364,0.622504,10.1357,12.937,10.1243,12.9474,0.612908,0.120543,0.131748,0.0101868,0.000628651,0,0.362677,0,bias
0,11.86,8.23628,-6.82825,0.655299,1.15794,0.622116,10.1796,12.9792,10.1243,12.9474,0.626169,0.120719,0.131917,0.0101866,0.000628651,0,0.362677,0,bias
0,11.88,8.25455,-6.81403,0.667741,1.16215,0.621545,10.223,13.02,10.1243,12.9474,0.621478,0.120892,0.13208,0.0101865,0.000628651,0,0.362677,0,bias
0,11.9,8.27271,-6.79952,0.680172,1.16627,0.620791,10.2659,13.0595,10.4311,13.2542,0.619793,0.121064,0.132238,0.0101862,0.000628651,0,0.362677,0,bias
0,11.92,8.29076,-6.78474,0.692588,1.17029,0.619852,10.3082,13.0975,10.1243,12.9474,0.59773,0.121233,0.13239,0.010186,0.000628651,0,0.362677,0,bias
0,11.94,8.30867,-6.76968,0.704985,1.17421,0.618729,10.35,13.1343,10.1243,12.9474,0.618823,0.1214,0.132537,0.0101856,0.000628651,0,0.362677,0,bias
0,11.96,8.32647,-6.75435,0.71736,1.17803,0.61742,10.3911,13.1695,10.1243,13.561,0.628882,0.121565,0.132678,0.0101852,0.000628651,0,0.362677,0,bias
0,11.98,8.34412,-6.73876,0.729708,1.18176,0.615926,10.4317,13.2034,10.4311,13.2542,0.61904,0.121727,0.132814,0.0101848,0.000628651,0,0.362677,0,bias
0,12,8.36164,-6.72289,0.742027,1.18537,0.614245,10.4717,13.2358,10.4311,13.561,0.60252,0.121887,0.132943,0.0101843,0.000628651,0,0.362677,0,bias
0,12.02,8.37902,-6.70676,0.754311,1.18889,0.612378,10.511,13.2667,10.4311,13.561,0.638363,0.122044,0.133067,0.0101837,0.000628651,0,0.362677,0,bias
0,12.04,8.39625,-6.69037,0.766559,1.1923,0.610325,10.5497,13.2962,10.4311,13.2542,0.585423,0.122199,0.133185,0.0101831,0.000628651,0,0.362677,0,bias
0,12.06,8.41332,-6.67373,0.778766,1.19559,0.608084,10.5878,13.3241,10.7379,13.561,0.58953,0.122351,0.133297,0.0101824,0.000628651,0,0.362677,0,bias
0,12.08,8.43024,-6.65683,0.790927,1.19878,0.605658,10.6251,13.3506,10.7379,13.561,0.602678,0.1225,0.133402,0.0101817,0.000628651,0,0.362677,0,bias
0,12.1,8.447,-6.63968,0.80304,1.20186,0.603044,10.6618,13.3755,10.7379,13.561,0.606055,0.122647,0.133502,0.0101809,0.000628651,0,0.362677,0,bias
0,12.12,8.46359,-6.62229,0.815101,1.20483,0.600245,10.6977,13.3988,10.7379,13.561,0.61302,0.122791,0.133595,0.0101801,0.000628651,0,0.362677,0,bias
0,12.14,8.48,-6.60465,0.827106,1.20768,0.597259,10.733,13.4206,10.7379,13.561,0.584877,0.122932,0.133682,0.0101792,0.000628651,0,0.362677,0,bias
0,12.16,8.49625,-6.58678,0.839051,1.21042,0.594089,10.7675,13.4409,10.7379,13.561,0.601305,0.12307,0.133763,0.0101782,0.000628651,0,0.362677,0,bias
0,12.18,8.51232,-6.56867,0.850933,1.21304,0.590733,10.8012,13.4595,10.7379,13.561,0.585724,0.123205,0.133838,0.0101772,0.000628651,0,0.362677,0,bias
0,12.2,8.5282,-6.55033,0.862748,1.21554,0.587194,10.8342,13.4766,11.0447,13.2542,0.588457,0.123337,0.133906,0.0101762,0.000628651,0,0.362677,0,bias
0,12.22,8.54391,-6.53178,0.874492,1.21792,0.583471,10.8664,13.492,11.0447,13.561,0.603971,0.123466,0.133968,0.010175,0.000628651,0,0.362677,0,bias
0,12.24,8.55942,-6.513,0.886161,1.22019,0.579566,10.8978,13.5059,11.0447,13.8678,0.578046,0.123591,0.134024,0.0101739,0.000628651,0,0.362677,0,bias
0,12.26,8.57474,-6.494,0.897752,1.22233,0.575479,10.9285,13.5181,10.7379,13.561,0.58172,0.123714,0.134073,0.0101726,0.000628651,0,0.362677,0,bias
0,12.28,8.58987,-6.4748,0.909262,1.22435,0.571212,10.9583,13.5287,11.0447,13.561,0.573371,0.123833,0.134115,0.0101714,0.000628651,0,0.362677,0,bias
0,12.3,8.6048,-6.45539,0.920686,1.22625,0.566767,10.9873,13.5377,11.0447,13.8678,0.581142,0.123949,0.134151,0.01017,0.000628651,0,0.362677,0,bias
0,12.32,8.61954,-6.43579,0.932022,1.22803,0.562143,11.0154,13.5451,11.0447,13.561,0.564364,0.124062,0.13418,0.0101686,0.000628651,0,0.362677,0,bias
0,12.34,8.63407,-6.41599,0.943264,1.22968,0.557343,11.0428,13.5508,11.0447,13.561,0.545235,0.124171,0.134203,0.0101672,0.000628651,0,0.362677,0,bias
0,12.36,8.6484,-6.396,0.954411,1.2312,0.552368,11.0692,13.5549,11.3515,13.561,0.544146,0.124277,0.13422,0.0101657,0.000628651,0,0.362677,0,bias
0,12.38,8.66252,-6.37583,0.965459,1.23261,0.547219,11.0948,13.5573,11.0447,13.561,0.539757,0.124379,0.134229,0.0101642,0.000628651,0,0.362677,0,bias
0,12.4,8.67644,-6.35548,0.976403,1.23388,0.541899,11.1195,13.5581,11.0447,13.561,0.538096,0.124478,0.134232,0.0101626,0.000628651,0,0.362677,0,bias
0,12.42,8.69015,-6.33496,0.987241,1.23503,0.536409,11.1434,13.5572,11.3515,13.561,0.54073,0.124573,0.134229,0.0101609,0.000628651,0,0.362677,0,bias
0,12.44,8.70365,-6.31428,0.997969,1.23605,0.530751,11.1663,13.5547,11.3515,13.561,0.522356,0.124665,0.134219,0.0101592,0.000628651,0,0.362677,0,bias
0,12.46,8.71694,-6.29343,1.00858,1.23694,0.524928,11.1883,13.5505,11.0447,13.561,0.519216,0.124753,0.134202,0.0101575,0.000628651,0,0.362677,0,bias
0,12.48,8.73001,-6.27243,1.01908,1.23771,0.51894,11.2095,13.5447,11.3515,13.2542,0.536214,0.124838,0.134179,0.0101557,0.000628651,0,0.362677,0,bias
0,12.5,8.74288,-6.25128,1.02946,1.23835,0.512791,11.2297,13.5372,11.0447,13.561,0.502423,0.124919,0.134149,0.0101538,0.000628651,0,0.362677,0,bias
0,12.52,8.75553,-6.22999,1.03972,1.23886,0.506482,11.249,13.5281,11.3515,13.561,0.495608,0.124996,0.134113,0.0101519,0.000628651,0,0.362677,0,bias
0,12.54,8.76797,-6.20856,1.04985,1.23924,0.500016,11.2673,13.5174,11.3515,13.561,0.481004,0.125069,0.13407,0.01015,0.000628651,0,0.362677,0,bias
0,12.56,8.7802,-6.187,1.05985,1.23949,0.493396,11.2847,13.505,11.3515,13.2542,0.505962,0.125139,0.13402,0.010148,0.000628651,0,0.362677,0,bias
0,12.58,8.79221,-6.16532,1.06972,1.23961,0.486623,11.3012,13.491,11.3515,13.561,0.481158,0.125205,0.133964,0.010146,0.000628651,0,0.362677,0,bias
0,12.6,8.80402,-6.14352,1.07945,1.23961,0.479701,11.3168,13.4754,11.3515,13.561,0.474404,0.125267,0.133902,0.0101439,0.000628651,0,0.362677,0,bias
0,12.62,8.81561,-6.1216,1.08904,1.23947,0.472632,11.3313,13.4582,11.0447,13.561,0.459294,0.125325,0.133833,0.0101418,0.000628651,0,0.362677,0,bias
0,12.64,8.82699,-6.09958,1.09849,1.23921,0.465418,11.3449,13.4393,11.3515,13.561,0.475808,0.12538,0.133757,0.0101396,0.000628651,0,0.362677,0,bias
0,12.66,8.83816,-6.07746,1.1078,1.23882,0.458064,11.3576,13.4189,11.3515,13.561,0.455481,0.12543,0.133676,0.0101374,0.000628651,0,0.362677,0,bias
0,12.68,8.84913,-6.05524,1.11696,1.23831,0.450571,11.3693,13.3969,11.3515,13.561,0.4496,0.125477,0.133587,0.0101352,0.000628651,0,0.362677,0,bias
0,12.7,8.85989,-6.03293,1.12598,1.23766,0.442943,11.38,13.3732,11.3515,13.561,0.42312,0.12552,0.133493,0.0101329,0.000628651,0,0.362677,0,bias
0,12.72,8.87044,-6.01054,1.13483,1.23689,0.435183,11.3897,13.3481,11.6583,13.561,0.421692,0.125559,0.133392,0.0101306,0.000628651,0,0.362677,0,bias
0,12.74,8.88079,-5.98807,1.14354,1.23599,0.427294,11.3985,13.3213,11.3515,13.2542,0.422461,0.125594,0.133285,0.0101282,0.000628651,0,0.362677,0,bias
0,12.76,8.89093,-5.96553,1.15208,1.23497,0.419279,11.4063,13.2931,11.3515,13.561,0.400459,0.125625,0.133172,0.0101258,0.000628651,0,0.362677,0,bias
0,12.78,8.90088,-5.94292,1.16047,1.23382,0.411142,11.4131,13.2633,11.3515,13.2542,0.411564,0.125653,0.133053,0.0101233,0.000628651,0,0.362677,0,bias
0,12.8,8.91063,-5.92026,1.16869,1.23255,0.402885,11.419,13.232,11.3515,13.2542,0.418085,0.125676,0.132928,0.0101209,0.000628651,0,0.362677,0,bias
0,12.82,8.92019,-5.89753,1.17675,1.23115,0.394513,11.4238,13.1991,11.6583,13.2542,0.400423,0.125695,0.132797,0.0101184,0.000628651,0,0.362677,0,bias
0,12.84,8.92955,-5.87476,1.18464,1.22963,0.386029,11.4277,13.1649,11.3515,13.2542,0.402156,0.125711,0.132659,0.0101158,0.000628651,0,0.362677,0,bias
0,12.86,8.93873,-5.85194,1.19236,1.22799,0.377436,11.4306,13.1291,11.3515,13.561,0.37515,0.125723,0.132516,0.0101132,0.000628651,0,0.362677,0,bias
0,12.88,8.94771,-5.82909,1.19991,1.22622,0.368738,11.4326,13.0919,11.3515,13.2542,0.372149,0.12573,0.132368,0.0101106,0.000628651,0,0.362677,0,bias
0,12.9,8.95652,-5.8062,1.20728,1.22434,0.359939,11.4335,13.0532,11.0447,13.2542,0.34761,0.125734,0.132213,0.010108,0.000628651,0,0.362677,0,bias
0,12.92,8.96514,-5.78328,1.21448,1.22233,0.351042,11.4335,13.0132,11.3515,12.9474,0.354966,0.125734,0.132053,0.0101053,0.000628651,0,0.362677,0,bias
0,12.94,8.97359,-5.76034,1.2215,1.22021,0.342051,11.4325,12.9717,11.3515,12.9474,0.338843,0.12573,0.131887,0.0101026,0.000628651,0,0.362677,0,bias
0,12.96,8.98186,-5.73738,1.22834,1.21797,0.33297,11.4306,12.9289,11.3515,12.9474,0.320404,0.125722,0.131716,0.0100999,0.000628651,0,0.362677,0,bias
0,12.98,8.98997,-5.71441,1.235,1.21562,0.323804,11.4276,12.8847,11.0447,12.9474,0.332957,0.125711,0.131539,0.0100971,0.000628651,0,0.362677,0,bias
0,13,8.9979,-5.69143,1.24148,1.21315,0.314555,11.4237,12.8392,11.6583,12.9474,0.313414,0.125695,0.131357,0.0100944,0.000628651,0,0.362677,0,bias
0,13.02,9.00568,-5.66844,1.24777,1.21057,0.305228,11.4189,12.7924,11.3515,12.9474,0.29709,0.125676,0.13117,0.0100916,0.000628651,0,0.362677,0,bias
0,13.04,9.01329,-5.64546,1.25388,1.20787,0.295826,11.4131,12.7443,11.3515,12.6406,0.303339,0.125652,0.130977,0.0100887,0.000628651,0,0.362677,0,bias
0,13.06,9.02075,-5.62248,1.25979,1.20507,0.286355,11.4064,12.695,11.3515,12.6406,0.294778,0.125625,0.13078,0.0100859,0.000628651,0,0.362677,0,bias
0,13.08,9.02806,-5.59952,1.26552,1.20215,0.276818,11.3987,12.6444,11.3515,12.6406,0.292942,0.125595,0.130577,0.010083,0.000628651,0,0.362677,0,bias
0,13.1,9.03523,-5.57657,1.27106,1.19913,0.267218,11.3901,12.5926,11.3515,12.6406,0.26096,0.12556,0.13037,0.0100802,0.000628651,0,0.362677,0,bias
0,13.12,9.04225,-5.55363,1.2764,1.196,0.257562,11.3805,12.5396,11.3515,12.3338,0.270791,0.125522,0.130158,0.0100773,0.000628651,0,0.362677,0,bias
0,13.14,9.04913,-5.53073,1.28155,1.19277,0.247851,11.3701,12.4854,11.3515,12.6406,0.239446,0.12548,0.129942,0.0100744,0.000628651,0,0.362677,0,bias
0,13.16,9.05587,-5.50784,1.28651,1.18944,0.238091,11.3587,12.4301,11.3515,12.6406,0.240863,0.125435,0.12972,0.0100714,0.000628651,0,0.362677,0,bias
0,13.18,9.06249,-5.48499,1.29127,1.186,0.228286,11.3464,12.3737,11.3515,12.3338,0.234296,0.125386,0.129495,0.0100685,0.000628651,0,0.362677,0,bias
0,13.2,9.06898,-5.46218,1.29584,1.18247,0.21844,11.3332,12.3162,11.3515,12.3338,0.225154,0.125333,0.129265,0.0100655,0.000628651,0,0.362677,0,bias
0,13.22,9.07536,-5.43941,1.30021,1.17884,0.208558,11.3191,12.2576,11.3515,12.3338,0.189918,0.125276,0.129031,0.0100626,0.000628651,0,0.362677,0,bias
0,13.24,9.08161,-5.41667,1.30438,1.17511,0.198643,11.3042,12.1981,11.3515,12.6406,0.191016,0.125217,0.128792,0.0100596,0.000628651,0,0.362677,0,bias
0,13.26,9.08775,-5.39399,1.30835,1.17129,0.188701,11.2883,12.1375,11.3515,12.3338,0.206824,0.125153,0.12855,0.0100566,0.000628651,0,0.362677,0,bias
0,13.28,9.09379,-5.37135,1.31212,1.16738,0.178735,11.2716,12.0759,11.3515,12.3338,0.18691,0.125087,0.128304,0.0100536,0.000628651,0,0.362677,0,bias
0,13.3,9.09972,-5.34877,1.3157,1.16338,0.168749,11.2541,12.0135,11.0447,11.7202,0.160237,0.125016,0.128054,0.0100506,0.000628651,0,0.362677,0,bias
0,13.32,9.10555,-5.32625,1.31907,1.15929,0.158748,11.2357,11.9501,11.3515,12.027,0.154331,0.124943,0.1278,0.0100476,0.000628651,0,0.362677,0,bias
0,13.34,9.11129,-5.30378,1.32225,1.15512,0.148737,11.2165,11.8858,11.0447,11.7202,0.132488,0.124866,0.127543,0.0100446,0.000628651,0,0.362677,0,bias
0,13.36,9.11694,-5.28138,1.32522,1.15086,0.13872,11.1965,11.8207,11.0447,11.7202,0.139197,0.124786,0.127283,0.0100416,0.000628651,0,0.362677,0,bias
0,13.38,9.12251,-5.25905,1.328,1.14652,0.1287,11.1756,11.7548,11.0447,11.7202,0.150665,0.124703,0.127019,0.0100386,0.000628651,0,0.362677,0,bias
0,13.4,9.12799,-5.23678,1.33057,1.14211,0.118683,11.154,11.6881,11.0447,11.7202,0.117572,0.124616,0.126752,0.0100356,0.000628651,0,0.362677,0,bias
0,13.42,9.1334,-5.21459,1.33294,1.13761,0.108673,11.1316,11.6206,11.0447,11.7202,0.117807,0.124526,0.126483,0.0100326,0.000628651,0,0.362677,0,bias
0,13.44,9.13874,-5.19247,1.33512,1.13305,0.0986733,11.1084,11.5525,11.0447,11.7202,0.0925663,0.124434,0.12621,0.0100296,0.000628651,0,0.362677,0,bias
0,13.46,9.14401,-5.17043,1.33709,1.12841,0.0886892,11.0845,11.4836,11.0447,11.4134,0.0919997,0.124338,0.125935,0.0100266,0.000628651,0,0.362677,0,bias
0,13.48,9.14921,-5.14847,1.33887,1.1237,0.0787246,11.0599,11.4141,11.3515,11.4134,0.0734384,0.124239,0.125656,0.0100236,0.000628651,0,0.362677,0,bias
0,13.5,9.15436,-5.1266,1.34044,1.11892,0.0687839,11.0345,11.344,11.0447,11.7202,0.076737,0.124138,0.125376,0.0100206,0.000628651,0,0.362677,0,bias
0,13.52,9.15946,-5.10481,1.34182,1.11408,0.0588713,11.0084,11.2733,11.0447,11.1066,0.0638641,0.124034,0.125093,0.0100177,0.000628651,0,0.362677,0,bias
0,13.54,9.1645,-5.0831,1.34299,1.10918,0.0489911,10.9816,11.202,11.3515,11.1066,0.059407,0.123926,0.124808,0.0100147,0.000628651,0,0.362677,0,bias
0,13.56,9.1695,-5.06149,1.34397,1.10422,0.0391474,10.9541,11.1303,11.0447,11.4134,0.0384952,0.123816,0.124521,0.0100117,0.000628651,0,0.362677,0,bias
0,13.58,9.17446,-5.03997,1.34476,1.0992,0.0293444,10.926,11.058,10.7379,11.4134,0.018369,0.123704,0.124232,0.0100088,0.000628651,0,0.362677,0,bias
0,13.6,9.17938,-5.01854,1.34534,1.09413,0.0195863,10.8972,10.9853,11.0447,11.1066,0.0198188,0.123589,0.123941,0.0100059,0.000628651,0,0.362677,0,bias
0,13.62,9.18427,-4.99721,1.34573,1.089,0.00987714,10.8678,10.9122,10.7379,10.7998,0.0123722,0.123471,0.123649,0.010003,0.000628651,0,0.362677,0,bias
0,13.64,9.18913,-4.97598,1.34593,1.08383,0.000221053,10.8378,10.8388,10.7379,11.1066,0.00209993,0.123351,0.123355,0.0100001,0.000628651,0,0.362677,0,bias
0,13.66,9.19396,-4.95485,1.34594,1.0786,-0.00937793,10.8071,10.7649,10.7379,11.1066,-0.017772,0.123229,0.12306,0.0100028,0.000628651,0,0.362677,0,bias
0,13.68,9.19877,-4.93382,1.34575,1.07334,-0.0189158,10.7759,10.6908,10.7379,10.7998,-0.00792692,0.123104,0.122763,0.0100057,0.000628651,0,0.362677,0,bias
0,13.7,9.20356,-4.9129,1.34537,1.06803,-0.0283886,10.7442,10.6164,10.7379,10.7998,-0.0312124,0.122977,0.122466,0.0100085,0.000628651,0,0.362677,0,bias
0,13.72,9.20835,-4.89208,1.3448,1.06268,-0.0377925,10.7119,10.5418,10.7379,10.493,-0.0303031,0.122847,0.122167,0.0100113,0.000628651,0,0.362677,0,bias
0,13.74,9.21312,-4.87137,1.34405,1.0573,-0.0471235,10.679,10.467,10.7379,10.493,-0.0587427,0.122716,0.121868,0.0100141,0.000628651,0,0.362677,0,bias
0,13.76,9.21788,-4.85077,1.3431,1.05188,-0.0563778,10.6457,10.392,10.7379,10.493,-0.0706102,0.122583,0.121568,0.0100169,0.000628651,0,0.362677,0,bias
0,13.78,9.22264,-4.83027,1.34198,1.04643,-0.0655516,10.6118,10.3169,10.4311,10.1862,-0.0802401,0.122447,0.121267,0.0100197,0.000628651,0,0.362677,0,bias
0,13.8,9.2274,-4.80989,1.34067,1.04096,-0.0746414,10.5775,10.2417,10.4311,10.493,-0.0843356,0.12231,0.120967,0.0100224,0.000628651,0,0.362677,0,bias
0,13.82,9.23216,-4.78963,1.33917,1.03546,-0.0836433,10.5428,10.1664,10.4311,10.1862,-0.07071,0.122171,0.120666,0.0100251,0.000628651,0,0.362677,0,bias
0,13.84,9.23694,-4.76948,1.3375,1.02994,-0.0925537,10.5076,10.0911,10.7379,10.1862,-0.0910803,0.12203,0.120364,0.0100278,0.000628651,0,0.362677,0,bias
0,13.86,9.24172,-4.74944,1.33565,1.02439,-0.101369,10.472,10.0158,10.4311,10.1862,-0.107503,0.121888,0.120063,0.0100304,0.000628651,0,0.362677,0,bias
0,13.88,9.24651,-4.72952,1.33362,1.01883,-0.110086,10.436,9.94063,10.4311,10.1862,-0.100301,0.121744,0.119763,0.010033,0.000628651,0,0.362677,0,bias
0,13.9,9.25132,-4.70972,1.33142,1.01326,-0.118702,10.3997,9.86551,10.7379,9.87942,-0.111705,0.121599,0.119462,0.0100356,0.000628651,0,0.362677,0,bias
0,13.92,9.25615,-4.69004,1.32905,1.00767,-0.127212,10.363,9.7905,10.4311,9.57263,-0.126535,0.121452,0.119162,0.0100382,0.000628651,0,0.362677,0,bias
0,13.94,9.261,-4.67048,1.3265,1.00208,-0.135613,10.3259,9.71566,10.1243,9.87942,-0.139935,0.121304,0.118863,0.0100407,0.000628651,0,0.362677,0,bias
0,13.96,9.26587,-4.65104,1.32379,0.996479,-0.143903,10.2886,9.64101,10.4311,9.87942,-0.14882,0.121154,0.118564,0.0100432,0.000628651,0,0.362677,0,bias
0,13.98,9.27077,-4.63172,1.32091,0.990876,-0.152078,10.2509,9.56658,10.1243,9.57263,-0.141015,0.121004,0.118266,0.0100456,0.000628651,0,0.362677,0,bias
0,14,9.2757,-4.61252,1.31787,0.985272,-0.160135,10.213,9.49242,10.1243,9.26583,-0.161764,0.120852,0.11797,0.010048,0.000628651,0,0.362677,0,bias
0,14.02,9.28066,-4.59345,1.31467,0.979672,-0.168071,10.1749,9.41856,10.4311,9.57263,-0.172197,0.1207,0.117674,0.0100504,0.000628651,0,0.362677,0,bias
0,14.04,9.28566,-4.57451,1.31131,0.974076,-0.175884,10.1365,9.34503,10.1243,9.57263,-0.190125,0.120546,0.11738,0.0100528,0.000628651,0,0.362677,0,bias
0,14.06,9.29069,-4.55569,1.30779,0.968489,-0.183569,10.0979,9.27186,10.1243,9.26583,-0.178878,0.120392,0.117087,0.0100551,0.000628651,0,0.362677,0,bias
0,14.08,9.29576,-4.53699,1.30412,0.962913,-0.191126,10.0592,9.1991,10.1243,8.95903,-0.187236,0.120237,0.116796,0.0100573,0.000628651,0,0.362677,0,bias
0,14.1,9.30087,-4.51843,1.30029,0.957351,-0.19855,10.0202,9.12677,9.81748,8.95903,-0.210248,0.120081,0.116507,0.0100596,0.000628651,0,0.362677,0,bias
0,14.12,9.30602,-4.49998,1.29632,0.951805,-0.20584,9.98118,9.05491,9.81748,9.26583,-0.206967,0.119925,0.11622,0.0100618,0.000628651,0,0.362677,0,bias
0,14.14,9.31122,-4.48167,1.29221,0.946278,-0.212992,9.94201,8.98355,10.1243,8.65224,-0.220804,0.119768,0.115934,0.0100639,0.000628651,0,0.362677,0,bias
0,14.16,9.31646,-4.46349,1.28795,0.940773,-0.220005,9.90274,8.91272,9.81748,8.95903,-0.211623,0.119611,0.115651,0.010066,0.000628651,0,0.362677,0,bias
0,14.18,9.32176,-4.44543,1.28355,0.935293,-0.226876,9.8634,8.84246,9.81748,8.65224,-0.216705,0.119454,0.11537,0.0100681,0.000628651,0,0.362677,0,bias
0,14.2,9.3271,-4.4275,1.27901,0.92984,-0.233603,9.82401,8.77279,9.81748,8.95903,-0.239671,0.119296,0.115091,0.0100701,0.000628651,0,0.362677,0,bias
0,14.22,9.33249,-4.40971,1.27434,0.924417,-0.240183,9.78459,8.70376,9.81748,8.65224,-0.231546,0.119138,0.114815,0.0100721,0.000628651,0,0.362677,0,bias
0,14.24,9.33793,-4.39204,1.26953,0.919027,-0.246616,9.74516,8.63539,9.81748,8.95903,-0.246795,0.118981,0.114542,0.010074,0.000628651,0,0.362677,0,bias
0,14.26,9.34343,-4.3745,1.2646,0.913673,-0.252898,9.70575,8.56771,9.51068,8.34544,-0.258287,0.118823,0.114271,0.0100759,0.000628651,0,0.362677,0,bias
0,14.28,9.34898,-4.35709,1.25954,0.908357,-0.259027,9.66638,8.50076,9.81748,8.34544,-0.243091,0.118666,0.114003,0.0100777,0.000628651,0,0.362677,0,bias
0,14.3,9.35459,-4.33981,1.25436,0.903081,-0.265003,9.62707,8.43455,9.51068,8.34544,-0.269041,0.118508,0.113738,0.0100795,0.000628651,0,0.362677,0,bias
0,14.32,9.36025,-4.32266,1.24906,0.897849,-0.270823,9.58784,8.36914,9.51068,8.34544,-0.280532,0.118351,0.113477,0.0100812,0.000628651,0,0.362677,0,bias
0,14.34,9.36598,-4.30564,1.24365,0.892663,-0.276487,9.54872,8.30453,9.81748,8.34544,-0.27825,0.118195,0.113218,0.0100829,0.000628651,0,0.362677,0,bias
0,14.36,9.37176,-4.28875,1.23812,0.887525,-0.281991,9.50973,8.24077,9.51068,8.34544,-0.281376,0.118039,0.112963,0.0100846,0.000628651,0,0.362677,0,bias
0,14.38,9.37761,-4.27199,1.23248,0.882438,-0.287335,9.47088,8.17787,9.81748,8.34544,-0.283743,0.117884,0.112711,0.0100862,0.000628651,0,0.362677,0,bias
0,14.4,9.38351,-4.25536,1.22673,0.877404,-0.292518,9.43221,8.11588,9.51068,8.03865,-0.274248,0.117729,0.112464,0.0100878,0.000628651,0,0.362677,0,bias
0,14.42,9.38948,-4.23885,1.22088,0.872427,-0.297539,9.39373,8.0548,9.51068,8.34544,-0.30381,0.117575,0.112219,0.0100893,0.000628651,0,0.362677,0,bias
0,14.44,9.39551,-4.22248,1.21493,0.867508,-0.302396,9.35547,7.99469,9.51068,8.03865,-0.297562,0.117422,0.111979,0.0100907,0.000628651,0,0.362677,0,bias
0,14.46,9.4016,-4.20624,1.20888,0.862649,-0.307088,9.31744,7.93554,9.51068,8.03865,-0.29836,0.11727,0.111742,0.0100921,0.000628651,0,0.362677,0,bias
0,14.48,9.40776,-4.19012,1.20274,0.857854,-0.311615,9.27967,7.87741,9.20388,8.03865,-0.290349,0.117119,0.11151,0.0100935,0.000628651,0,0.362677,0,bias
0,14.5,9.41399,-4.17413,1.19651,0.853124,-0.315976,9.24219,7.8203,9.20388,8.03865,-0.316994,0.116969,0.111281,0.0100948,0.000628651,0,0.362677,0,bias
0,14.52,9.42027,-4.15827,1.19019,0.848462,-0.32017,9.20501,7.76424,9.20388,7.73185,-0.331068,0.11682,0.111057,0.0100961,0.000628651,0,0.362677,0,bias
0,14.54,9.42663,-4.14253,1.18378,0.843871,-0.324196,9.16815,7.70927,9.51068,7.73185,-0.335571,0.116673,0.110837,0.0100973,0.000628651,0,0.362677,0,bias
0,14.56,9.43305,-4.12693,1.1773,0.839351,-0.328055,9.13164,7.65539,8.89709,7.73185,-0.336991,0.116527,0.110622,0.0100984,0.000628651,0,0.362677,0,bias
0,14.58,9.43954,-4.11144,1.17074,0.834906,-0.331745,9.09549,7.60264,8.89709,7.42505,-0.343833,0.116382,0.110411,0.0100995,0.000628651,0,0.362677,0,bias
0,14.6,9.44609,-4.09608,1.1641,0.830538,-0.335267,9.05973,7.55103,9.20388,7.73185,-0.337886,0.116239,0.110204,0.0101006,0.000628651,0,0.362677,0,bias
0,14.62,9.45271,-4.08085,1.1574,0.826249,-0.33862,9.02438,7.50059,8.89709,7.73185,-0.33737,0.116098,0.110002,0.0101016,0.000628651,0,0.362677,0,bias
0,14.64,9.4594,-4.06574,1.15063,0.82204,-0.341804,8.98946,7.45134,8.89709,7.42505,-0.344785,0.115958,0.109805,0.0101025,0.000628651,0,0.362677,0,bias
0,14.66,9.46616,-4.05075,1.14379,0.817914,-0.34482,8.95499,7.4033,8.89709,7.42505,-0.34916,0.11582,0.109613,0.0101034,0.000628651,0,0.362677,0,bias
0,14.68,9.47299,-4.03589,1.13689,0.813873,-0.347667,8.92098,7.35648,9.20388,7.42505,-0.346994,0.115684,0.109426,0.0101043,0.000628651,0,0.362677,0,bias
0,14.7,9.47988,-4.02114,1.12994,0.809919,-0.350346,8.88747,7.31092,8.89709,7.42505,-0.322855,0.11555,0.109244,0.0101051,0.000628651,0,0.362677,0,bias
0,14.72,9.48684,-4.00652,1.12293,0.806054,-0.352857,8.85447,7.26661,8.89709,7.11826,-0.341515,0.115418,0.109066,0.0101059,0.000628651,0,0.362677,0,bias
0,14.74,9.49388,-3.99201,1.11588,0.802279,-0.355201,8.822,7.22359,8.89709,7.42505,-0.347241,0.115288,0.108894,0.0101066,0.000628651,0,0.362677,0,bias
0,14.76,9.50098,-3.97762,1.10877,0.798597,-0.357378,8.79007,7.18187,8.59029,7.11826,-0.352473,0.11516,0.108727,0.0101072,0.000628651,0,0.362677,0,bias
0,14.78,9.50815,-3.96335,1.10162,0.795009,-0.359388,8.75871,7.14147,8.89709,7.11826,-0.378209,0.115035,0.108566,0.0101078,0.000628651,0,0.362677,0,bias
0,14.8,9.51539,-3.94919,1.09444,0.791517,-0.361233,8.72794,7.10239,8.59029,7.11826,-0.362154,0.114912,0.10841,0.0101084,0.000628651,0,0.362677,0,bias
0,14.82,9.5227,-3.93515,1.08721,0.788122,-0.362914,8.69778,7.06466,8.59029,7.11826,-0.381867,0.114791,0.108259,0.0101089,0.000628651,0,0.362677,0,bias
0,14.84,9.53008,-3.92122,1.07995,0.784826,-0.364431,8.66824,7.02829,8.59029,7.11826,-0.369443,0.114673,0.108113,0.0101093,0.000628651,0,0.362677,0,bias
0,14.86,9.53753,-3.90741,1.07266,0.781632,-0.365786,8.63933,6.9933,8.59029,7.11826,-0.364555,0.114557,0.107973,0.0101097,0.000628651,0,0.362677,0,bias
0,14.88,9.54505,-3.8937,1.06535,0.778539,-0.366979,8.61109,6.95968,8.89709,7.42505,-0.357737,0.114444,0.107839,0.0101101,0.000628651,0,0.362677,0,bias
0,14.9,9.55264,-3.88011,1.05801,0.77555,-0.368013,8.58353,6.92747,8.59029,7.11826,-0.374737,0.114334,0.10771,0.0101104,0.000628651,0,0.362677,0,bias
0,14.92,9.56029,-3.86662,1.05065,0.772666,-0.368887,8.55665,6.89666,8.59029,6.81146,-0.365303,0.114227,0.107587,0.0101107,0.000628651,0,0.362677,0,bias
0,14.94,9.56802,-3.85324,1.04327,0.769888,-0.369605,8.53049,6.86727,8.59029,7.11826,-0.355587,0.114122,0.107469,0.0101109,0.000628651,0,0.362677,0,bias
0,14.96,9.57582,-3.83996,1.03588,0.767218,-0.370167,8.50506,6.8393,8.59029,6.81146,-0.368763,0.11402,0.107357,0.0101111,0.000628651,0,0.362677,0,bias
0,14.98,9.5837,-3.82679,1.02848,0.764657,-0.370575,8.48036,6.81278,8.59029,6.81146,-0.35111,0.113921,0.107251,0.0101112,0.000628651,0,0.362677,0,bias
0,15,9.59164,-3.81372,1.02106,0.762206,-0.37083,8.45643,6.78769,8.2835,6.81146,-0.366359,0.113826,0.107151,0.0101112,0.000628651,0,0.362677,0,bias
0,15.02,9.59965,-3.80075,1.01365,0.759866,-0.370936,8.43327,6.76406,8.59029,6.50466,-0.378861,0.113733,0.107056,0.0101113,0.000628651,0,0.362677,0,bias
0,15.04,9.60773,-3.78788,1.00623,0.757639,-0.370892,8.41089,6.74188,8.59029,6.81146,-0.349444,0.113644,0.106968,0.0101113,0.000628651,0,0.362677,0,bias
0,15.06,9.61589,-3.77511,0.998811,0.755524,-0.370703,8.38932,6.72116,8.2835,6.81146,-0.370966,0.113557,0.106885,0.0101112,0.000628651,0,0.362677,0,bias
0,15.08,9.62411,-3.76244,0.991397,0.753524,-0.370369,8.36857,6.70191,8.2835,6.50466,-0.38598,0.113474,0.106808,0.0101111,0.000628651,0,0.362677,0,bias
0,15.1,9.63241,-3.74986,0.98399,0.751639,-0.369892,8.34865,6.68413,8.2835,6.81146,-0.378552,0.113395,0.106737,0.010111,0.000628651,0,0.362677,0,bias
0,15.12,9.64078,-3.73737,0.976592,0.74987,-0.369276,8.32957,6.66783,8.2835,6.50466,-0.354965,0.113318,0.106671,0.0101108,0.000628651,0,0.362677,0,bias
0,15.14,9.64922,-3.72497,0.969207,0.748218,-0.368522,8.31135,6.653,8.2835,6.50466,-0.348009,0.113245,0.106612,0.0101106,0.000628651,0,0.362677,0,bias
0,15.16,9.65774,-3.71267,0.961836,0.746683,-0.367634,8.29401,6.63965,8.2835,6.81146,-0.363288,0.113176,0.106559,0.0101103,0.000628651,0,0.362677,0,bias
0,15.18,9.66633,-3.70045,0.954484,0.745266,-0.366612,8.27754,6.62778,8.2835,6.50466,-0.353054,0.11311,0.106511,0.01011,0.000628651,0,0.362677,0,bias
0,15.2,9.67499,-3.68832,0.947151,0.743968,-0.365461,8.26197,6.61739,8.2835,6.50466,-0.378837,0.113048,0.10647,0.0101096,0.000628651,0,0.362677,0,bias
0,15.22,9.68372,-3.67627,0.939842,0.742789,-0.364182,8.2473,6.60848,7.9767,6.50466,-0.385349,0.112989,0.106434,0.0101093,0.000628651,0,0.362677,0,bias
0,15.24,9.69253,-3.66431,0.932558,0.741729,-0.362779,8.23355,6.60104,8.2835,6.81146,-0.356725,0.112934,0.106404,0.0101088,0.000628651,0,0.362677,0,bias
0,15.26,9.70141,-3.65243,0.925303,0.74079,-0.361254,8.22072,6.59508,7.9767,6.50466,-0.363052,0.112883,0.10638,0.0101084,0.000628651,0,0.362677,0,bias
0,15.28,9.71036,-3.64062,0.918078,0.739971,-0.35961,8.20883,6.59059,8.2835,6.50466,-0.371565,0.112835,0.106362,0.0101079,0.000628651,0,0.362677,0,bias
0,15.3,9.7194,-3.6289,0.910886,0.739273,-0.35785,8.19789,6.58756,8.2835,6.81146,-0.356465,0.112792,0.10635,0.0101074,0.000628651,0,0.362677,0,bias
0,15.32,9.7285,-3.61725,0.903729,0.738695,-0.355978,8.1879,6.586,8.2835,6.81146,-0.341261,0.112752,0.106344,0.0101068,0.000628651,0,0.362677,0,bias
0,15.34,9.73768,-3.60568,0.896609,0.738239,-0.353995,8.17888,6.5859,8.2835,6.50466,-0.358216,0.112716,0.106344,0.0101062,0.000628651,0,0.362677,0,bias
0,15.36,9.74694,-3.59417,0.889529,0.737903,-0.351906,8.17082,6.58724,8.2835,6.50466,-0.360509,0.112683,0.106349,0.0101056,0.000628651,0,0.362677,0,bias
0,15.38,9.75628,-3.58274,0.882491,0.737689,-0.349714,8.16375,6.59003,8.2835,6.81146,-0.342653,0.112655,0.10636,0.0101049,0.000628651,0,0.362677,0,bias
0,15.4,9.76569,-3.57138,0.875497,0.737596,-0.347421,8.15766,6.59426,7.9767,6.81146,-0.337544,0.112631,0.106377,0.0101042,0.000628651,0,0.362677,0,bias
0,15.42,9.77518,-3.56009,0.868548,0.737624,-0.345032,8.15256,6.59992,7.9767,6.50466,-0.347414,0.11261,0.1064,0.0101035,0.000628651,0,0.362677,0,bias
0,15.44,9.78474,-3.54886,0.861648,0.737773,-0.342549,8.14846,6.60699,8.2835,6.81146,-0.355464,0.112594,0.106428,0.0101028,0.000628651,0,0.362677,0,bias
0,15.46,9.79439,-3.53769,0.854797,0.738042,-0.339977,8.14537,6.61547,7.9767,6.81146,-0.341501,0.112581,0.106462,0.010102,0.000628651,0,0.362677,0,bias
0,15.48,9.80412,-3.52659,0.847997,0.738432,-0.337317,8.14328,6.62536,8.2835,6.81146,-0.326491,0.112573,0.106501,0.0101012,0.000628651,0,0.362677,0,bias
0,15.5,9.81392,-3.51555,0.841251,0.738942,-0.334575,8.14221,6.63662,7.9767,6.50466,-0.331412,0.112569,0.106546,0.0101004,0.000628651,0,0.362677,0,bias
0,15.52,9.82381,-3.50456,0.834559,0.739571,-0.331754,8.14216,6.64927,8.2835,6.50466,-0.336449,0.112569,0.106597,0.0100995,0.000628651,0,0.362677,0,bias
0,15.54,9.83378,-3.49364,0.827924,0.74032,-0.328857,8.14313,6.66327,7.9767,6.81146,-0.321154,0.112573,0.106653,0.0100987,0.000628651,0,0.362677,0,bias
0,15.56,9.84383,-3.48276,0.821347,0.741187,-0.325888,8.14512,6.67863,7.9767,6.81146,-0.346406,0.11258,0.106715,0.0100978,0.000628651,0,0.362677,0,bias
0,15.58,9.85397,-3.47194,0.814829,0.742173,-0.32285,8.14814,6.69531,7.9767,6.81146,-0.339535,0.112593,0.106781,0.0100969,0.000628651,0,0.362677,0,bias
0,15.6,9.86418,-3.46118,0.808372,0.743276,-0.319748,8.15219,6.71332,8.2835,6.81146,-0.33894,0.112609,0.106853,0.0100959,0.000628651,0,0.362677,0,bias
0,15.62,9.87448,-3.45046,0.801977,0.744495,-0.316586,8.15727,6.73263,8.2835,6.81146,-0.321037,0.112629,0.106931,0.010095,0.000628651,0,0.362677,0,bias
0,15.64,9.88487,-3.43979,0.795646,0.745831,-0.313366,8.16338,6.75323,8.2835,6.81146,-0.312223,0.112654,0.107013,0.010094,0.000628651,0,0.362677,0,bias
0,15.66,9.89534,-3.42917,0.789378,0.747281,-0.310093,8.17052,6.7751,8.2835,6.81146,-0.304172,0.112682,0.1071,0.010093,0.000628651,0,0.362677,0,bias
0,15.68,9.9059,-3.41859,0.783176,0.748846,-0.306771,8.17869,6.79823,8.2835,6.81146,-0.303155,0.112715,0.107193,0.010092,0.000628651,0,0.362677,0,bias
0,15.7,9.91655,-3.40806,0.777041,0.750524,-0.303403,8.1879,6.82258,7.9767,6.81146,-0.307788,0.112752,0.10729,0.010091,0.000628651,0,0.362677,0,bias
0,15.72,9.92728,-3.39756,0.770973,0.752314,-0.299994,8.19813,6.84816,8.2835,7.11826,-0.305963,0.112793,0.107393,0.01009,0.000628651,0,0.362677,0,bias
0,15.74,9.93811,-3.38711,0.764973,0.754216,-0.296547,8.20939,6.87493,7.9767,7.11826,-0.292968,0.112838,0.1075,0.010089,0.000628651,0,0.362677,0,bias
0,15.76,9.94902,-3.3767,0.759042,0.756228,-0.293067,8.22168,6.90288,8.2835,6.81146,-0.301656,0.112887,0.107612,0.0100879,0.000628651,0,0.362677,0,bias
0,15.78,9.96002,-3.36632,0.753181,0.758348,-0.289557,8.23499,6.93198,8.2835,7.11826,-0.282588,0.11294,0.107728,0.0100869,0.000628651,0,0.362677,0,bias
0,15.8,9.97112,-3.35598,0.74739,0.760577,-0.286021,8.24932,6.96222,8.2835,6.81146,-0.297364,0.112997,0.107849,0.0100858,0.000628651,0,0.362677,0,bias
0,15.82,9.9823,-3.34567,0.741669,0.762912,-0.282464,8.26466,6.99357,8.2835,6.81146,-0.282635,0.113059,0.107974,0.0100847,0.000628651,0,0.362677,0,bias
0,15.84,9.99358,-3.3354,0.73602,0.765352,-0.278889,8.28102,7.02602,8.2835,7.11826,-0.280243,0.113124,0.108104,0.0100837,0.000628651,0,0.362677,0,bias
0,15.86,10.005,-3.32515,0.730442,0.767895,-0.2753,8.29838,7.05953,8.2835,7.11826,-0.273525,0.113194,0.108238,0.0100826,0.000628651,0,0.362677,0,bias
0,15.88,10.0164,-3.31494,0.724936,0.770541,-0.271702,8.31674,7.09408,8.2835,7.11826,-0.247087,0.113267,0.108376,0.0100815,0.000628651,0,0.362677,0,bias
0,15.9,10.028,-3.30475,0.719502,0.773288,-0.268098,8.3361,7.12966,8.2835,7.11826,-0.250694,0.113344,0.108519,0.0100804,0.000628651,0,0.362677,0,bias
0,15.92,10.0396,-3.29459,0.71414,0.776134,-0.264492,8.35645,7.16623,8.2835,7.11826,-0.255981,0.113426,0.108665,0.0100793,0.000628651,0,0.362677,0,bias
0,15.94,10.0514,-3.28445,0.70885,0.779078,-0.260888,8.37777,7.20378,8.2835,7.11826,-0.266995,0.113511,0.108815,0.0100783,0.000628651,0,0.362677,0,bias
0,15.96,10.0633,-3.27434,0.703633,0.782117,-0.257291,8.40008,7.24227,8.59029,7.42505,-0.245802,0.1136,0.108969,0.0100772,0.000628651,0,0.362677,0,bias
0,15.98,10.0752,-3.26425,0.698487,0.785251,-0.253703,8.42334,7.28168,8.59029,7.42505,-0.237717,0.113693,0.109127,0.0100761,0.000628651,0,0.362677,0,bias
0,16,10.0873,-3.25418,0.693413,0.788478,-0.25013,8.44757,7.32198,8.2835,7.42505,-0.257388,0.11379,0.109288,0.010075,0.000628651,0,0.362677,0,bias
0,16.02,10.0994,-3.24413,0.68841,0.791795,-0.246575,8.47274,7.36315,8.2835,7.42505,-0.256552,0.113891,0.109453,0.010074,0.000628651,0,0.362677,0,bias
0,16.04,10.1117,-3.2341,0.683479,0.795201,-0.243041,8.49885,7.40517,8.2835,7.42505,-0.233697,0.113995,0.109621,0.0100729,0.000628651,0,0.362677,0,bias
0,16.06,10.124,-3.22409,0.678618,0.798694,-0.239534,8.52589,7.44799,8.59029,7.42505,-0.239955,0.114104,0.109792,0.0100719,0.000628651,0,0.362677,0,bias
0,16.08,10.1365,-3.21409,0.673827,0.802272,-0.236056,8.55385,7.4916,8.2835,7.42505,-0.239332,0.114215,0.109966,0.0100708,0.000628651,0,0.362677,0,bias
0,16.1,10.149,-3.20411,0.669106,0.805934,-0.232611,8.58271,7.53596,8.59029,7.42505,-0.233446,0.114331,0.110144,0.0100698,0.000628651,0,0.362677,0,bias
0,16.12,10.1617,-3.19414,0.664454,0.809676,-0.229204,8.61247,7.58105,8.89709,7.73185,-0.214689,0.11445,0.110324,0.0100688,0.000628651,0,0.362677,0,bias
0,16.14,10.1745,-3.18419,0.65987,0.813498,-0.225838,8.64312,7.62684,8.89709,7.73185,-0.23743,0.114572,0.110507,0.0100678,0.000628651,0,0.362677,0,bias
0,16.16,10.1874,-3.17424,0.655353,0.817397,-0.222517,8.67463,7.6733,8.59029,7.73185,-0.226002,0.114699,0.110693,0.0100668,0.000628651,0,0.362677,0,bias
0,16.18,10.2003,-3.16431,0.650903,0.82137,-0.219244,8.707,7.7204,8.59029,7.73185,-0.206294,0.114828,0.110882,0.0100658,0.000628651,0,0.362677,0,bias
0,16.2,10.2134,-3.15438,0.646518,0.825416,-0.216024,8.74022,7.76811,8.59029,7.73185,-0.2209,0.114961,0.111072,0.0100648,0.000628651,0,0.362677,0,bias
0,16.22,10.2266,-3.14447,0.642197,0.829533,-0.212859,8.77426,7.81639,8.59029,8.03865,-0.224875,0.115097,0.111266,0.0100639,0.000628651,0,0.362677,0,bias
0,16.24,10.2399,-3.13456,0.63794,0.833718,-0.209754,8.80912,7.86523,8.89709,7.73185,-0.210231,0.115236,0.111461,0.0100629,0.000628651,0,0.362677,0,bias
0,16.26,10.2534,-3.12465,0.633745,0.837968,-0.206711,8.84478,7.91458,8.89709,8.03865,-0.207492,0.115379,0.111658,0.010062,0.000628651,0,0.362677,0,bias
0,16.28,10.2669,-3.11476,0.629611,0.842283,-0.203735,8.88123,7.96442,8.89709,8.03865,-0.199528,0.115525,0.111858,0.0100611,0.000628651,0,0.362677,0,bias
0,16.3,10.2805,-3.10487,0.625536,0.846658,-0.200828,8.91845,8.01472,9.20388,8.03865,-0.198136,0.115674,0.112059,0.0100602,0.000628651,0,0.362677,0,bias
0,16.32,10.2943,-3.09498,0.621519,0.851093,-0.197995,8.95642,8.06544,9.20388,8.03865,-0.196719,0.115826,0.112262,0.0100594,0.000628651,0,0.362677,0,bias
0,16.34,10.3081,-3.0851,0.61756,0.855584,-0.195238,8.99513,8.11656,8.89709,8.03865,-0.190543,0.115981,0.112466,0.0100586,0.000628651,0,0.362677,0,bias
0,16.36,10.3221,-3.07521,0.613655,0.860129,-0.192561,9.03456,8.16803,8.89709,8.34544,-0.191725,0.116138,0.112672,0.0100578,0.000628651,0,0.362677,0,bias
0,16.38,10.3362,-3.06534,0.609804,0.864726,-0.189967,9.07469,8.21983,8.89709,8.34544,-0.188305,0.116299,0.112879,0.010057,0.000628651,0,0.362677,0,bias
0,16.4,10.3504,-3.05546,0.606004,0.869372,-0.187459,9.1155,8.27194,9.20388,8.34544,-0.192611,0.116462,0.113088,0.0100562,0.000628651,0,0.362677,0,bias
0,16.42,10.3647,-3.04558,0.602255,0.874064,-0.18504,9.15699,8.3243,9.20388,8.34544,-0.205894,0.116628,0.113297,0.0100555,0.000628651,0,0.362677,0,bias
0,16.44,10.3791,-3.0357,0.598554,0.878801,-0.182714,9.19912,8.3769,9.20388,8.34544,-0.178643,0.116796,0.113508,0.0100548,0.000628651,0,0.362677,0,bias
0,16.46,10.3936,-3.02583,0.5949,0.883579,-0.180482,9.24188,8.42971,9.20388,8.65224,-0.183367,0.116968,0.113719,0.0100541,0.000628651,0,0.362677,0,bias
0,16.48,10.4083,-3.01595,0.59129,0.888396,-0.178349,9.28524,8.48268,9.20388,8.65224,-0.175026,0.117141,0.113931,0.0100535,0.000628651,0,0.362677,0,bias
0,16.5,10.4231,-3.00607,0.587723,0.893249,-0.176316,9.3292,8.53578,9.20388,8.65224,-0.168877,0.117317,0.114143,0.0100529,0.000628651,0,0.362677,0,bias
0,16.52,10.438,-2.99619,0.584197,0.898136,-0.174387,9.37373,8.58899,9.20388,8.65224,-0.16834,0.117495,0.114356,0.0100523,0.000628651,0,0.362677,0,bias
0,16.54,10.453,-2.98631,0.580709,0.903054,-0.172564,9.41881,8.64227,9.51068,8.65224,-0.17753,0.117675,0.114569,0.0100518,0.000628651,0,0.362677,0,bias
0,16.56,10.4681,-2.97643,0.577258,0.908001,-0.170849,9.46442,8.6956,9.51068,8.65224,-0.19347,0.117858,0.114782,0.0100513,0.000628651,0,0.362677,0,bias
0,16.58,10.4833,-2.96654,0.573841,0.912973,-0.169247,9.51053,8.74893,9.51068,8.65224,-0.162892,0.118042,0.114996,0.0100508,0.000628651,0,0.362677,0,bias
0,16.6,10.4987,-2.95666,0.570456,0.917968,-0.167757,9.55714,8.80223,9.51068,8.95903,-0.179112,0.118229,0.115209,0.0100503,0.000628651,0,0.362677,0,bias
0,16.62,10.5141,-2.94677,0.567101,0.922984,-0.166384,9.6042,8.85547,9.51068,8.65224,-0.171704,0.118417,0.115422,0.0100499,0.000628651,0,0.362677,0,bias
0,16.64,10.5297,-2.93688,0.563773,0.928017,-0.165129,9.65171,8.90863,9.81748,8.95903,-0.162781,0.118607,0.115635,0.0100495,0.000628651,0,0.362677,0,bias
0,16.66,10.5454,-2.92699,0.560471,0.933065,-0.163995,9.69964,8.96167,9.51068,8.65224,-0.17234,0.118799,0.115847,0.0100492,0.000628651,0,0.362677,0,bias
0,16.68,10.5612,-2.91709,0.557191,0.938126,-0.162983,9.74797,9.01455,9.81748,9.26583,-0.156631,0.118992,0.116058,0.0100489,0.000628651,0,0.362677,0,bias
0,16.7,10.5772,-2.9072,0.553931,0.943196,-0.162095,9.79667,9.06725,9.81748,8.95903,-0.168795,0.119187,0.116269,0.0100486,0.000628651,0,0.362677,0,bias
0,16.72,10.5932,-2.8973,0.550689,0.948273,-0.161334,9.84573,9.11973,9.81748,9.26583,-0.164091,0.119383,0.116479,0.0100484,0.000628651,0,0.362677,0,bias
0,16.74,10.6094,-2.8874,0.547463,0.953354,-0.160701,9.89511,9.17196,10.1243,9.26583,-0.162902,0.11958,0.116688,0.0100482,0.000628651,0,0.362677,0,bias
0,16.76,10.6257,-2.8775,0.544249,0.958436,-0.160199,9.94481,9.22391,9.81748,9.26583,-0.173754,0.119779,0.116896,0.0100481,0.000628651,0,0.362677,0,bias
0,16.78,10.6421,-2.86761,0.541045,0.963517,-0.159828,9.99478,9.27555,10.1243,9.26583,-0.168319,0.119979,0.117102,0.0100479,0.000628651,0,0.362677,0,bias
0,16.8,10.6587,-2.85771,0.537848,0.968593,-0.15959,10.045,9.32685,10.1243,9.26583,-0.160527,0.12018,0.117307,0.0100479,0.000628651,0,0.362677,0,bias
0,16.82,10.6753,-2.84781,0.534656,0.973663,-0.159486,10.0955,9.37778,10.1243,9.26583,-0.160265,0.120382,0.117511,0.0100478,0.000628651,0,0.362677,0,bias
0,16.84,10.6921,-2.83791,0.531466,0.978723,-0.159519,10.1461,9.42831,10.1243,9.57263,-0.145984,0.120585,0.117713,0.0100479,0.000628651,0,0.362677,0,bias
0,16.86,10.709,-2.82802,0.528276,0.983771,-0.159689,10.197,9.47841,10.4311,9.57263,-0.148159,0.120788,0.117914,0.0100479,0.000628651,0,0.362677,0,bias
0,16.88,10.726,-2.81813,0.525082,0.988804,-0.159997,10.248,9.52804,10.1243,9.57263,-0.179638,0.120992,0.118112,0.010048,0.000628651,0,0.362677,0,bias
0,16.9,10.7431,-2.80824,0.521882,0.993818,-0.160445,10.2992,9.57718,10.1243,9.57263,-0.163088,0.121197,0.118309,0.0100481,0.000628651,0,0.362677,0,bias
0,16.92,10.7604,-2.79836,0.518673,0.998813,-0.161033,10.3505,9.6258,10.4311,9.87942,-0.163964,0.121402,0.118503,0.0100483,0.000628651,0,0.362677,0,bias
0,16.94,10.7777,-2.78849,0.515453,1.00378,-0.161763,10.4018,9.67388,10.4311,9.57263,-0.151095,0.121607,0.118696,0.0100485,0.000628651,0,0.362677,0,bias
0,16.96,10.7952,-2.77862,0.512218,1.00873,-0.162634,10.4532,9.72137,10.4311,9.87942,-0.169396,0.121813,0.118885,0.0100488,0.000628651,0,0.362677,0,bias
0,16.98,10.8128,-2.76876,0.508965,1.01365,-0.163648,10.5047,9.76826,10.7379,9.87942,-0.16952,0.122019,0.119073,0.0100491,0.000628651,0,0.362677,0,bias
0,17,10.8305,-2.75891,0.505692,1.01853,-0.164806,10.5561,9.81451,10.4311,9.87942,-0.170124,0.122225,0.119258,0.0100494,0.000628651,0,0.362677,0,bias
0,17.02,10.8484,-2.74907,0.502396,1.02338,-0.166107,10.6076,9.86011,10.7379,9.87942,-0.167353,0.12243,0.11944,0.0100498,0.000628651,0,0.362677,0,bias
0,17.04,10.8663,-2.73925,0.499074,1.0282,-0.167552,10.659,9.90501,10.4311,9.87942,-0.177814,0.122636,0.11962,0.0100503,0.000628651,0,0.362677,0,bias
0,17.06,10.8844,-2.72944,0.495723,1.03298,-0.169142,10.7103,9.9492,11.0447,10.1862,-0.16411,0.122841,0.119797,0.0100507,0.000628651,0,0.362677,0,bias
0,17.08,10.9026,-2.71964,0.49234,1.03771,-0.170876,10.7616,9.99265,11.0447,10.1862,-0.183764,0.123046,0.119971,0.0100513,0.000628651,0,0.362677,0,bias
0,17.1,10.9209,-2.70986,0.488922,1.0424,-0.172755,10.8127,10.0353,10.7379,10.1862,-0.172823,0.123251,0.120141,0.0100518,0.000628651,0,0.362677,0,bias
0,17.12,10.9393,-2.7001,0.485467,1.04705,-0.174778,10.8637,10.0772,10.7379,10.1862,-0.155597,0.123455,0.120309,0.0100524,0.000628651,0,0.362677,0,bias
0,17.14,10.9578,-2.69036,0.481972,1.05164,-0.176945,10.9146,10.1183,10.7379,10.1862,-0.161645,0.123658,0.120473,0.0100531,0.000628651,0,0.362677,0,bias
0,17.16,10.9765,-2.68064,0.478433,1.05619,-0.179257,10.9652,10.1585,11.0447,10.1862,-0.162613,0.123861,0.120634,0.0100538,0.000628651,0,0.362677,0,bias
0,17.18,10.9953,-2.67095,0.474848,1.06068,-0.181712,11.0156,10.1979,11.0447,10.493,-0.176662,0.124062,0.120792,0.0100545,0.000628651,0,0.362677,0,bias
0,17.2,11.0142,-2.66129,0.471213,1.06511,-0.18431,11.0658,10.2364,11.0447,10.493,-0.177819,0.124263,0.120946,0.0100553,0.000628651,0,0.362677,0,bias
0,17.22,11.0332,-2.65165,0.467527,1.06948,-0.187052,11.1157,10.274,11.0447,10.1862,-0.200025,0.124463,0.121096,0.0100561,0.000628651,0,0.362677,0,bias
0,17.24,11.0523,-2.64205,0.463786,1.0738,-0.189935,11.1653,10.3106,11.0447,10.493,-0.19417,0.124661,0.121242,0.010057,0.000628651,0,0.362677,0,bias
0,17.26,11.0715,-2.63248,0.459987,1.07804,-0.192959,11.2146,10.3463,11.0447,10.493,-0.194472,0.124858,0.121385,0.0100579,0.000628651,0,0.362677,0,bias
0,17.28,11.0908,-2.62294,0.456128,1.08223,-0.196124,11.2636,10.381,11.0447,10.493,-0.192218,0.125054,0.121524,0.0100588,0.000628651,0,0.362677,0,bias
0,17.3,11.1103,-2.61345,0.452206,1.08634,-0.199428,11.3121,10.4147,11.3515,10.493,-0.196924,0.125249,0.121659,0.0100598,0.000628651,0,0.362677,0,bias
0,17.32,11.1298,-2.60399,0.448217,1.09039,-0.202871,11.3603,10.4474,11.0447,10.493,-0.208813,0.125441,0.12179,0.0100609,0.000628651,0,0.362677,0,bias
0,17.34,11.1495,-2.59458,0.44416,1.09436,-0.206451,11.4081,10.4791,11.6583,10.493,-0.213496,0.125632,0.121916,0.0100619,0.000628651,0,0.362677,0,bias
0,17.36,11.1693,-2.58522,0.440031,1.09826,-0.210167,11.4554,10.5097,11.3515,10.493,-0.215048,0.125822,0.122039,0.010063,0.000628651,0,0.362677,0,bias
0,17.38,11.1892,-2.5759,0.435827,1.10208,-0.214017,11.5023,10.5392,11.6583,10.7998,-0.208156,0.126009,0.122157,0.0100642,0.000628651,0,0.362677,0,bias
0,17.4,11.2092,-2.56664,0.431547,1.10582,-0.218,11.5487,10.5677,11.6583,10.7998,-0.220629,0.126195,0.122271,0.0100654,0.000628651,0,0.362677,0,bias
0,17.42,11.2293,-2.55744,0.427187,1.10948,-0.222115,11.5945,10.595,11.6583,10.493,-0.220244,0.126378,0.12238,0.0100666,0.000628651,0,0.362677,0,bias
0,17.44,11.2495,-2.54829,0.422745,1.11305,-0.22636,11.6398,10.6212,11.6583,10.493,-0.209029,0.126559,0.122485,0.0100679,0.000628651,0,0.362677,0,bias
0,17.46,11.2698,-2.5392,0.418217,1.11654,-0.230733,11.6846,10.6463,11.3515,10.7998,-0.212048,0.126738,0.122585,0.0100692,0.000628651,0,0.362677,0,bias
0,17.48,11.2903,-2.53018,0.413603,1.11995,-0.235232,11.7288,10.6702,11.6583,10.7998,-0.253725,0.126915,0.122681,0.0100706,0.000628651,0,0.362677,0,bias
0,17.5,11.3108,-2.52122,0.408898,1.12326,-0.239856,11.7723,10.693,11.6583,10.7998,-0.244486,0.127089,0.122772,0.010072,0.000628651,0,0.362677,0,bias
0,17.52,11.3314,-2.51234,0.404101,1.12649,-0.244601,11.8152,10.7145,11.6583,10.493,-0.231022,0.127261,0.122858,0.0100734,0.000628651,0,0.362677,0,bias
0,17.54,11.3522,-2.50353,0.399209,1.12962,-0.249467,11.8575,10.7349,11.9651,10.7998,-0.238333,0.12743,0.12294,0.0100748,0.000628651,0,0.362677,0,bias
0,17.56,11.373,-2.4948,0.39422,1.13266,-0.254452,11.8991,10.7541,11.9651,10.7998,-0.232421,0.127596,0.123016,0.0100763,0.000628651,0,0.362677,0,bias
0,17.58,11.3939,-2.48616,0.389131,1.1356,-0.259551,11.94,10.772,11.9651,10.7998,-0.25667,0.12776,0.123088,0.0100779,0.000628651,0,0.362677,0,bias
0,17.6,11.415,-2.47759,0.38394,1.13845,-0.264764,11.9802,10.7888,11.9651,10.7998,-0.277306,0.127921,0.123155,0.0100794,0.000628651,0,0.362677,0,bias
0,17.62,11.4361,-2.46912,0.378644,1.14119,-0.270088,12.0196,10.8042,11.9651,10.7998,-0.276203,0.128079,0.123217,0.010081,0.000628651,0,0.362677,0,bias
0,17.64,11.4573,-2.46074,0.373243,1.14384,-0.275521,12.0583,10.8185,11.9651,10.7998,-0.283053,0.128233,0.123274,0.0100827,0.000628651,0,0.362677,0,bias
0,17.66,11.4787,-2.45246,0.367732,1.14638,-0.281059,12.0962,10.8314,12.2718,10.7998,-0.263736,0.128385,0.123326,0.0100843,0.000628651,0,0.362677,0,bias
0,17.68,11.5001,-2.44428,0.362111,1.14882,-0.2867,12.1333,10.8431,12.2718,10.7998,-0.291509,0.128533,0.123373,0.010086,0.000628651,0,0.362677,0,bias
0,17.7,11.5216,-2.4362,0.356377,1.15116,-0.292441,12.1696,10.8536,12.2718,10.7998,-0.291775,0.128678,0.123414,0.0100877,0.000628651,0,0.362677,0,bias
0,17.72,11.5432,-2.42823,0.350528,1.15339,-0.29828,12.205,10.8627,12.5786,10.7998,-0.296319,0.12882,0.123451,0.0100895,0.000628651,0,0.362677,0,bias
0,17.74,11.5649,-2.42037,0.344563,1.15551,-0.304213,12.2395,10.8706,11.9651,10.7998,-0.304953,0.128958,0.123482,0.0100913,0.000628651,0,0.362677,0,bias
0,17.76,11.5867,-2.41263,0.338478,1.15752,-0.310237,12.2732,10.8772,12.2718,11.1066,-0.295912,0.129093,0.123509,0.0100931,0.000628651,0,0.362677,0,bias
0,17.78,11.6085,-2.40501,0.332274,1.15942,-0.31635,12.306,10.8824,12.2718,10.7998,-0.305843,0.129224,0.12353,0.0100949,0.000628651,0,0.362677,0,bias
0,17.8,11.6305,-2.39752,0.325947,1.16121,-0.322548,12.3379,10.8864,12.2718,11.1066,-0.322986,0.129351,0.123546,0.0100968,0.000628651,0,0.362677,0,bias
0,17.82,11.6525,-2.39015,0.319496,1.16289,-0.328828,12.3688,10.8891,12.5786,10.7998,-0.336489,0.129475,0.123556,0.0100986,0.000628651,0,0.362677,0,bias
0,17.84,11.6746,-2.38292,0.312919,1.16446,-0.335186,12.3987,10.8904,12.5786,11.1066,-0.344952,0.129595,0.123562,0.0101006,0.000628651,0,0.362677,0,bias
0,17.86,11.6968,-2.37583,0.306215,1.16591,-0.34162,12.4277,10.8905,12.5786,10.7998,-0.348328,0.129711,0.123562,0.0101025,0.000628651,0,0.362677,0,bias
0,17.88,11.719,-2.36887,0.299383,1.16725,-0.348126,12.4558,10.8892,12.2718,11.1066,-0.3426,0.129823,0.123557,0.0101044,0.000628651,0,0.362677,0,bias
0,17.9,11.7414,-2.36207,0.29242,1.16847,-0.3547,12.4828,10.8866,12.2718,11.1066,-0.357933,0.129931,0.123546,0.0101064,0.000628651,0,0.362677,0,bias
0,17.92,11.7638,-2.35541,0.285326,1.16958,-0.361339,12.5088,10.8827,12.2718,11.1066,-0.37049,0.130035,0.123531,0.0101084,0.000628651,0,0.362677,0,bias
0,17.94,11.7862,-2.34891,0.2781,1.17056,-0.368039,12.5337,10.8775,12.5786,10.7998,-0.371772,0.130135,0.12351,0.0101104,0.000628651,0,0.362677,0,bias
0,17.96,11.8088,-2.34256,0.270739,1.17143,-0.374797,12.5576,10.871,12.5786,10.7998,-0.384521,0.130231,0.123484,0.0101124,0.000628651,0,0.362677,0,bias
0,17.98,11.8314,-2.33638,0.263243,1.17219,-0.381609,12.5805,10.8632,12.5786,11.1066,-0.365969,0.130322,0.123453,0.0101145,0.000628651,0,0.362677,0,bias
0,18,11.854,-2.33037,0.255611,1.17282,-0.388472,12.6023,10.8541,12.5786,11.1066,-0.381439,0.130409,0.123417,0.0101165,0.000628651,0,0.362677,0,bias
0,18.02,11.8767,-2.32452,0.247841,1.17334,-0.39538,12.623,10.8437,12.5786,10.7998,-0.385579,0.130492,0.123375,0.0101186,0.000628651,0,0.362677,0,bias
0,18.04,11.8995,-2.31886,0.239934,1.17373,-0.402332,12.6425,10.8321,12.5786,10.7998,-0.402146,0.13057,0.123328,0.0101207,0.000628651,0,0.362677,0,bias
0,18.06,11.9223,-2.31337,0.231887,1.17401,-0.409322,12.661,10.8191,12.2718,10.7998,-0.420229,0.130644,0.123276,0.0101228,0.000628651,0,0.362677,0,bias
0,18.08,11.9452,-2.30807,0.223701,1.17416,-0.416348,12.6784,10.8048,12.5786,11.1066,-0.392237,0.130714,0.123219,0.0101249,0.000628651,0,0.362677,0,bias
0,18.1,11.9681,-2.30295,0.215374,1.17419,-0.423404,12.6946,10.7893,12.8854,10.7998,-0.415371,0.130778,0.123157,0.010127,0.000628651,0,0.362677,0,bias
0,18.12,11.9911,-2.29803,0.206906,1.17411,-0.430487,12.7097,10.7725,12.8854,10.7998,-0.420934,0.130839,0.12309,0.0101291,0.000628651,0,0.362677,0,bias
0,18.14,12.0141,-2.29331,0.198296,1.1739,-0.437593,12.7236,10.7544,12.5786,10.7998,-0.436383,0.130894,0.123018,0.0101313,0.000628651,0,0.362677,0,bias
0,18.16,12.0371,-2.28878,0.189544,1.17357,-0.444718,12.7364,10.7351,12.8854,10.7998,-0.44049,0.130945,0.12294,0.0101334,0.000628651,0,0.362677,0,bias
0,18.18,12.0602,-2.28446,0.18065,1.17313,-0.451858,12.7479,10.7146,12.5786,10.7998,-0.456079,0.130992,0.122858,0.0101356,0.000628651,0,0.362677,0,bias
0,18.2,12.0833,-2.28035,0.171612,1.17256,-0.459009,12.7583,10.6928,12.5786,10.493,-0.473072,0.131033,0.122771,0.0101377,0.000628651,0,0.362677,0,bias
0,18.22,12.1064,-2.27645,0.162432,1.17187,-0.466166,12.7676,10.6698,12.5786,10.7998,-0.474886,0.13107,0.122679,0.0101398,0.000628651,0,0.362677,0,bias
0,18.24,12.1296,-2.27277,0.153109,1.17106,-0.473326,12.7756,10.6456,12.8854,10.7998,-0.478239,0.131102,0.122582,0.010142,0.000628651,0,0.362677,0,bias
0,18.26,12.1527,-2.26931,0.143642,1.17013,-0.480485,12.7824,10.6202,12.5786,10.7998,-0.477199,0.13113,0.122481,0.0101441,0.000628651,0,0.362677,0,bias
0,18.28,12.1759,-2.26607,0.134033,1.16908,-0.487637,12.788,10.5937,12.5786,10.7998,-0.493744,0.131152,0.122375,0.0101463,0.000628651,0,0.362677,0,bias
0,18.3,12.1991,-2.26306,0.12428,1.16792,-0.49478,12.7924,10.5659,12.8854,10.7998,-0.502442,0.13117,0.122264,0.0101484,0.000628651,0,0.362677,0,bias
0,18.32,12.2223,-2.26028,0.114384,1.16663,-0.501909,12.7956,10.537,12.8854,10.1862,-0.495726,0.131182,0.122148,0.0101506,0.000628651,0,0.362677,0,bias
0,18.34,12.2455,-2.25773,0.104346,1.16523,-0.509019,12.7976,10.507,12.5786,10.7998,-0.504794,0.13119,0.122028,0.0101527,0.000628651,0,0.362677,0,bias
0,18.36,12.2687,-2.25542,0.0941659,1.16371,-0.516107,12.7983,10.4758,12.5786,10.7998,-0.523444,0.131193,0.121903,0.0101548,0.000628651,0,0.362677,0,bias
0,18.38,12.2919,-2.25335,0.0838437,1.16207,-0.523168,12.7978,10.4436,12.8854,10.493,-0.522527,0.131191,0.121774,0.010157,0.000628651,0,0.362677,0,bias
0,18.4,12.315,-2.25153,0.0733804,1.16032,-0.530198,12.7961,10.4102,12.5786,10.493,-0.537085,0.131185,0.121641,0.0101591,0.000628651,0,0.362677,0,bias
0,18.42,12.3382,-2.24995,0.0627764,1.15845,-0.537193,12.7932,10.3758,12.8854,10.493,-0.542615,0.131173,0.121503,0.0101612,0.000628651,0,0.362677,0,bias
0,18.44,12.3613,-2.24862,0.0520326,1.15647,-0.544149,12.789,10.3403,12.8854,10.493,-0.546524,0.131156,0.121361,0.0101632,0.000628651,0,0.362677,0,bias
0,18.46,12.3844,-2.24754,0.0411496,1.15437,-0.551061,12.7836,10.3038,12.5786,10.493,-0.555036,0.131134,0.121215,0.0101653,0.000628651,0,0.362677,0,bias
0,18.48,12.4075,-2.24672,0.0301284,1.15216,-0.557926,12.777,10.2663,12.5786,10.1862,-0.559455,0.131108,0.121065,0.0101674,0.000628651,0,0.362677,0,bias
0,18.5,12.4305,-2.24615,0.0189698,1.14984,-0.564739,12.7691,10.2278,12.8854,10.493,-0.554838,0.131076,0.120911,0.0101694,0.000628651,0,0.362677,0,bias
0,18.52,12.4535,-2.24585,0.00767507,1.14741,-0.571496,12.76,10.1883,12.8854,10.1862,-0.577009,0.13104,0.120753,0.0101714,0.000628651,0,0.362677,0,bias
0,18.54,12.4765,-2.2458,-0.00375485,1.14488,-0.578193,12.7497,10.1478,12.5786,10.1862,-0.565497,0.130999,0.120591,0.0101735,0.000628651,0,0.362677,0,bias
0,18.56,12.4994,-2.24602,-0.0153187,1.14223,-0.584826,12.7381,10.1064,12.8854,9.87942,-0.60225,0.130953,0.120426,0.0101754,0.000628651,0,0.362677,0,bias
0,18.58,12.5222,-2.2465,-0.0270152,1.13947,-0.591391,12.7254,10.0641,12.8854,10.1862,-0.597139,0.130902,0.120256,0.0101774,0.000628651,0,0.362677,0,bias
0,18.6,12.545,-2.24725,-0.0388431,1.13662,-0.597884,12.7114,10.0209,12.5786,10.1862,-0.586026,0.130846,0.120084,0.0101794,0.000628651,0,0.362677,0,bias
0,18.62,12.5677,-2.24827,-0.0508008,1.13365,-0.604301,12.6962,9.97685,12.5786,10.1862,-0.600885,0.130785,0.119907,0.0101813,0.000628651,0,0.362677,0,bias
0,18.64,12.5903,-2.24956,-0.0628868,1.13059,-0.610637,12.6798,9.93194,12.5786,10.1862,-0.608515,0.130719,0.119728,0.0101832,0.000628651,0,0.362677,0,bias
0,18.66,12.6129,-2.25112,-0.0750995,1.12742,-0.616889,12.6622,9.8862,12.5786,10.1862,-0.621221,0.130649,0.119545,0.0101851,0.000628651,0,0.362677,0,bias
0,18.68,12.6354,-2.25295,-0.0874373,1.12415,-0.623054,12.6434,9.83967,12.8854,9.87942,-0.632388,0.130574,0.119359,0.0101869,0.000628651,0,0.362677,0,bias
0,18.7,12.6577,-2.25505,-0.0998984,1.12079,-0.629126,12.6234,9.79236,12.5786,9.87942,-0.625744,0.130494,0.119169,0.0101887,0.000628651,0,0.362677,0,bias
0,18.72,12.68,-2.25743,-0.112481,1.11733,-0.635102,12.6023,9.74431,12.5786,9.87942,-0.641727,0.130409,0.118977,0.0101905,0.000628651,0,0.362677,0,bias
0,18.74,12.7022,-2.26008,-0.125183,1.11377,-0.64098,12.5799,9.69553,12.5786,9.57263,-0.648443,0.13032,0.118782,0.0101923,0.000628651,0,0.362677,0,bias
0,18.76,12.7243,-2.263,-0.138003,1.11013,-0.646753,12.5565,9.64606,12.5786,9.87942,-0.640409,0.130226,0.118584,0.010194,0.000628651,0,0.362677,0,bias
0,18.78,12.7463,-2.2662,-0.150938,1.10639,-0.65242,12.5318,9.59592,12.5786,9.57263,-0.667688,0.130127,0.118384,0.0101957,0.000628651,0,0.362677,0,bias
0,18.8,12.7681,-2.26967,-0.163986,1.10256,-0.657977,12.506,9.54513,12.5786,9.57263,-0.653262,0.130024,0.118181,0.0101974,0.000628651,0,0.362677,0,bias
0,18.82,12.7899,-2.27341,-0.177146,1.09864,-0.663419,12.4791,9.49372,12.2718,9.87942,-0.655737,0.129916,0.117975,0.010199,0.000628651,0,0.362677,0,bias
0,18.84,12.8115,-2.27743,-0.190414,1.09464,-0.668743,12.4511,9.44173,12.2718,9.57263,-0.654418,0.129804,0.117767,0.0102006,0.000628651,0,0.362677,0,bias
0,18.86,12.8329,-2.28171,-0.203789,1.09055,-0.673946,12.4219,9.38917,12.2718,9.26583,-0.668657,0.129688,0.117557,0.0102022,0.000628651,0,0.362677,0,bias
0,18.88,12.8543,-2.28627,-0.217268,1.08639,-0.679025,12.3917,9.33607,12.5786,9.26583,-0.66794,0.129567,0.117344,0.0102037,0.000628651,0,0.362677,0,bias
0,18.9,12.8754,-2.2911,-0.230848,1.08214,-0.683976,12.3604,9.28247,12.2718,9.26583,-0.681391,0.129441,0.11713,0.0102052,0.000628651,0,0.362677,0,bias
0,18.92,12.8965,-2.29619,-0.244528,1.07782,-0.688796,12.328,9.22839,12.2718,9.26583,-0.700053,0.129312,0.116914,0.0102066,0.000628651,0,0.362677,0,bias
0,18.94,12.9174,-2.30156,-0.258304,1.07342,-0.693481,12.2945,9.17387,12.2718,9.26583,-0.698065,0.129178,0.116695,0.010208,0.000628651,0,0.362677,0,bias
0,18.96,12.9381,-2.30718,-0.272173,1.06895,-0.698028,12.26,9.11892,12.5786,8.95903,-0.692817,0.12904,0.116476,0.0102094,0.000628651,0,0.362677,0,bias
0,18.98,12.9586,-2.31308,-0.286134,1.06441,-0.702435,12.2245,9.06358,12.2718,8.95903,-0.71352,0.128898,0.116254,0.0102107,0.000628651,0,0.362677,0,bias
0,19,12.979,-2.31923,-0.300183,1.05979,-0.706698,12.188,9.00787,11.9651,8.95903,-0.719495,0.128752,0.116031,0.010212,0.000628651,0,0.362677,0,bias
0,19.02,12.9992,-2.32564,-0.314316,1.05512,-0.710815,12.1505,8.95184,11.9651,8.95903,-0.703311,0.128602,0.115807,0.0102132,0.000628651,0,0.362677,0,bias
0,19.04,13.0192,-2.3323,-0.328533,1.05038,-0.714782,12.112,8.8955,12.2718,9.26583,-0.71595,0.128448,0.115582,0.0102144,0.000628651,0,0.362677,0,bias
0,19.06,13.0391,-2.33922,-0.342828,1.04557,-0.718597,12.0726,8.83889,12.2718,8.95903,-0.696597,0.12829,0.115356,0.0102156,0.000628651,0,0.362677,0,bias
0,19.08,13.0587,-2.3464,-0.3572,1.04071,-0.722257,12.0322,8.78204,11.9651,8.65224,-0.73165,0.128129,0.115128,0.0102167,0.000628651,0,0.362677,0,bias
0,19.1,13.0782,-2.35381,-0.371646,1.03579,-0.725759,11.9909,8.72497,11.9651,8.95903,-0.717691,0.127964,0.1149,0.0102177,0.000628651,0,0.362677,0,bias
0,19.12,13.0974,-2.36148,-0.386161,1.03082,-0.729101,11.9487,8.66773,11.6583,8.65224,-0.725267,0.127795,0.114671,0.0102187,0.000628651,0,0.362677,0,bias
0,19.14,13.1164,-2.36938,-0.400743,1.0258,-0.732281,11.9056,8.61033,11.9651,8.65224,-0.73338,0.127622,0.114441,0.0102197,0.000628651,0,0.362677,0,bias
0,19.16,13.1353,-2.37752,-0.415388,1.02072,-0.735295,11.8616,8.55281,11.9651,8.65224,-0.753369,0.127447,0.114211,0.0102206,0.000628651,0,0.362677,0,bias
0,19.18,13.1539,-2.3859,-0.430094,1.0156,-0.738143,11.8168,8.4952,11.9651,8.65224,-0.749106,0.127267,0.113981,0.0102214,0.000628651,0,0.362677,0,bias
0,19.2,13.1723,-2.3945,-0.444857,1.01044,-0.740821,11.7712,8.43754,11.9651,8.34544,-0.753044,0.127085,0.11375,0.0102222,0.000628651,0,0.362677,0,bias
0,19.22,13.1905,-2.40333,-0.459674,1.00523,-0.743327,11.7248,8.37984,11.6583,8.65224,-0.761283,0.126899,0.113519,0.010223,0.000628651,0,0.362677,0,bias
0,19.24,13.2084,-2.41239,-0.47454,0.999988,-0.74566,11.6776,8.32215,11.6583,8.34544,-0.757348,0.12671,0.113289,0.0102237,0.000628651,0,0.362677,0,bias
0,19.26,13.2261,-2.42166,-0.489453,0.994708,-0.747817,11.6297,8.26449,11.6583,8.03865,-0.744015,0.126519,0.113058,0.0102243,0.000628651,0,0.362677,0,bias
0,19.28,13.2436,-2.43114,-0.50441,0.989394,-0.749797,11.581,8.2069,11.6583,8.34544,-0.729536,0.126324,0.112828,0.0102249,0.000628651,0,0.362677,0,bias
0,19.3,13.2609,-2.44083,-0.519406,0.984049,-0.751598,11.5316,8.1494,11.3515,8.03865,-0.757149,0.126126,0.112598,0.0102255,0.000628651,0,0.362677,0,bias
0,19.32,13.2779,-2.45073,-0.534437,0.978677,-0.753218,11.4815,8.09202,11.3515,8.34544,-0.746456,0.125926,0.112368,0.010226,0.000628651,0,0.362677,0,bias
0,19.34,13.2947,-2.46083,-0.549502,0.973278,-0.754656,11.4308,8.03481,11.3515,8.34544,-0.756805,0.125723,0.112139,0.0102264,0.000628651,0,0.362677,0,bias
0,19.36,13.3112,-2.47112,-0.564595,0.967858,-0.75591,11.3794,7.97778,11.3515,8.03865,-0.74845,0.125518,0.111911,0.0102268,0.000628651,0,0.362677,0,bias
0,19.38,13.3275,-2.4816,-0.579713,0.962417,-0.75698,11.3274,7.92097,11.3515,8.03865,-0.77837,0.12531,0.111684,0.0102271,0.000628651,0,0.362677,0,bias
0,19.4,13.3435,-2.49226,-0.594853,0.95696,-0.757863,11.2748,7.86441,11.3515,8.03865,-0.761502,0.125099,0.111458,0.0102274,0.000628651,0,0.362677,0,bias
0,19.42,13.3592,-2.50311,-0.61001,0.951488,-0.758558,11.2216,7.80813,11.3515,8.03865,-0.776537,0.124887,0.111233,0.0102276,0.000628651,0,0.362677,0,bias
0,19.44,13.3748,-2.51413,-0.625181,0.946005,-0.759065,11.1679,7.75215,11.3515,7.73185,-0.75746,0.124672,0.111009,0.0102277,0.000628651,0,0.362677,0,bias
0,19.46,13.39,-2.52532,-0.640362,0.940513,-0.759383,11.1137,7.69652,11.0447,7.73185,-0.753976,0.124455,0.110786,0.0102278,0.000628651,0,0.362677,0,bias
0,19.48,13.405,-2.53667,-0.65555,0.935016,-0.759511,11.0591,7.64126,11.0447,7.73185,-0.763222,0.124236,0.110565,0.0102279,0.000628651,0,0.362677,0,bias
0,19.5,13.4198,-2.54818,-0.67074,0.929515,-0.759447,11.0039,7.58639,11.0447,7.73185,-0.752677,0.124016,0.110346,0.0102278,0.000628651,0,0.362677,0,bias
0,19.52,13.4342,-2.55985,-0.685929,0.924014,-0.759192,10.9483,7.53196,11.0447,7.42505,-0.769374,0.123793,0.110128,0.0102278,0.000628651,0,0.362677,0,bias
0,19.54,13.4484,-2.57166,-0.701113,0.918516,-0.758745,10.8923,7.47799,10.7379,7.42505,-0.778661,0.123569,0.109912,0.0102276,0.000628651,0,0.362677,0,bias
0,19.56,13.4624,-2.58362,-0.716288,0.913023,-0.758105,10.836,7.4245,10.7379,7.42505,-0.756818,0.123344,0.109698,0.0102274,0.000628651,0,0.362677,0,bias
0,19.58,13.4761,-2.59571,-0.73145,0.907539,-0.757272,10.7793,7.37153,10.7379,7.42505,-0.74513,0.123117,0.109486,0.0102272,0.000628651,0,0.362677,0,bias
0,19.6,13.4895,-2.60794,-0.746596,0.902066,-0.756247,10.7222,7.31911,10.7379,7.42505,-0.759512,0.122889,0.109276,0.0102269,0.000628651,0,0.362677,0,bias
0,19.62,13.5026,-2.62029,-0.76172,0.896607,-0.755028,10.6649,7.26726,10.4311,7.11826,-0.753789,0.12266,0.109069,0.0102265,0.000628651,0,0.362677,0,bias
0,19.64,13.5155,-2.63276,-0.776821,0.891165,-0.753615,10.6073,7.21601,10.7379,7.11826,-0.747236,0.122429,0.108864,0.0102261,0.000628651,0,0.362677,0,bias
0,19.66,13.5281,-2.64535,-0.791893,0.885742,-0.75201,10.5494,7.16539,10.7379,7.42505,-0.750939,0.122198,0.108662,0.0102256,0.000628651,0,0.362677,0,bias
0,19.68,13.5405,-2.65805,-0.806934,0.880341,-0.750212,10.4914,7.11544,10.4311,7.42505,-0.753997,0.121966,0.108462,0.0102251,0.000628651,0,0.362677,0,bias
0,19.7,13.5526,-2.67086,-0.821938,0.874966,-0.748221,10.4332,7.06617,10.4311,7.11826,-0.738364,0.121733,0.108265,0.0102245,0.000628651,0,0.362677,0,bias
0,19.72,13.5644,-2.68377,-0.836902,0.869619,-0.746039,10.3748,7.01761,10.4311,7.11826,-0.748294,0.121499,0.10807,0.0102238,0.000628651,0,0.362677,0,bias
0,19.74,13.5759,-2.69677,-0.851823,0.864303,-0.743664,10.3163,6.96979,10.4311,7.11826,-0.747331,0.121265,0.107879,0.0102231,0.000628651,0,0.362677,0,bias
0,19.76,13.5872,-2.70986,-0.866696,0.859021,-0.741099,10.2577,6.92273,10.1243,7.11826,-0.724017,0.121031,0.107691,0.0102223,0.000628651,0,0.362677,0,bias
0,19.78,13.5982,-2.72304,-0.881518,0.853774,-0.738343,10.199,6.87647,10.4311,7.11826,-0.730643,0.120796,0.107506,0.0102215,0.000628651,0,0.362677,0,bias
0,19.8,13.609,-2.73629,-0.896285,0.848567,-0.735398,10.1403,6.83103,10.1243,6.81146,-0.740729,0.120561,0.107324,0.0102206,0.000628651,0,0.362677,0,bias
0,19.82,13.6195,-2.74962,-0.910993,0.843402,-0.732264,10.0816,6.78643,10.1243,7.11826,-0.725722,0.120326,0.107146,0.0102197,0.000628651,0,0.362677,0,bias
0,19.84,13.6297,-2.76303,-0.925638,0.838281,-0.728943,10.0229,6.74269,10.1243,6.81146,-0.742009,0.120092,0.106971,0.0102187,0.000628651,0,0.362677,0,bias
0,19.86,13.6397,-2.7765,-0.940217,0.833208,-0.725435,9.96431,6.69985,9.81748,6.81146,-0.714348,0.119857,0.106799,0.0102176,0.000628651,0,0.362677,0,bias
0,19.88,13.6495,-2.79003,-0.954726,0.828184,-0.721743,9.90576,6.65792,9.81748,6.81146,-0.740345,0.119623,0.106632,0.0102165,0.000628651,0,0.362677,0,bias
0,19.9,13.6589,-2.80361,-0.969161,0.823213,-0.717866,9.84733,6.61693,9.81748,6.81146,-0.719281,0.119389,0.106468,0.0102154,0.000628651,0,0.362677,0,bias
0,19.92,13.6682,-2.81725,-0.983518,0.818297,-0.713808,9.78904,6.57691,9.81748,6.81146,-0.712672,0.119156,0.106308,0.0102141,0.000628651,0,0.362677,0,bias
0,19.94,13.6771,-2.83094,-0.997794,0.813439,-0.709568,9.73092,6.53787,9.81748,6.50466,-0.721076,0.118924,0.106151,0.0102129,0.000628651,0,0.362677,0,bias
0,19.96,13.6858,-2.84467,-1.01199,0.808642,-0.70515,9.67301,6.49983,9.51068,6.81146,-0.721448,0.118692,0.105999,0.0102115,0.000628651,0,0.362677,0,bias
0,19.98,13.6943,-2.85845,-1.02609,0.803907,-0.700554,9.61532,6.46282,9.51068,6.50466,-0.703892,0.118461,0.105851,0.0102102,0.000628651,0,0.362677,0,bias
